,municipio,codEstacao,uf,nomeEstacao,latitude,longitude,datahora,valorMedida,semana,hora,data
340821,SÃO PAULO,355030811A,SP,AC Santana,"-23,50248","-46,628836",2025-01-01 00:10:00,0.0,1,0,2025-01-01
340822,SÃO PAULO,355030811A,SP,AC Santana,"-23,50248","-46,628836",2025-01-01 01:10:00,0.0,1,1,2025-01-01
340823,SÃO PAULO,355030811A,SP,AC Santana,"-23,50248","-46,628836",2025-01-01 02:10:00,0.0,1,2,2025-01-01
340824,SÃO PAULO,355030811A,SP,AC Santana,"-23,50248","-46,628836",2025-01-01 03:10:00,0.0,1,3,2025-01-01
340825,SÃO PAULO,355030811A,SP,AC Santana,"-23,50248","-46,628836",2025-01-01 04:10:00,0.0,1,4,2025-01-01
340826,SÃO PAULO,355030811A,SP,AC Santana,"-23,50248","-46,628836",2025-01-01 05:10:00,0.0,1,5,2025-01-01
340827,SÃO PAULO,355030811A,SP,AC Santana,"-23,50248","-46,628836",2025-01-01 06:10:00,0.0,1,6,2025-01-01
340828,SÃO PAULO,355030811A,SP,AC Santana,"-23,50248","-46,628836",2025-01-01 07:10:00,0.0,1,7,2025-01-01
340829,SÃO PAULO,355030811A,SP,AC Santana,"-23,50248","-46,628836",2025-01-01 08:10:00,0.0,1,8,2025-01-01
340830,SÃO PAULO,355030811A,SP,AC Santana,"-23,50248","-46,628836",2025-01-01 09:10:00,0.0,1,9,2025-01-01
340831,SÃO PAULO,355030811A,SP,AC Santana,"-23,50248","-46,628836",2025-01-01 10:10:00,0.0,1,10,2025-01-01
340832,SÃO PAULO,355030811A,SP,AC Santana,"-23,50248","-46,628836",2025-01-01 11:10:00,0.0,1,11,2025-01-01
340833,SÃO PAULO,355030811A,SP,AC Santana,"-23,50248","-46,628836",2025-01-01 12:10:00,0.0,1,12,2025-01-01
340834,SÃO PAULO,355030811A,SP,AC Santana,"-23,50248","-46,628836",2025-01-01 13:10:00,0.0,1,13,2025-01-01
340835,SÃO PAULO,355030811A,SP,AC Santana,"-23,50248","-46,628836",2025-01-01 14:10:00,0.0,1,14,2025-01-01
340836,SÃO PAULO,355030811A,SP,AC Santana,"-23,50248","-46,628836",2025-01-01 15:10:00,0.0,1,15,2025-01-01
340837,SÃO PAULO,355030811A,SP,AC Santana,"-23,50248","-46,628836",2025-01-01 16:10:00,0.0,1,16,2025-01-01
340838,SÃO PAULO,355030811A,SP,AC Santana,"-23,50248","-46,628836",2025-01-01 17:10:00,0.0,1,17,2025-01-01
340839,SÃO PAULO,355030811A,SP,AC Santana,"-23,50248","-46,628836",2025-01-01 18:10:00,0.0,1,18,2025-01-01
340840,SÃO PAULO,355030811A,SP,AC Santana,"-23,50248","-46,628836",2025-01-01 19:10:00,0.0,1,19,2025-01-01
340841,SÃO PAULO,355030811A,SP,AC Santana,"-23,50248","-46,628836",2025-01-01 20:10:00,0.0,1,20,2025-01-01
340842,SÃO PAULO,355030811A,SP,AC Santana,"-23,50248","-46,628836",2025-01-01 21:10:00,0.0,1,21,2025-01-01
340843,SÃO PAULO,355030811A,SP,AC Santana,"-23,50248","-46,628836",2025-01-01 22:10:00,0.0,1,22,2025-01-01
340844,SÃO PAULO,355030811A,SP,AC Santana,"-23,50248","-46,628836",2025-01-01 23:10:00,0.0,1,23,2025-01-01
340845,SÃO PAULO,355030811A,SP,AC Santana,"-23,50248","-46,628836",2025-01-02 00:10:00,0.0,1,0,2025-01-02
340846,SÃO PAULO,355030811A,SP,AC Santana,"-23,50248","-46,628836",2025-01-02 00:30:00,0.2,1,0,2025-01-02
340847,SÃO PAULO,355030811A,SP,AC Santana,"-23,50248","-46,628836",2025-01-02 01:10:00,0.0,1,1,2025-01-02
340848,SÃO PAULO,355030811A,SP,AC Santana,"-23,50248","-46,628836",2025-01-02 02:10:00,0.0,1,2,2025-01-02
340849,SÃO PAULO,355030811A,SP,AC Santana,"-23,50248","-46,628836",2025-01-02 03:10:00,0.0,1,3,2025-01-02
340850,SÃO PAULO,355030811A,SP,AC Santana,"-23,50248","-46,628836",2025-01-02 04:10:00,0.0,1,4,2025-01-02
340851,SÃO PAULO,355030811A,SP,AC Santana,"-23,50248","-46,628836",2025-01-02 05:10:00,0.0,1,5,2025-01-02
340852,SÃO PAULO,355030811A,SP,AC Santana,"-23,50248","-46,628836",2025-01-02 06:10:00,0.0,1,6,2025-01-02
340853,SÃO PAULO,355030811A,SP,AC Santana,"-23,50248","-46,628836",2025-01-02 07:10:00,0.0,1,7,2025-01-02
340854,SÃO PAULO,355030811A,SP,AC Santana,"-23,50248","-46,628836",2025-01-02 08:10:00,0.0,1,8,2025-01-02
340855,SÃO PAULO,355030811A,SP,AC Santana,"-23,50248","-46,628836",2025-01-02 09:10:00,0.0,1,9,2025-01-02
340856,SÃO PAULO,355030811A,SP,AC Santana,"-23,50248","-46,628836",2025-01-02 10:10:00,0.0,1,10,2025-01-02
340857,SÃO PAULO,355030811A,SP,AC Santana,"-23,50248","-46,628836",2025-01-02 11:10:00,0.0,1,11,2025-01-02
340858,SÃO PAULO,355030811A,SP,AC Santana,"-23,50248","-46,628836",2025-01-02 12:10:00,0.0,1,12,2025-01-02
340859,SÃO PAULO,355030811A,SP,AC Santana,"-23,50248","-46,628836",2025-01-02 13:10:00,0.0,1,13,2025-01-02
340860,SÃO PAULO,355030811A,SP,AC Santana,"-23,50248","-46,628836",2025-01-02 14:10:00,0.0,1,14,2025-01-02
340861,SÃO PAULO,355030811A,SP,AC Santana,"-23,50248","-46,628836",2025-01-02 15:10:00,0.0,1,15,2025-01-02
340862,SÃO PAULO,355030811A,SP,AC Santana,"-23,50248","-46,628836",2025-01-02 16:10:00,0.0,1,16,2025-01-02
340863,SÃO PAULO,355030811A,SP,AC Santana,"-23,50248","-46,628836",2025-01-02 17:10:00,0.0,1,17,2025-01-02
340864,SÃO PAULO,355030811A,SP,AC Santana,"-23,50248","-46,628836",2025-01-02 18:10:00,0.0,1,18,2025-01-02
340865,SÃO PAULO,355030811A,SP,AC Santana,"-23,50248","-46,628836",2025-01-02 19:10:00,0.0,1,19,2025-01-02
340866,SÃO PAULO,355030811A,SP,AC Santana,"-23,50248","-46,628836",2025-01-02 20:10:00,0.0,1,20,2025-01-02
340867,SÃO PAULO,355030811A,SP,AC Santana,"-23,50248","-46,628836",2025-01-02 21:10:00,0.0,1,21,2025-01-02
340868,SÃO PAULO,355030811A,SP,AC Santana,"-23,50248","-46,628836",2025-01-02 22:10:00,0.0,1,22,2025-01-02
340869,SÃO PAULO,355030811A,SP,AC Santana,"-23,50248","-46,628836",2025-01-02 23:00:00,0.2,1,23,2025-01-02
340870,SÃO PAULO,355030811A,SP,AC Santana,"-23,50248","-46,628836",2025-01-02 23:10:00,0.2,1,23,2025-01-02
340871,SÃO PAULO,355030811A,SP,AC Santana,"-23,50248","-46,628836",2025-01-03 00:10:00,0.0,1,0,2025-01-03
340872,SÃO PAULO,355030811A,SP,AC Santana,"-23,50248","-46,628836",2025-01-03 00:30:00,0.2,1,0,2025-01-03
340873,SÃO PAULO,355030811A,SP,AC Santana,"-23,50248","-46,628836",2025-01-03 01:10:00,0.0,1,1,2025-01-03
340874,SÃO PAULO,355030811A,SP,AC Santana,"-23,50248","-46,628836",2025-01-03 02:10:00,0.0,1,2,2025-01-03
340875,SÃO PAULO,355030811A,SP,AC Santana,"-23,50248","-46,628836",2025-01-03 03:10:00,0.0,1,3,2025-01-03
340876,SÃO PAULO,355030811A,SP,AC Santana,"-23,50248","-46,628836",2025-01-03 04:10:00,0.0,1,4,2025-01-03
340877,SÃO PAULO,355030811A,SP,AC Santana,"-23,50248","-46,628836",2025-01-03 05:10:00,0.0,1,5,2025-01-03
340878,SÃO PAULO,355030811A,SP,AC Santana,"-23,50248","-46,628836",2025-01-03 06:10:00,0.0,1,6,2025-01-03
340879,SÃO PAULO,355030811A,SP,AC Santana,"-23,50248","-46,628836",2025-01-03 07:10:00,0.0,1,7,2025-01-03
340880,SÃO PAULO,355030811A,SP,AC Santana,"-23,50248","-46,628836",2025-01-03 08:10:00,0.0,1,8,2025-01-03
340881,SÃO PAULO,355030811A,SP,AC Santana,"-23,50248","-46,628836",2025-01-03 09:10:00,0.0,1,9,2025-01-03
340882,SÃO PAULO,355030811A,SP,AC Santana,"-23,50248","-46,628836",2025-01-03 10:10:00,0.0,1,10,2025-01-03
340883,SÃO PAULO,355030811A,SP,AC Santana,"-23,50248","-46,628836",2025-01-03 11:10:00,0.0,1,11,2025-01-03
340884,SÃO PAULO,355030811A,SP,AC Santana,"-23,50248","-46,628836",2025-01-03 12:10:00,0.0,1,12,2025-01-03
340885,SÃO PAULO,355030811A,SP,AC Santana,"-23,50248","-46,628836",2025-01-03 13:10:00,0.0,1,13,2025-01-03
340886,SÃO PAULO,355030811A,SP,AC Santana,"-23,50248","-46,628836",2025-01-03 14:10:00,0.0,1,14,2025-01-03
340887,SÃO PAULO,355030811A,SP,AC Santana,"-23,50248","-46,628836",2025-01-03 15:10:00,0.0,1,15,2025-01-03
340888,SÃO PAULO,355030811A,SP,AC Santana,"-23,50248","-46,628836",2025-01-03 16:10:00,0.0,1,16,2025-01-03
340889,SÃO PAULO,355030811A,SP,AC Santana,"-23,50248","-46,628836",2025-01-03 17:10:00,0.0,1,17,2025-01-03
340890,SÃO PAULO,355030811A,SP,AC Santana,"-23,50248","-46,628836",2025-01-03 18:10:00,0.0,1,18,2025-01-03
340891,SÃO PAULO,355030811A,SP,AC Santana,"-23,50248","-46,628836",2025-01-03 18:50:00,0.79,1,18,2025-01-03
340892,SÃO PAULO,355030811A,SP,AC Santana,"-23,50248","-46,628836",2025-01-03 19:00:00,6.49,1,19,2025-01-03
340893,SÃO PAULO,355030811A,SP,AC Santana,"-23,50248","-46,628836",2025-01-03 19:10:00,2.75,1,19,2025-01-03
340894,SÃO PAULO,355030811A,SP,AC Santana,"-23,50248","-46,628836",2025-01-03 19:20:00,1.37,1,19,2025-01-03
340895,SÃO PAULO,355030811A,SP,AC Santana,"-23,50248","-46,628836",2025-01-03 19:30:00,0.98,1,19,2025-01-03
340896,SÃO PAULO,355030811A,SP,AC Santana,"-23,50248","-46,628836",2025-01-03 19:40:00,0.39,1,19,2025-01-03
340897,SÃO PAULO,355030811A,SP,AC Santana,"-23,50248","-46,628836",2025-01-03 20:10:00,0.0,1,20,2025-01-03
340898,SÃO PAULO,355030811A,SP,AC Santana,"-23,50248","-46,628836",2025-01-03 21:10:00,0.0,1,21,2025-01-03
340899,SÃO PAULO,355030811A,SP,AC Santana,"-23,50248","-46,628836",2025-01-03 22:10:00,0.0,1,22,2025-01-03
340900,SÃO PAULO,355030811A,SP,AC Santana,"-23,50248","-46,628836",2025-01-03 23:10:00,0.0,1,23,2025-01-03
340901,SÃO PAULO,355030811A,SP,AC Santana,"-23,50248","-46,628836",2025-01-04 00:10:00,0.0,1,0,2025-01-04
340902,SÃO PAULO,355030811A,SP,AC Santana,"-23,50248","-46,628836",2025-01-04 01:10:00,0.0,1,1,2025-01-04
340903,SÃO PAULO,355030811A,SP,AC Santana,"-23,50248","-46,628836",2025-01-04 02:10:00,0.0,1,2,2025-01-04
340904,SÃO PAULO,355030811A,SP,AC Santana,"-23,50248","-46,628836",2025-01-04 03:10:00,0.0,1,3,2025-01-04
340905,SÃO PAULO,355030811A,SP,AC Santana,"-23,50248","-46,628836",2025-01-04 04:10:00,0.0,1,4,2025-01-04
340906,SÃO PAULO,355030811A,SP,AC Santana,"-23,50248","-46,628836",2025-01-04 05:10:00,0.0,1,5,2025-01-04
340907,SÃO PAULO,355030811A,SP,AC Santana,"-23,50248","-46,628836",2025-01-04 06:10:00,0.0,1,6,2025-01-04
340908,SÃO PAULO,355030811A,SP,AC Santana,"-23,50248","-46,628836",2025-01-04 07:10:00,0.0,1,7,2025-01-04
340909,SÃO PAULO,355030811A,SP,AC Santana,"-23,50248","-46,628836",2025-01-04 07:40:00,0.2,1,7,2025-01-04
340910,SÃO PAULO,355030811A,SP,AC Santana,"-23,50248","-46,628836",2025-01-04 08:00:00,0.2,1,8,2025-01-04
340911,SÃO PAULO,355030811A,SP,AC Santana,"-23,50248","-46,628836",2025-01-04 08:10:00,0.0,1,8,2025-01-04
340912,SÃO PAULO,355030811A,SP,AC Santana,"-23,50248","-46,628836",2025-01-04 09:10:00,0.0,1,9,2025-01-04
340913,SÃO PAULO,355030811A,SP,AC Santana,"-23,50248","-46,628836",2025-01-04 10:10:00,0.0,1,10,2025-01-04
340914,SÃO PAULO,355030811A,SP,AC Santana,"-23,50248","-46,628836",2025-01-04 11:10:00,0.0,1,11,2025-01-04
340915,SÃO PAULO,355030811A,SP,AC Santana,"-23,50248","-46,628836",2025-01-04 12:10:00,0.0,1,12,2025-01-04
340916,SÃO PAULO,355030811A,SP,AC Santana,"-23,50248","-46,628836",2025-01-04 13:10:00,0.0,1,13,2025-01-04
340917,SÃO PAULO,355030811A,SP,AC Santana,"-23,50248","-46,628836",2025-01-04 14:10:00,0.0,1,14,2025-01-04
340918,SÃO PAULO,355030811A,SP,AC Santana,"-23,50248","-46,628836",2025-01-04 15:10:00,0.0,1,15,2025-01-04
340919,SÃO PAULO,355030811A,SP,AC Santana,"-23,50248","-46,628836",2025-01-04 16:10:00,0.0,1,16,2025-01-04
340920,SÃO PAULO,355030811A,SP,AC Santana,"-23,50248","-46,628836",2025-01-04 17:10:00,0.0,1,17,2025-01-04
340921,SÃO PAULO,355030811A,SP,AC Santana,"-23,50248","-46,628836",2025-01-04 18:10:00,0.0,1,18,2025-01-04
340922,SÃO PAULO,355030811A,SP,AC Santana,"-23,50248","-46,628836",2025-01-04 19:10:00,0.0,1,19,2025-01-04
340923,SÃO PAULO,355030811A,SP,AC Santana,"-23,50248","-46,628836",2025-01-04 20:10:00,0.0,1,20,2025-01-04
340924,SÃO PAULO,355030811A,SP,AC Santana,"-23,50248","-46,628836",2025-01-04 21:10:00,0.0,1,21,2025-01-04
340925,SÃO PAULO,355030811A,SP,AC Santana,"-23,50248","-46,628836",2025-01-04 22:10:00,0.0,1,22,2025-01-04
340926,SÃO PAULO,355030811A,SP,AC Santana,"-23,50248","-46,628836",2025-01-04 23:10:00,0.0,1,23,2025-01-04
340927,SÃO PAULO,355030811A,SP,AC Santana,"-23,50248","-46,628836",2025-01-04 23:50:00,0.2,1,23,2025-01-04
340928,SÃO PAULO,355030811A,SP,AC Santana,"-23,50248","-46,628836",2025-01-05 00:10:00,0.0,1,0,2025-01-05
340929,SÃO PAULO,355030811A,SP,AC Santana,"-23,50248","-46,628836",2025-01-05 00:20:00,0.2,1,0,2025-01-05
340930,SÃO PAULO,355030811A,SP,AC Santana,"-23,50248","-46,628836",2025-01-05 00:30:00,0.39,1,0,2025-01-05
340931,SÃO PAULO,355030811A,SP,AC Santana,"-23,50248","-46,628836",2025-01-05 00:40:00,0.59,1,0,2025-01-05
340932,SÃO PAULO,355030811A,SP,AC Santana,"-23,50248","-46,628836",2025-01-05 00:50:00,0.2,1,0,2025-01-05
340933,SÃO PAULO,355030811A,SP,AC Santana,"-23,50248","-46,628836",2025-01-05 01:10:00,0.0,1,1,2025-01-05
340934,SÃO PAULO,355030811A,SP,AC Santana,"-23,50248","-46,628836",2025-01-05 02:10:00,0.0,1,2,2025-01-05
340935,SÃO PAULO,355030811A,SP,AC Santana,"-23,50248","-46,628836",2025-01-05 03:10:00,0.0,1,3,2025-01-05
340936,SÃO PAULO,355030811A,SP,AC Santana,"-23,50248","-46,628836",2025-01-05 04:10:00,0.0,1,4,2025-01-05
340937,SÃO PAULO,355030811A,SP,AC Santana,"-23,50248","-46,628836",2025-01-05 05:10:00,0.0,1,5,2025-01-05
340938,SÃO PAULO,355030811A,SP,AC Santana,"-23,50248","-46,628836",2025-01-05 06:10:00,0.0,1,6,2025-01-05
340939,SÃO PAULO,355030811A,SP,AC Santana,"-23,50248","-46,628836",2025-01-05 07:10:00,0.0,1,7,2025-01-05
340940,SÃO PAULO,355030811A,SP,AC Santana,"-23,50248","-46,628836",2025-01-05 08:10:00,0.0,1,8,2025-01-05
340941,SÃO PAULO,355030811A,SP,AC Santana,"-23,50248","-46,628836",2025-01-05 09:10:00,0.0,1,9,2025-01-05
340942,SÃO PAULO,355030811A,SP,AC Santana,"-23,50248","-46,628836",2025-01-05 10:10:00,0.0,1,10,2025-01-05
340943,SÃO PAULO,355030811A,SP,AC Santana,"-23,50248","-46,628836",2025-01-05 11:10:00,0.0,1,11,2025-01-05
340944,SÃO PAULO,355030811A,SP,AC Santana,"-23,50248","-46,628836",2025-01-05 12:10:00,0.0,1,12,2025-01-05
340945,SÃO PAULO,355030811A,SP,AC Santana,"-23,50248","-46,628836",2025-01-05 13:10:00,0.0,1,13,2025-01-05
340946,SÃO PAULO,355030811A,SP,AC Santana,"-23,50248","-46,628836",2025-01-05 14:10:00,0.0,1,14,2025-01-05
340947,SÃO PAULO,355030811A,SP,AC Santana,"-23,50248","-46,628836",2025-01-05 15:10:00,0.0,1,15,2025-01-05
340948,SÃO PAULO,355030811A,SP,AC Santana,"-23,50248","-46,628836",2025-01-05 16:10:00,0.0,1,16,2025-01-05
340949,SÃO PAULO,355030811A,SP,AC Santana,"-23,50248","-46,628836",2025-01-05 17:10:00,0.0,1,17,2025-01-05
340950,SÃO PAULO,355030811A,SP,AC Santana,"-23,50248","-46,628836",2025-01-05 18:10:00,0.0,1,18,2025-01-05
340951,SÃO PAULO,355030811A,SP,AC Santana,"-23,50248","-46,628836",2025-01-05 19:10:00,0.0,1,19,2025-01-05
340952,SÃO PAULO,355030811A,SP,AC Santana,"-23,50248","-46,628836",2025-01-05 20:10:00,0.0,1,20,2025-01-05
340953,SÃO PAULO,355030811A,SP,AC Santana,"-23,50248","-46,628836",2025-01-05 21:10:00,0.0,1,21,2025-01-05
340954,SÃO PAULO,355030811A,SP,AC Santana,"-23,50248","-46,628836",2025-01-05 22:10:00,0.0,1,22,2025-01-05
340955,SÃO PAULO,355030811A,SP,AC Santana,"-23,50248","-46,628836",2025-01-05 23:10:00,0.0,1,23,2025-01-05
340956,SÃO PAULO,355030811A,SP,AC Santana,"-23,50248","-46,628836",2025-01-06 00:10:00,0.0,2,0,2025-01-06
340957,SÃO PAULO,355030811A,SP,AC Santana,"-23,50248","-46,628836",2025-01-06 01:10:00,0.0,2,1,2025-01-06
340958,SÃO PAULO,355030811A,SP,AC Santana,"-23,50248","-46,628836",2025-01-06 02:10:00,0.0,2,2,2025-01-06
340959,SÃO PAULO,355030811A,SP,AC Santana,"-23,50248","-46,628836",2025-01-06 03:10:00,0.0,2,3,2025-01-06
340960,SÃO PAULO,355030811A,SP,AC Santana,"-23,50248","-46,628836",2025-01-06 04:10:00,0.0,2,4,2025-01-06
340961,SÃO PAULO,355030811A,SP,AC Santana,"-23,50248","-46,628836",2025-01-06 05:10:00,0.0,2,5,2025-01-06
340962,SÃO PAULO,355030811A,SP,AC Santana,"-23,50248","-46,628836",2025-01-06 06:10:00,0.0,2,6,2025-01-06
340963,SÃO PAULO,355030811A,SP,AC Santana,"-23,50248","-46,628836",2025-01-06 07:10:00,0.0,2,7,2025-01-06
340964,SÃO PAULO,355030811A,SP,AC Santana,"-23,50248","-46,628836",2025-01-06 08:10:00,0.0,2,8,2025-01-06
340965,SÃO PAULO,355030811A,SP,AC Santana,"-23,50248","-46,628836",2025-01-06 09:10:00,0.0,2,9,2025-01-06
340966,SÃO PAULO,355030811A,SP,AC Santana,"-23,50248","-46,628836",2025-01-06 10:10:00,0.0,2,10,2025-01-06
340967,SÃO PAULO,355030811A,SP,AC Santana,"-23,50248","-46,628836",2025-01-06 11:10:00,0.0,2,11,2025-01-06
340968,SÃO PAULO,355030811A,SP,AC Santana,"-23,50248","-46,628836",2025-01-06 12:10:00,0.0,2,12,2025-01-06
340969,SÃO PAULO,355030811A,SP,AC Santana,"-23,50248","-46,628836",2025-01-06 13:10:00,0.0,2,13,2025-01-06
340970,SÃO PAULO,355030811A,SP,AC Santana,"-23,50248","-46,628836",2025-01-06 14:10:00,0.0,2,14,2025-01-06
340971,SÃO PAULO,355030811A,SP,AC Santana,"-23,50248","-46,628836",2025-01-06 15:10:00,0.0,2,15,2025-01-06
340972,SÃO PAULO,355030811A,SP,AC Santana,"-23,50248","-46,628836",2025-01-06 16:10:00,0.0,2,16,2025-01-06
340973,SÃO PAULO,355030811A,SP,AC Santana,"-23,50248","-46,628836",2025-01-06 17:10:00,0.0,2,17,2025-01-06
340974,SÃO PAULO,355030811A,SP,AC Santana,"-23,50248","-46,628836",2025-01-06 18:10:00,0.0,2,18,2025-01-06
340975,SÃO PAULO,355030811A,SP,AC Santana,"-23,50248","-46,628836",2025-01-06 19:10:00,0.0,2,19,2025-01-06
340976,SÃO PAULO,355030811A,SP,AC Santana,"-23,50248","-46,628836",2025-01-06 20:10:00,0.0,2,20,2025-01-06
340977,SÃO PAULO,355030811A,SP,AC Santana,"-23,50248","-46,628836",2025-01-06 21:10:00,0.0,2,21,2025-01-06
340978,SÃO PAULO,355030811A,SP,AC Santana,"-23,50248","-46,628836",2025-01-06 22:10:00,0.0,2,22,2025-01-06
340979,SÃO PAULO,355030811A,SP,AC Santana,"-23,50248","-46,628836",2025-01-06 23:10:00,0.0,2,23,2025-01-06
340980,SÃO PAULO,355030811A,SP,AC Santana,"-23,50248","-46,628836",2025-01-07 00:10:00,0.0,2,0,2025-01-07
340981,SÃO PAULO,355030811A,SP,AC Santana,"-23,50248","-46,628836",2025-01-07 01:10:00,0.0,2,1,2025-01-07
340982,SÃO PAULO,355030811A,SP,AC Santana,"-23,50248","-46,628836",2025-01-07 02:10:00,0.0,2,2,2025-01-07
340983,SÃO PAULO,355030811A,SP,AC Santana,"-23,50248","-46,628836",2025-01-07 03:10:00,0.0,2,3,2025-01-07
340984,SÃO PAULO,355030811A,SP,AC Santana,"-23,50248","-46,628836",2025-01-07 04:10:00,0.0,2,4,2025-01-07
340985,SÃO PAULO,355030811A,SP,AC Santana,"-23,50248","-46,628836",2025-01-07 05:10:00,0.0,2,5,2025-01-07
340986,SÃO PAULO,355030811A,SP,AC Santana,"-23,50248","-46,628836",2025-01-07 06:10:00,0.0,2,6,2025-01-07
340987,SÃO PAULO,355030811A,SP,AC Santana,"-23,50248","-46,628836",2025-01-07 07:10:00,0.0,2,7,2025-01-07
340988,SÃO PAULO,355030811A,SP,AC Santana,"-23,50248","-46,628836",2025-01-07 08:10:00,0.0,2,8,2025-01-07
340989,SÃO PAULO,355030811A,SP,AC Santana,"-23,50248","-46,628836",2025-01-07 09:10:00,0.0,2,9,2025-01-07
340990,SÃO PAULO,355030811A,SP,AC Santana,"-23,50248","-46,628836",2025-01-07 10:10:00,0.0,2,10,2025-01-07
340991,SÃO PAULO,355030811A,SP,AC Santana,"-23,50248","-46,628836",2025-01-07 11:10:00,0.0,2,11,2025-01-07
340992,SÃO PAULO,355030811A,SP,AC Santana,"-23,50248","-46,628836",2025-01-07 12:10:00,0.0,2,12,2025-01-07
340993,SÃO PAULO,355030811A,SP,AC Santana,"-23,50248","-46,628836",2025-01-07 13:10:00,0.0,2,13,2025-01-07
340994,SÃO PAULO,355030811A,SP,AC Santana,"-23,50248","-46,628836",2025-01-07 14:10:00,0.0,2,14,2025-01-07
340995,SÃO PAULO,355030811A,SP,AC Santana,"-23,50248","-46,628836",2025-01-07 15:10:00,0.0,2,15,2025-01-07
340996,SÃO PAULO,355030811A,SP,AC Santana,"-23,50248","-46,628836",2025-01-07 16:10:00,0.0,2,16,2025-01-07
340997,SÃO PAULO,355030811A,SP,AC Santana,"-23,50248","-46,628836",2025-01-07 16:50:00,0.59,2,16,2025-01-07
340998,SÃO PAULO,355030811A,SP,AC Santana,"-23,50248","-46,628836",2025-01-07 17:00:00,3.35,2,17,2025-01-07
340999,SÃO PAULO,355030811A,SP,AC Santana,"-23,50248","-46,628836",2025-01-07 17:10:00,0.2,2,17,2025-01-07
341000,SÃO PAULO,355030811A,SP,AC Santana,"-23,50248","-46,628836",2025-01-07 18:10:00,0.0,2,18,2025-01-07
341001,SÃO PAULO,355030811A,SP,AC Santana,"-23,50248","-46,628836",2025-01-07 18:20:00,1.37,2,18,2025-01-07
341002,SÃO PAULO,355030811A,SP,AC Santana,"-23,50248","-46,628836",2025-01-07 18:30:00,0.98,2,18,2025-01-07
341003,SÃO PAULO,355030811A,SP,AC Santana,"-23,50248","-46,628836",2025-01-07 18:40:00,0.59,2,18,2025-01-07
341004,SÃO PAULO,355030811A,SP,AC Santana,"-23,50248","-46,628836",2025-01-07 18:50:00,0.39,2,18,2025-01-07
341005,SÃO PAULO,355030811A,SP,AC Santana,"-23,50248","-46,628836",2025-01-07 19:00:00,0.2,2,19,2025-01-07
341006,SÃO PAULO,355030811A,SP,AC Santana,"-23,50248","-46,628836",2025-01-07 19:10:00,0.0,2,19,2025-01-07
341007,SÃO PAULO,355030811A,SP,AC Santana,"-23,50248","-46,628836",2025-01-07 20:10:00,0.0,2,20,2025-01-07
341008,SÃO PAULO,355030811A,SP,AC Santana,"-23,50248","-46,628836",2025-01-07 21:10:00,0.0,2,21,2025-01-07
341009,SÃO PAULO,355030811A,SP,AC Santana,"-23,50248","-46,628836",2025-01-07 22:10:00,0.0,2,22,2025-01-07
341010,SÃO PAULO,355030811A,SP,AC Santana,"-23,50248","-46,628836",2025-01-07 23:10:00,0.0,2,23,2025-01-07
341011,SÃO PAULO,355030811A,SP,AC Santana,"-23,50248","-46,628836",2025-01-08 00:10:00,0.0,2,0,2025-01-08
341012,SÃO PAULO,355030811A,SP,AC Santana,"-23,50248","-46,628836",2025-01-08 01:10:00,0.0,2,1,2025-01-08
341013,SÃO PAULO,355030811A,SP,AC Santana,"-23,50248","-46,628836",2025-01-08 02:10:00,0.0,2,2,2025-01-08
341014,SÃO PAULO,355030811A,SP,AC Santana,"-23,50248","-46,628836",2025-01-08 03:10:00,0.0,2,3,2025-01-08
341015,SÃO PAULO,355030811A,SP,AC Santana,"-23,50248","-46,628836",2025-01-08 04:10:00,0.0,2,4,2025-01-08
341016,SÃO PAULO,355030811A,SP,AC Santana,"-23,50248","-46,628836",2025-01-08 05:10:00,0.0,2,5,2025-01-08
341017,SÃO PAULO,355030811A,SP,AC Santana,"-23,50248","-46,628836",2025-01-08 06:10:00,0.0,2,6,2025-01-08
341018,SÃO PAULO,355030811A,SP,AC Santana,"-23,50248","-46,628836",2025-01-08 07:10:00,0.0,2,7,2025-01-08
341019,SÃO PAULO,355030811A,SP,AC Santana,"-23,50248","-46,628836",2025-01-08 08:10:00,0.0,2,8,2025-01-08
341020,SÃO PAULO,355030811A,SP,AC Santana,"-23,50248","-46,628836",2025-01-08 09:10:00,0.0,2,9,2025-01-08
341021,SÃO PAULO,355030811A,SP,AC Santana,"-23,50248","-46,628836",2025-01-08 10:10:00,0.0,2,10,2025-01-08
341022,SÃO PAULO,355030811A,SP,AC Santana,"-23,50248","-46,628836",2025-01-08 11:10:00,0.0,2,11,2025-01-08
341023,SÃO PAULO,355030811A,SP,AC Santana,"-23,50248","-46,628836",2025-01-08 12:10:00,0.0,2,12,2025-01-08
341024,SÃO PAULO,355030811A,SP,AC Santana,"-23,50248","-46,628836",2025-01-08 13:10:00,0.0,2,13,2025-01-08
341025,SÃO PAULO,355030811A,SP,AC Santana,"-23,50248","-46,628836",2025-01-08 14:10:00,0.0,2,14,2025-01-08
341026,SÃO PAULO,355030811A,SP,AC Santana,"-23,50248","-46,628836",2025-01-08 15:10:00,0.0,2,15,2025-01-08
341027,SÃO PAULO,355030811A,SP,AC Santana,"-23,50248","-46,628836",2025-01-08 16:10:00,0.0,2,16,2025-01-08
341028,SÃO PAULO,355030811A,SP,AC Santana,"-23,50248","-46,628836",2025-01-08 17:10:00,0.0,2,17,2025-01-08
341029,SÃO PAULO,355030811A,SP,AC Santana,"-23,50248","-46,628836",2025-01-08 18:00:00,2.56,2,18,2025-01-08
341030,SÃO PAULO,355030811A,SP,AC Santana,"-23,50248","-46,628836",2025-01-08 18:10:00,2.95,2,18,2025-01-08
341031,SÃO PAULO,355030811A,SP,AC Santana,"-23,50248","-46,628836",2025-01-08 19:10:00,0.0,2,19,2025-01-08
341032,SÃO PAULO,355030811A,SP,AC Santana,"-23,50248","-46,628836",2025-01-08 20:10:00,0.0,2,20,2025-01-08
341033,SÃO PAULO,355030811A,SP,AC Santana,"-23,50248","-46,628836",2025-01-08 21:10:00,0.0,2,21,2025-01-08
341034,SÃO PAULO,355030811A,SP,AC Santana,"-23,50248","-46,628836",2025-01-08 22:10:00,0.0,2,22,2025-01-08
341035,SÃO PAULO,355030811A,SP,AC Santana,"-23,50248","-46,628836",2025-01-08 23:10:00,0.0,2,23,2025-01-08
341036,SÃO PAULO,355030811A,SP,AC Santana,"-23,50248","-46,628836",2025-01-09 00:10:00,0.0,2,0,2025-01-09
341037,SÃO PAULO,355030811A,SP,AC Santana,"-23,50248","-46,628836",2025-01-09 01:10:00,0.0,2,1,2025-01-09
341038,SÃO PAULO,355030811A,SP,AC Santana,"-23,50248","-46,628836",2025-01-09 02:10:00,0.0,2,2,2025-01-09
341039,SÃO PAULO,355030811A,SP,AC Santana,"-23,50248","-46,628836",2025-01-09 03:10:00,0.0,2,3,2025-01-09
341040,SÃO PAULO,355030811A,SP,AC Santana,"-23,50248","-46,628836",2025-01-09 04:10:00,0.0,2,4,2025-01-09
341041,SÃO PAULO,355030811A,SP,AC Santana,"-23,50248","-46,628836",2025-01-09 05:10:00,0.0,2,5,2025-01-09
341042,SÃO PAULO,355030811A,SP,AC Santana,"-23,50248","-46,628836",2025-01-09 06:10:00,0.0,2,6,2025-01-09
341043,SÃO PAULO,355030811A,SP,AC Santana,"-23,50248","-46,628836",2025-01-09 07:10:00,0.0,2,7,2025-01-09
341044,SÃO PAULO,355030811A,SP,AC Santana,"-23,50248","-46,628836",2025-01-09 08:10:00,0.0,2,8,2025-01-09
341045,SÃO PAULO,355030811A,SP,AC Santana,"-23,50248","-46,628836",2025-01-09 09:10:00,0.0,2,9,2025-01-09
341046,SÃO PAULO,355030811A,SP,AC Santana,"-23,50248","-46,628836",2025-01-09 10:10:00,0.0,2,10,2025-01-09
341047,SÃO PAULO,355030811A,SP,AC Santana,"-23,50248","-46,628836",2025-01-09 11:10:00,0.0,2,11,2025-01-09
341048,SÃO PAULO,355030811A,SP,AC Santana,"-23,50248","-46,628836",2025-01-09 12:10:00,0.0,2,12,2025-01-09
341049,SÃO PAULO,355030811A,SP,AC Santana,"-23,50248","-46,628836",2025-01-09 13:10:00,0.0,2,13,2025-01-09
341050,SÃO PAULO,355030811A,SP,AC Santana,"-23,50248","-46,628836",2025-01-09 14:10:00,0.0,2,14,2025-01-09
341051,SÃO PAULO,355030811A,SP,AC Santana,"-23,50248","-46,628836",2025-01-09 15:10:00,0.0,2,15,2025-01-09
341052,SÃO PAULO,355030811A,SP,AC Santana,"-23,50248","-46,628836",2025-01-09 16:10:00,0.0,2,16,2025-01-09
341053,SÃO PAULO,355030811A,SP,AC Santana,"-23,50248","-46,628836",2025-01-09 17:10:00,0.0,2,17,2025-01-09
341054,SÃO PAULO,355030811A,SP,AC Santana,"-23,50248","-46,628836",2025-01-09 18:10:00,0.0,2,18,2025-01-09
341055,SÃO PAULO,355030811A,SP,AC Santana,"-23,50248","-46,628836",2025-01-09 19:10:00,0.0,2,19,2025-01-09
341056,SÃO PAULO,355030811A,SP,AC Santana,"-23,50248","-46,628836",2025-01-09 20:10:00,0.0,2,20,2025-01-09
341057,SÃO PAULO,355030811A,SP,AC Santana,"-23,50248","-46,628836",2025-01-09 21:10:00,0.0,2,21,2025-01-09
341058,SÃO PAULO,355030811A,SP,AC Santana,"-23,50248","-46,628836",2025-01-09 22:10:00,0.0,2,22,2025-01-09
341059,SÃO PAULO,355030811A,SP,AC Santana,"-23,50248","-46,628836",2025-01-09 23:10:00,0.0,2,23,2025-01-09
341060,SÃO PAULO,355030811A,SP,AC Santana,"-23,50248","-46,628836",2025-01-10 00:10:00,0.0,2,0,2025-01-10
341061,SÃO PAULO,355030811A,SP,AC Santana,"-23,50248","-46,628836",2025-01-10 01:10:00,0.0,2,1,2025-01-10
341062,SÃO PAULO,355030811A,SP,AC Santana,"-23,50248","-46,628836",2025-01-10 02:10:00,0.0,2,2,2025-01-10
341063,SÃO PAULO,355030811A,SP,AC Santana,"-23,50248","-46,628836",2025-01-10 03:10:00,0.0,2,3,2025-01-10
341064,SÃO PAULO,355030811A,SP,AC Santana,"-23,50248","-46,628836",2025-01-10 04:10:00,0.0,2,4,2025-01-10
341065,SÃO PAULO,355030811A,SP,AC Santana,"-23,50248","-46,628836",2025-01-10 05:10:00,0.0,2,5,2025-01-10
341066,SÃO PAULO,355030811A,SP,AC Santana,"-23,50248","-46,628836",2025-01-10 06:10:00,0.0,2,6,2025-01-10
341067,SÃO PAULO,355030811A,SP,AC Santana,"-23,50248","-46,628836",2025-01-10 07:10:00,0.0,2,7,2025-01-10
341068,SÃO PAULO,355030811A,SP,AC Santana,"-23,50248","-46,628836",2025-01-10 08:10:00,0.0,2,8,2025-01-10
341069,SÃO PAULO,355030811A,SP,AC Santana,"-23,50248","-46,628836",2025-01-10 09:10:00,0.0,2,9,2025-01-10
341070,SÃO PAULO,355030811A,SP,AC Santana,"-23,50248","-46,628836",2025-01-10 10:10:00,0.0,2,10,2025-01-10
341071,SÃO PAULO,355030811A,SP,AC Santana,"-23,50248","-46,628836",2025-01-10 11:10:00,0.0,2,11,2025-01-10
341072,SÃO PAULO,355030811A,SP,AC Santana,"-23,50248","-46,628836",2025-01-10 12:10:00,0.0,2,12,2025-01-10
341073,SÃO PAULO,355030811A,SP,AC Santana,"-23,50248","-46,628836",2025-01-10 13:10:00,0.0,2,13,2025-01-10
341074,SÃO PAULO,355030811A,SP,AC Santana,"-23,50248","-46,628836",2025-01-10 14:10:00,0.0,2,14,2025-01-10
341075,SÃO PAULO,355030811A,SP,AC Santana,"-23,50248","-46,628836",2025-01-10 15:10:00,0.0,2,15,2025-01-10
341076,SÃO PAULO,355030811A,SP,AC Santana,"-23,50248","-46,628836",2025-01-10 16:10:00,0.0,2,16,2025-01-10
341077,SÃO PAULO,355030811A,SP,AC Santana,"-23,50248","-46,628836",2025-01-10 17:10:00,0.0,2,17,2025-01-10
341078,SÃO PAULO,355030811A,SP,AC Santana,"-23,50248","-46,628836",2025-01-10 18:10:00,0.0,2,18,2025-01-10
341079,SÃO PAULO,355030811A,SP,AC Santana,"-23,50248","-46,628836",2025-01-10 19:10:00,0.0,2,19,2025-01-10
341080,SÃO PAULO,355030811A,SP,AC Santana,"-23,50248","-46,628836",2025-01-10 20:10:00,0.0,2,20,2025-01-10
341081,SÃO PAULO,355030811A,SP,AC Santana,"-23,50248","-46,628836",2025-01-10 21:10:00,0.0,2,21,2025-01-10
341082,SÃO PAULO,355030811A,SP,AC Santana,"-23,50248","-46,628836",2025-01-10 22:10:00,0.0,2,22,2025-01-10
341083,SÃO PAULO,355030811A,SP,AC Santana,"-23,50248","-46,628836",2025-01-10 23:10:00,0.0,2,23,2025-01-10
341084,SÃO PAULO,355030811A,SP,AC Santana,"-23,50248","-46,628836",2025-01-11 00:10:00,0.0,2,0,2025-01-11
341085,SÃO PAULO,355030811A,SP,AC Santana,"-23,50248","-46,628836",2025-01-11 01:10:00,0.0,2,1,2025-01-11
341086,SÃO PAULO,355030811A,SP,AC Santana,"-23,50248","-46,628836",2025-01-11 02:10:00,0.0,2,2,2025-01-11
341087,SÃO PAULO,355030811A,SP,AC Santana,"-23,50248","-46,628836",2025-01-11 03:10:00,0.0,2,3,2025-01-11
341088,SÃO PAULO,355030811A,SP,AC Santana,"-23,50248","-46,628836",2025-01-11 04:10:00,0.0,2,4,2025-01-11
341089,SÃO PAULO,355030811A,SP,AC Santana,"-23,50248","-46,628836",2025-01-11 05:10:00,0.0,2,5,2025-01-11
341090,SÃO PAULO,355030811A,SP,AC Santana,"-23,50248","-46,628836",2025-01-11 06:10:00,0.0,2,6,2025-01-11
341091,SÃO PAULO,355030811A,SP,AC Santana,"-23,50248","-46,628836",2025-01-11 07:10:00,0.0,2,7,2025-01-11
341092,SÃO PAULO,355030811A,SP,AC Santana,"-23,50248","-46,628836",2025-01-11 08:10:00,0.0,2,8,2025-01-11
341093,SÃO PAULO,355030811A,SP,AC Santana,"-23,50248","-46,628836",2025-01-11 09:10:00,0.0,2,9,2025-01-11
341094,SÃO PAULO,355030811A,SP,AC Santana,"-23,50248","-46,628836",2025-01-11 10:10:00,0.0,2,10,2025-01-11
341095,SÃO PAULO,355030811A,SP,AC Santana,"-23,50248","-46,628836",2025-01-11 11:10:00,0.0,2,11,2025-01-11
341096,SÃO PAULO,355030811A,SP,AC Santana,"-23,50248","-46,628836",2025-01-11 12:10:00,0.0,2,12,2025-01-11
341097,SÃO PAULO,355030811A,SP,AC Santana,"-23,50248","-46,628836",2025-01-11 13:10:00,0.0,2,13,2025-01-11
341098,SÃO PAULO,355030811A,SP,AC Santana,"-23,50248","-46,628836",2025-01-11 14:10:00,0.0,2,14,2025-01-11
341099,SÃO PAULO,355030811A,SP,AC Santana,"-23,50248","-46,628836",2025-01-11 15:10:00,0.0,2,15,2025-01-11
341100,SÃO PAULO,355030811A,SP,AC Santana,"-23,50248","-46,628836",2025-01-11 16:10:00,0.0,2,16,2025-01-11
341101,SÃO PAULO,355030811A,SP,AC Santana,"-23,50248","-46,628836",2025-01-11 17:10:00,0.0,2,17,2025-01-11
341102,SÃO PAULO,355030811A,SP,AC Santana,"-23,50248","-46,628836",2025-01-11 18:10:00,0.0,2,18,2025-01-11
341103,SÃO PAULO,355030811A,SP,AC Santana,"-23,50248","-46,628836",2025-01-11 19:10:00,0.0,2,19,2025-01-11
341104,SÃO PAULO,355030811A,SP,AC Santana,"-23,50248","-46,628836",2025-01-11 20:10:00,0.0,2,20,2025-01-11
341105,SÃO PAULO,355030811A,SP,AC Santana,"-23,50248","-46,628836",2025-01-11 21:10:00,0.0,2,21,2025-01-11
341106,SÃO PAULO,355030811A,SP,AC Santana,"-23,50248","-46,628836",2025-01-11 22:10:00,0.0,2,22,2025-01-11
341107,SÃO PAULO,355030811A,SP,AC Santana,"-23,50248","-46,628836",2025-01-11 23:10:00,0.0,2,23,2025-01-11
341108,SÃO PAULO,355030811A,SP,AC Santana,"-23,50248","-46,628836",2025-01-12 00:10:00,0.0,2,0,2025-01-12
341109,SÃO PAULO,355030811A,SP,AC Santana,"-23,50248","-46,628836",2025-01-12 01:10:00,0.0,2,1,2025-01-12
341110,SÃO PAULO,355030811A,SP,AC Santana,"-23,50248","-46,628836",2025-01-12 02:10:00,0.0,2,2,2025-01-12
341111,SÃO PAULO,355030811A,SP,AC Santana,"-23,50248","-46,628836",2025-01-12 03:10:00,0.0,2,3,2025-01-12
341112,SÃO PAULO,355030811A,SP,AC Santana,"-23,50248","-46,628836",2025-01-12 04:10:00,0.0,2,4,2025-01-12
341113,SÃO PAULO,355030811A,SP,AC Santana,"-23,50248","-46,628836",2025-01-12 05:10:00,0.0,2,5,2025-01-12
341114,SÃO PAULO,355030811A,SP,AC Santana,"-23,50248","-46,628836",2025-01-12 06:10:00,0.0,2,6,2025-01-12
341115,SÃO PAULO,355030811A,SP,AC Santana,"-23,50248","-46,628836",2025-01-12 07:10:00,0.0,2,7,2025-01-12
341116,SÃO PAULO,355030811A,SP,AC Santana,"-23,50248","-46,628836",2025-01-12 08:10:00,0.0,2,8,2025-01-12
341117,SÃO PAULO,355030811A,SP,AC Santana,"-23,50248","-46,628836",2025-01-12 09:10:00,0.0,2,9,2025-01-12
341118,SÃO PAULO,355030811A,SP,AC Santana,"-23,50248","-46,628836",2025-01-12 10:10:00,0.0,2,10,2025-01-12
341119,SÃO PAULO,355030811A,SP,AC Santana,"-23,50248","-46,628836",2025-01-12 11:10:00,0.0,2,11,2025-01-12
341120,SÃO PAULO,355030811A,SP,AC Santana,"-23,50248","-46,628836",2025-01-12 12:10:00,0.0,2,12,2025-01-12
341121,SÃO PAULO,355030811A,SP,AC Santana,"-23,50248","-46,628836",2025-01-12 13:10:00,0.0,2,13,2025-01-12
341122,SÃO PAULO,355030811A,SP,AC Santana,"-23,50248","-46,628836",2025-01-12 14:10:00,0.0,2,14,2025-01-12
341123,SÃO PAULO,355030811A,SP,AC Santana,"-23,50248","-46,628836",2025-01-12 15:10:00,0.0,2,15,2025-01-12
341124,SÃO PAULO,355030811A,SP,AC Santana,"-23,50248","-46,628836",2025-01-12 16:10:00,0.0,2,16,2025-01-12
341125,SÃO PAULO,355030811A,SP,AC Santana,"-23,50248","-46,628836",2025-01-12 17:10:00,0.0,2,17,2025-01-12
341126,SÃO PAULO,355030811A,SP,AC Santana,"-23,50248","-46,628836",2025-01-12 18:10:00,0.0,2,18,2025-01-12
341127,SÃO PAULO,355030811A,SP,AC Santana,"-23,50248","-46,628836",2025-01-12 19:10:00,0.0,2,19,2025-01-12
341128,SÃO PAULO,355030811A,SP,AC Santana,"-23,50248","-46,628836",2025-01-12 20:10:00,0.0,2,20,2025-01-12
341129,SÃO PAULO,355030811A,SP,AC Santana,"-23,50248","-46,628836",2025-01-12 21:10:00,0.0,2,21,2025-01-12
341130,SÃO PAULO,355030811A,SP,AC Santana,"-23,50248","-46,628836",2025-01-12 22:10:00,0.0,2,22,2025-01-12
341131,SÃO PAULO,355030811A,SP,AC Santana,"-23,50248","-46,628836",2025-01-12 23:10:00,0.0,2,23,2025-01-12
341132,SÃO PAULO,355030811A,SP,AC Santana,"-23,50248","-46,628836",2025-01-13 00:10:00,0.0,3,0,2025-01-13
341133,SÃO PAULO,355030811A,SP,AC Santana,"-23,50248","-46,628836",2025-01-13 01:10:00,0.0,3,1,2025-01-13
341134,SÃO PAULO,355030811A,SP,AC Santana,"-23,50248","-46,628836",2025-01-13 02:10:00,0.0,3,2,2025-01-13
341135,SÃO PAULO,355030811A,SP,AC Santana,"-23,50248","-46,628836",2025-01-13 03:10:00,0.0,3,3,2025-01-13
341136,SÃO PAULO,355030811A,SP,AC Santana,"-23,50248","-46,628836",2025-01-13 04:10:00,0.0,3,4,2025-01-13
341137,SÃO PAULO,355030811A,SP,AC Santana,"-23,50248","-46,628836",2025-01-13 05:10:00,0.0,3,5,2025-01-13
341138,SÃO PAULO,355030811A,SP,AC Santana,"-23,50248","-46,628836",2025-01-13 06:10:00,0.0,3,6,2025-01-13
341139,SÃO PAULO,355030811A,SP,AC Santana,"-23,50248","-46,628836",2025-01-13 07:10:00,0.0,3,7,2025-01-13
341140,SÃO PAULO,355030811A,SP,AC Santana,"-23,50248","-46,628836",2025-01-13 08:10:00,0.0,3,8,2025-01-13
341141,SÃO PAULO,355030811A,SP,AC Santana,"-23,50248","-46,628836",2025-01-13 09:10:00,0.0,3,9,2025-01-13
341142,SÃO PAULO,355030811A,SP,AC Santana,"-23,50248","-46,628836",2025-01-13 10:10:00,0.0,3,10,2025-01-13
341143,SÃO PAULO,355030811A,SP,AC Santana,"-23,50248","-46,628836",2025-01-13 11:10:00,0.0,3,11,2025-01-13
341144,SÃO PAULO,355030811A,SP,AC Santana,"-23,50248","-46,628836",2025-01-13 12:10:00,0.0,3,12,2025-01-13
341145,SÃO PAULO,355030811A,SP,AC Santana,"-23,50248","-46,628836",2025-01-13 13:10:00,0.0,3,13,2025-01-13
341146,SÃO PAULO,355030811A,SP,AC Santana,"-23,50248","-46,628836",2025-01-13 14:10:00,0.0,3,14,2025-01-13
341147,SÃO PAULO,355030811A,SP,AC Santana,"-23,50248","-46,628836",2025-01-13 15:10:00,0.0,3,15,2025-01-13
341148,SÃO PAULO,355030811A,SP,AC Santana,"-23,50248","-46,628836",2025-01-13 16:10:00,0.0,3,16,2025-01-13
341149,SÃO PAULO,355030811A,SP,AC Santana,"-23,50248","-46,628836",2025-01-13 17:10:00,0.0,3,17,2025-01-13
341150,SÃO PAULO,355030811A,SP,AC Santana,"-23,50248","-46,628836",2025-01-13 18:10:00,0.0,3,18,2025-01-13
341151,SÃO PAULO,355030811A,SP,AC Santana,"-23,50248","-46,628836",2025-01-13 19:10:00,0.0,3,19,2025-01-13
341152,SÃO PAULO,355030811A,SP,AC Santana,"-23,50248","-46,628836",2025-01-13 20:10:00,0.0,3,20,2025-01-13
341153,SÃO PAULO,355030811A,SP,AC Santana,"-23,50248","-46,628836",2025-01-13 21:10:00,0.0,3,21,2025-01-13
341154,SÃO PAULO,355030811A,SP,AC Santana,"-23,50248","-46,628836",2025-01-13 22:10:00,0.0,3,22,2025-01-13
341155,SÃO PAULO,355030811A,SP,AC Santana,"-23,50248","-46,628836",2025-01-13 23:10:00,0.0,3,23,2025-01-13
341156,SÃO PAULO,355030811A,SP,AC Santana,"-23,50248","-46,628836",2025-01-14 00:10:00,0.0,3,0,2025-01-14
341157,SÃO PAULO,355030811A,SP,AC Santana,"-23,50248","-46,628836",2025-01-14 01:10:00,0.0,3,1,2025-01-14
341158,SÃO PAULO,355030811A,SP,AC Santana,"-23,50248","-46,628836",2025-01-14 02:10:00,0.0,3,2,2025-01-14
341159,SÃO PAULO,355030811A,SP,AC Santana,"-23,50248","-46,628836",2025-01-14 03:10:00,0.0,3,3,2025-01-14
341160,SÃO PAULO,355030811A,SP,AC Santana,"-23,50248","-46,628836",2025-01-14 04:10:00,0.0,3,4,2025-01-14
341161,SÃO PAULO,355030811A,SP,AC Santana,"-23,50248","-46,628836",2025-01-14 05:10:00,0.0,3,5,2025-01-14
341162,SÃO PAULO,355030811A,SP,AC Santana,"-23,50248","-46,628836",2025-01-14 06:10:00,0.0,3,6,2025-01-14
341163,SÃO PAULO,355030811A,SP,AC Santana,"-23,50248","-46,628836",2025-01-14 07:10:00,0.0,3,7,2025-01-14
341164,SÃO PAULO,355030811A,SP,AC Santana,"-23,50248","-46,628836",2025-01-14 08:10:00,0.0,3,8,2025-01-14
341165,SÃO PAULO,355030811A,SP,AC Santana,"-23,50248","-46,628836",2025-01-14 09:10:00,0.0,3,9,2025-01-14
341166,SÃO PAULO,355030811A,SP,AC Santana,"-23,50248","-46,628836",2025-01-14 10:10:00,0.0,3,10,2025-01-14
341167,SÃO PAULO,355030811A,SP,AC Santana,"-23,50248","-46,628836",2025-01-14 11:10:00,0.0,3,11,2025-01-14
341168,SÃO PAULO,355030811A,SP,AC Santana,"-23,50248","-46,628836",2025-01-14 12:10:00,0.0,3,12,2025-01-14
341169,SÃO PAULO,355030811A,SP,AC Santana,"-23,50248","-46,628836",2025-01-14 13:10:00,0.0,3,13,2025-01-14
341170,SÃO PAULO,355030811A,SP,AC Santana,"-23,50248","-46,628836",2025-01-14 14:10:00,0.0,3,14,2025-01-14
341171,SÃO PAULO,355030811A,SP,AC Santana,"-23,50248","-46,628836",2025-01-14 15:10:00,0.0,3,15,2025-01-14
341172,SÃO PAULO,355030811A,SP,AC Santana,"-23,50248","-46,628836",2025-01-14 16:10:00,0.0,3,16,2025-01-14
341173,SÃO PAULO,355030811A,SP,AC Santana,"-23,50248","-46,628836",2025-01-14 17:10:00,0.0,3,17,2025-01-14
341174,SÃO PAULO,355030811A,SP,AC Santana,"-23,50248","-46,628836",2025-01-14 18:10:00,0.0,3,18,2025-01-14
341175,SÃO PAULO,355030811A,SP,AC Santana,"-23,50248","-46,628836",2025-01-14 19:10:00,0.0,3,19,2025-01-14
341176,SÃO PAULO,355030811A,SP,AC Santana,"-23,50248","-46,628836",2025-01-14 20:10:00,0.0,3,20,2025-01-14
341177,SÃO PAULO,355030811A,SP,AC Santana,"-23,50248","-46,628836",2025-01-14 21:10:00,0.0,3,21,2025-01-14
341178,SÃO PAULO,355030811A,SP,AC Santana,"-23,50248","-46,628836",2025-01-14 22:10:00,0.0,3,22,2025-01-14
341179,SÃO PAULO,355030811A,SP,AC Santana,"-23,50248","-46,628836",2025-01-14 23:10:00,0.0,3,23,2025-01-14
341180,SÃO PAULO,355030811A,SP,AC Santana,"-23,50248","-46,628836",2025-01-15 00:10:00,0.0,3,0,2025-01-15
341181,SÃO PAULO,355030811A,SP,AC Santana,"-23,50248","-46,628836",2025-01-15 01:10:00,0.0,3,1,2025-01-15
341182,SÃO PAULO,355030811A,SP,AC Santana,"-23,50248","-46,628836",2025-01-15 02:10:00,0.0,3,2,2025-01-15
341183,SÃO PAULO,355030811A,SP,AC Santana,"-23,50248","-46,628836",2025-01-15 03:10:00,0.0,3,3,2025-01-15
341184,SÃO PAULO,355030811A,SP,AC Santana,"-23,50248","-46,628836",2025-01-15 04:10:00,0.0,3,4,2025-01-15
341185,SÃO PAULO,355030811A,SP,AC Santana,"-23,50248","-46,628836",2025-01-15 05:10:00,0.0,3,5,2025-01-15
341186,SÃO PAULO,355030811A,SP,AC Santana,"-23,50248","-46,628836",2025-01-15 06:10:00,0.0,3,6,2025-01-15
341187,SÃO PAULO,355030811A,SP,AC Santana,"-23,50248","-46,628836",2025-01-15 07:10:00,0.0,3,7,2025-01-15
341188,SÃO PAULO,355030811A,SP,AC Santana,"-23,50248","-46,628836",2025-01-15 08:10:00,0.0,3,8,2025-01-15
341189,SÃO PAULO,355030811A,SP,AC Santana,"-23,50248","-46,628836",2025-01-15 09:10:00,0.0,3,9,2025-01-15
341190,SÃO PAULO,355030811A,SP,AC Santana,"-23,50248","-46,628836",2025-01-15 10:10:00,0.0,3,10,2025-01-15
341191,SÃO PAULO,355030811A,SP,AC Santana,"-23,50248","-46,628836",2025-01-15 11:10:00,0.0,3,11,2025-01-15
341192,SÃO PAULO,355030811A,SP,AC Santana,"-23,50248","-46,628836",2025-01-15 12:10:00,0.0,3,12,2025-01-15
341193,SÃO PAULO,355030811A,SP,AC Santana,"-23,50248","-46,628836",2025-01-15 13:10:00,0.0,3,13,2025-01-15
341194,SÃO PAULO,355030811A,SP,AC Santana,"-23,50248","-46,628836",2025-01-15 14:10:00,0.0,3,14,2025-01-15
341195,SÃO PAULO,355030811A,SP,AC Santana,"-23,50248","-46,628836",2025-01-15 15:10:00,0.0,3,15,2025-01-15
341196,SÃO PAULO,355030811A,SP,AC Santana,"-23,50248","-46,628836",2025-01-15 16:10:00,0.0,3,16,2025-01-15
341197,SÃO PAULO,355030811A,SP,AC Santana,"-23,50248","-46,628836",2025-01-15 17:10:00,0.0,3,17,2025-01-15
341198,SÃO PAULO,355030811A,SP,AC Santana,"-23,50248","-46,628836",2025-01-15 18:10:00,0.0,3,18,2025-01-15
341199,SÃO PAULO,355030811A,SP,AC Santana,"-23,50248","-46,628836",2025-01-15 19:10:00,0.0,3,19,2025-01-15
341200,SÃO PAULO,355030811A,SP,AC Santana,"-23,50248","-46,628836",2025-01-15 20:10:00,0.0,3,20,2025-01-15
341201,SÃO PAULO,355030811A,SP,AC Santana,"-23,50248","-46,628836",2025-01-15 21:10:00,0.0,3,21,2025-01-15
341202,SÃO PAULO,355030811A,SP,AC Santana,"-23,50248","-46,628836",2025-01-15 22:10:00,0.0,3,22,2025-01-15
341203,SÃO PAULO,355030811A,SP,AC Santana,"-23,50248","-46,628836",2025-01-15 23:10:00,0.0,3,23,2025-01-15
341204,SÃO PAULO,355030811A,SP,AC Santana,"-23,50248","-46,628836",2025-01-16 00:10:00,0.0,3,0,2025-01-16
341205,SÃO PAULO,355030811A,SP,AC Santana,"-23,50248","-46,628836",2025-01-16 01:10:00,0.0,3,1,2025-01-16
341206,SÃO PAULO,355030811A,SP,AC Santana,"-23,50248","-46,628836",2025-01-16 02:10:00,0.0,3,2,2025-01-16
341207,SÃO PAULO,355030811A,SP,AC Santana,"-23,50248","-46,628836",2025-01-16 03:10:00,0.0,3,3,2025-01-16
341208,SÃO PAULO,355030811A,SP,AC Santana,"-23,50248","-46,628836",2025-01-16 04:10:00,0.0,3,4,2025-01-16
341209,SÃO PAULO,355030811A,SP,AC Santana,"-23,50248","-46,628836",2025-01-16 05:10:00,0.0,3,5,2025-01-16
341210,SÃO PAULO,355030811A,SP,AC Santana,"-23,50248","-46,628836",2025-01-16 06:10:00,0.0,3,6,2025-01-16
341211,SÃO PAULO,355030811A,SP,AC Santana,"-23,50248","-46,628836",2025-01-16 07:10:00,0.0,3,7,2025-01-16
341212,SÃO PAULO,355030811A,SP,AC Santana,"-23,50248","-46,628836",2025-01-16 08:10:00,0.0,3,8,2025-01-16
341213,SÃO PAULO,355030811A,SP,AC Santana,"-23,50248","-46,628836",2025-01-16 09:10:00,0.0,3,9,2025-01-16
341214,SÃO PAULO,355030811A,SP,AC Santana,"-23,50248","-46,628836",2025-01-16 10:10:00,0.0,3,10,2025-01-16
341215,SÃO PAULO,355030811A,SP,AC Santana,"-23,50248","-46,628836",2025-01-16 11:10:00,0.0,3,11,2025-01-16
341216,SÃO PAULO,355030811A,SP,AC Santana,"-23,50248","-46,628836",2025-01-16 12:10:00,0.0,3,12,2025-01-16
341217,SÃO PAULO,355030811A,SP,AC Santana,"-23,50248","-46,628836",2025-01-16 13:10:00,0.0,3,13,2025-01-16
341218,SÃO PAULO,355030811A,SP,AC Santana,"-23,50248","-46,628836",2025-01-16 14:10:00,0.0,3,14,2025-01-16
341219,SÃO PAULO,355030811A,SP,AC Santana,"-23,50248","-46,628836",2025-01-16 15:10:00,0.0,3,15,2025-01-16
341220,SÃO PAULO,355030811A,SP,AC Santana,"-23,50248","-46,628836",2025-01-16 16:10:00,0.0,3,16,2025-01-16
341221,SÃO PAULO,355030811A,SP,AC Santana,"-23,50248","-46,628836",2025-01-16 17:10:00,0.0,3,17,2025-01-16
341222,SÃO PAULO,355030811A,SP,AC Santana,"-23,50248","-46,628836",2025-01-16 18:10:00,0.0,3,18,2025-01-16
341223,SÃO PAULO,355030811A,SP,AC Santana,"-23,50248","-46,628836",2025-01-16 19:10:00,0.0,3,19,2025-01-16
341224,SÃO PAULO,355030811A,SP,AC Santana,"-23,50248","-46,628836",2025-01-16 20:10:00,0.39,3,20,2025-01-16
341225,SÃO PAULO,355030811A,SP,AC Santana,"-23,50248","-46,628836",2025-01-16 20:20:00,0.79,3,20,2025-01-16
341226,SÃO PAULO,355030811A,SP,AC Santana,"-23,50248","-46,628836",2025-01-16 20:30:00,1.37,3,20,2025-01-16
341227,SÃO PAULO,355030811A,SP,AC Santana,"-23,50248","-46,628836",2025-01-16 20:40:00,0.79,3,20,2025-01-16
341228,SÃO PAULO,355030811A,SP,AC Santana,"-23,50248","-46,628836",2025-01-16 20:50:00,0.39,3,20,2025-01-16
341229,SÃO PAULO,355030811A,SP,AC Santana,"-23,50248","-46,628836",2025-01-16 21:00:00,0.39,3,21,2025-01-16
341230,SÃO PAULO,355030811A,SP,AC Santana,"-23,50248","-46,628836",2025-01-16 21:10:00,0.2,3,21,2025-01-16
341231,SÃO PAULO,355030811A,SP,AC Santana,"-23,50248","-46,628836",2025-01-16 21:20:00,0.39,3,21,2025-01-16
341232,SÃO PAULO,355030811A,SP,AC Santana,"-23,50248","-46,628836",2025-01-16 21:30:00,0.2,3,21,2025-01-16
341233,SÃO PAULO,355030811A,SP,AC Santana,"-23,50248","-46,628836",2025-01-16 21:40:00,0.2,3,21,2025-01-16
341234,SÃO PAULO,355030811A,SP,AC Santana,"-23,50248","-46,628836",2025-01-16 21:50:00,0.2,3,21,2025-01-16
341235,SÃO PAULO,355030811A,SP,AC Santana,"-23,50248","-46,628836",2025-01-16 22:00:00,0.2,3,22,2025-01-16
341236,SÃO PAULO,355030811A,SP,AC Santana,"-23,50248","-46,628836",2025-01-16 22:10:00,0.2,3,22,2025-01-16
341237,SÃO PAULO,355030811A,SP,AC Santana,"-23,50248","-46,628836",2025-01-16 22:20:00,0.2,3,22,2025-01-16
341238,SÃO PAULO,355030811A,SP,AC Santana,"-23,50248","-46,628836",2025-01-16 22:30:00,0.2,3,22,2025-01-16
341239,SÃO PAULO,355030811A,SP,AC Santana,"-23,50248","-46,628836",2025-01-16 22:40:00,0.2,3,22,2025-01-16
341240,SÃO PAULO,355030811A,SP,AC Santana,"-23,50248","-46,628836",2025-01-16 23:00:00,0.2,3,23,2025-01-16
341241,SÃO PAULO,355030811A,SP,AC Santana,"-23,50248","-46,628836",2025-01-16 23:10:00,0.0,3,23,2025-01-16
341242,SÃO PAULO,355030811A,SP,AC Santana,"-23,50248","-46,628836",2025-01-16 23:20:00,0.2,3,23,2025-01-16
341243,SÃO PAULO,355030811A,SP,AC Santana,"-23,50248","-46,628836",2025-01-16 23:30:00,0.2,3,23,2025-01-16
341244,SÃO PAULO,355030811A,SP,AC Santana,"-23,50248","-46,628836",2025-01-16 23:50:00,0.2,3,23,2025-01-16
341245,SÃO PAULO,355030811A,SP,AC Santana,"-23,50248","-46,628836",2025-01-17 00:00:00,0.2,3,0,2025-01-17
341246,SÃO PAULO,355030811A,SP,AC Santana,"-23,50248","-46,628836",2025-01-17 00:10:00,0.2,3,0,2025-01-17
341247,SÃO PAULO,355030811A,SP,AC Santana,"-23,50248","-46,628836",2025-01-17 00:20:00,0.39,3,0,2025-01-17
341248,SÃO PAULO,355030811A,SP,AC Santana,"-23,50248","-46,628836",2025-01-17 00:30:00,0.79,3,0,2025-01-17
341249,SÃO PAULO,355030811A,SP,AC Santana,"-23,50248","-46,628836",2025-01-17 00:40:00,0.59,3,0,2025-01-17
341250,SÃO PAULO,355030811A,SP,AC Santana,"-23,50248","-46,628836",2025-01-17 00:50:00,0.59,3,0,2025-01-17
341251,SÃO PAULO,355030811A,SP,AC Santana,"-23,50248","-46,628836",2025-01-17 01:00:00,0.59,3,1,2025-01-17
341252,SÃO PAULO,355030811A,SP,AC Santana,"-23,50248","-46,628836",2025-01-17 01:10:00,0.79,3,1,2025-01-17
341253,SÃO PAULO,355030811A,SP,AC Santana,"-23,50248","-46,628836",2025-01-17 01:20:00,0.59,3,1,2025-01-17
341254,SÃO PAULO,355030811A,SP,AC Santana,"-23,50248","-46,628836",2025-01-17 01:30:00,0.79,3,1,2025-01-17
341255,SÃO PAULO,355030811A,SP,AC Santana,"-23,50248","-46,628836",2025-01-17 01:40:00,0.79,3,1,2025-01-17
341256,SÃO PAULO,355030811A,SP,AC Santana,"-23,50248","-46,628836",2025-01-17 01:50:00,0.79,3,1,2025-01-17
341257,SÃO PAULO,355030811A,SP,AC Santana,"-23,50248","-46,628836",2025-01-17 02:00:00,0.79,3,2,2025-01-17
341258,SÃO PAULO,355030811A,SP,AC Santana,"-23,50248","-46,628836",2025-01-17 02:10:00,0.79,3,2,2025-01-17
341259,SÃO PAULO,355030811A,SP,AC Santana,"-23,50248","-46,628836",2025-01-17 02:20:00,0.79,3,2,2025-01-17
341260,SÃO PAULO,355030811A,SP,AC Santana,"-23,50248","-46,628836",2025-01-17 02:30:00,0.79,3,2,2025-01-17
341261,SÃO PAULO,355030811A,SP,AC Santana,"-23,50248","-46,628836",2025-01-17 02:40:00,0.79,3,2,2025-01-17
341262,SÃO PAULO,355030811A,SP,AC Santana,"-23,50248","-46,628836",2025-01-17 02:50:00,0.98,3,2,2025-01-17
341263,SÃO PAULO,355030811A,SP,AC Santana,"-23,50248","-46,628836",2025-01-17 03:00:00,0.98,3,3,2025-01-17
341264,SÃO PAULO,355030811A,SP,AC Santana,"-23,50248","-46,628836",2025-01-17 03:10:00,0.98,3,3,2025-01-17
341265,SÃO PAULO,355030811A,SP,AC Santana,"-23,50248","-46,628836",2025-01-17 03:20:00,1.18,3,3,2025-01-17
341266,SÃO PAULO,355030811A,SP,AC Santana,"-23,50248","-46,628836",2025-01-17 03:30:00,0.98,3,3,2025-01-17
341267,SÃO PAULO,355030811A,SP,AC Santana,"-23,50248","-46,628836",2025-01-17 03:40:00,1.18,3,3,2025-01-17
341268,SÃO PAULO,355030811A,SP,AC Santana,"-23,50248","-46,628836",2025-01-17 03:50:00,0.98,3,3,2025-01-17
341269,SÃO PAULO,355030811A,SP,AC Santana,"-23,50248","-46,628836",2025-01-17 04:00:00,0.98,3,4,2025-01-17
341270,SÃO PAULO,355030811A,SP,AC Santana,"-23,50248","-46,628836",2025-01-17 04:10:00,0.79,3,4,2025-01-17
341271,SÃO PAULO,355030811A,SP,AC Santana,"-23,50248","-46,628836",2025-01-17 04:20:00,0.98,3,4,2025-01-17
341272,SÃO PAULO,355030811A,SP,AC Santana,"-23,50248","-46,628836",2025-01-17 04:30:00,0.79,3,4,2025-01-17
341273,SÃO PAULO,355030811A,SP,AC Santana,"-23,50248","-46,628836",2025-01-17 04:40:00,0.79,3,4,2025-01-17
341274,SÃO PAULO,355030811A,SP,AC Santana,"-23,50248","-46,628836",2025-01-17 04:50:00,0.98,3,4,2025-01-17
341275,SÃO PAULO,355030811A,SP,AC Santana,"-23,50248","-46,628836",2025-01-17 05:00:00,0.59,3,5,2025-01-17
341276,SÃO PAULO,355030811A,SP,AC Santana,"-23,50248","-46,628836",2025-01-17 05:10:00,0.79,3,5,2025-01-17
341277,SÃO PAULO,355030811A,SP,AC Santana,"-23,50248","-46,628836",2025-01-17 05:20:00,0.59,3,5,2025-01-17
341278,SÃO PAULO,355030811A,SP,AC Santana,"-23,50248","-46,628836",2025-01-17 05:30:00,0.59,3,5,2025-01-17
341279,SÃO PAULO,355030811A,SP,AC Santana,"-23,50248","-46,628836",2025-01-17 05:40:00,0.59,3,5,2025-01-17
341280,SÃO PAULO,355030811A,SP,AC Santana,"-23,50248","-46,628836",2025-01-17 05:50:00,0.39,3,5,2025-01-17
341281,SÃO PAULO,355030811A,SP,AC Santana,"-23,50248","-46,628836",2025-01-17 06:00:00,0.59,3,6,2025-01-17
341282,SÃO PAULO,355030811A,SP,AC Santana,"-23,50248","-46,628836",2025-01-17 06:10:00,0.59,3,6,2025-01-17
341283,SÃO PAULO,355030811A,SP,AC Santana,"-23,50248","-46,628836",2025-01-17 06:20:00,0.39,3,6,2025-01-17
341284,SÃO PAULO,355030811A,SP,AC Santana,"-23,50248","-46,628836",2025-01-17 06:30:00,0.39,3,6,2025-01-17
341285,SÃO PAULO,355030811A,SP,AC Santana,"-23,50248","-46,628836",2025-01-17 06:40:00,0.39,3,6,2025-01-17
341286,SÃO PAULO,355030811A,SP,AC Santana,"-23,50248","-46,628836",2025-01-17 06:50:00,0.39,3,6,2025-01-17
341287,SÃO PAULO,355030811A,SP,AC Santana,"-23,50248","-46,628836",2025-01-17 07:00:00,0.39,3,7,2025-01-17
341288,SÃO PAULO,355030811A,SP,AC Santana,"-23,50248","-46,628836",2025-01-17 07:10:00,0.2,3,7,2025-01-17
341289,SÃO PAULO,355030811A,SP,AC Santana,"-23,50248","-46,628836",2025-01-17 07:20:00,0.39,3,7,2025-01-17
341290,SÃO PAULO,355030811A,SP,AC Santana,"-23,50248","-46,628836",2025-01-17 07:30:00,0.39,3,7,2025-01-17
341291,SÃO PAULO,355030811A,SP,AC Santana,"-23,50248","-46,628836",2025-01-17 07:40:00,0.2,3,7,2025-01-17
341292,SÃO PAULO,355030811A,SP,AC Santana,"-23,50248","-46,628836",2025-01-17 07:50:00,0.2,3,7,2025-01-17
341293,SÃO PAULO,355030811A,SP,AC Santana,"-23,50248","-46,628836",2025-01-17 08:00:00,0.39,3,8,2025-01-17
341294,SÃO PAULO,355030811A,SP,AC Santana,"-23,50248","-46,628836",2025-01-17 08:10:00,0.2,3,8,2025-01-17
341295,SÃO PAULO,355030811A,SP,AC Santana,"-23,50248","-46,628836",2025-01-17 08:20:00,0.2,3,8,2025-01-17
341296,SÃO PAULO,355030811A,SP,AC Santana,"-23,50248","-46,628836",2025-01-17 08:30:00,0.2,3,8,2025-01-17
341297,SÃO PAULO,355030811A,SP,AC Santana,"-23,50248","-46,628836",2025-01-17 08:40:00,0.2,3,8,2025-01-17
341298,SÃO PAULO,355030811A,SP,AC Santana,"-23,50248","-46,628836",2025-01-17 09:10:00,0.0,3,9,2025-01-17
341299,SÃO PAULO,355030811A,SP,AC Santana,"-23,50248","-46,628836",2025-01-17 10:10:00,0.0,3,10,2025-01-17
341300,SÃO PAULO,355030811A,SP,AC Santana,"-23,50248","-46,628836",2025-01-17 11:10:00,0.0,3,11,2025-01-17
341301,SÃO PAULO,355030811A,SP,AC Santana,"-23,50248","-46,628836",2025-01-17 12:10:00,0.0,3,12,2025-01-17
341302,SÃO PAULO,355030811A,SP,AC Santana,"-23,50248","-46,628836",2025-01-17 13:10:00,0.0,3,13,2025-01-17
341303,SÃO PAULO,355030811A,SP,AC Santana,"-23,50248","-46,628836",2025-01-17 14:10:00,0.0,3,14,2025-01-17
341304,SÃO PAULO,355030811A,SP,AC Santana,"-23,50248","-46,628836",2025-01-17 15:10:00,0.0,3,15,2025-01-17
341305,SÃO PAULO,355030811A,SP,AC Santana,"-23,50248","-46,628836",2025-01-17 16:10:00,0.0,3,16,2025-01-17
341306,SÃO PAULO,355030811A,SP,AC Santana,"-23,50248","-46,628836",2025-01-17 17:10:00,0.0,3,17,2025-01-17
341307,SÃO PAULO,355030811A,SP,AC Santana,"-23,50248","-46,628836",2025-01-17 18:10:00,0.0,3,18,2025-01-17
341308,SÃO PAULO,355030811A,SP,AC Santana,"-23,50248","-46,628836",2025-01-17 19:10:00,0.0,3,19,2025-01-17
341309,SÃO PAULO,355030811A,SP,AC Santana,"-23,50248","-46,628836",2025-01-17 20:10:00,0.0,3,20,2025-01-17
341310,SÃO PAULO,355030811A,SP,AC Santana,"-23,50248","-46,628836",2025-01-17 21:10:00,0.0,3,21,2025-01-17
341311,SÃO PAULO,355030811A,SP,AC Santana,"-23,50248","-46,628836",2025-01-17 22:10:00,0.0,3,22,2025-01-17
341312,SÃO PAULO,355030811A,SP,AC Santana,"-23,50248","-46,628836",2025-01-17 23:10:00,0.0,3,23,2025-01-17
341313,SÃO PAULO,355030811A,SP,AC Santana,"-23,50248","-46,628836",2025-01-18 00:10:00,0.0,3,0,2025-01-18
341314,SÃO PAULO,355030811A,SP,AC Santana,"-23,50248","-46,628836",2025-01-18 01:10:00,0.0,3,1,2025-01-18
341315,SÃO PAULO,355030811A,SP,AC Santana,"-23,50248","-46,628836",2025-01-18 02:10:00,0.0,3,2,2025-01-18
341316,SÃO PAULO,355030811A,SP,AC Santana,"-23,50248","-46,628836",2025-01-18 02:40:00,0.2,3,2,2025-01-18
341317,SÃO PAULO,355030811A,SP,AC Santana,"-23,50248","-46,628836",2025-01-18 03:10:00,0.0,3,3,2025-01-18
341318,SÃO PAULO,355030811A,SP,AC Santana,"-23,50248","-46,628836",2025-01-18 04:10:00,0.0,3,4,2025-01-18
341319,SÃO PAULO,355030811A,SP,AC Santana,"-23,50248","-46,628836",2025-01-18 05:10:00,0.0,3,5,2025-01-18
341320,SÃO PAULO,355030811A,SP,AC Santana,"-23,50248","-46,628836",2025-01-18 06:10:00,0.0,3,6,2025-01-18
341321,SÃO PAULO,355030811A,SP,AC Santana,"-23,50248","-46,628836",2025-01-18 07:10:00,0.0,3,7,2025-01-18
341322,SÃO PAULO,355030811A,SP,AC Santana,"-23,50248","-46,628836",2025-01-18 08:10:00,0.0,3,8,2025-01-18
341323,SÃO PAULO,355030811A,SP,AC Santana,"-23,50248","-46,628836",2025-01-18 09:10:00,0.0,3,9,2025-01-18
341324,SÃO PAULO,355030811A,SP,AC Santana,"-23,50248","-46,628836",2025-01-18 10:10:00,0.0,3,10,2025-01-18
341325,SÃO PAULO,355030811A,SP,AC Santana,"-23,50248","-46,628836",2025-01-18 11:10:00,0.0,3,11,2025-01-18
341326,SÃO PAULO,355030811A,SP,AC Santana,"-23,50248","-46,628836",2025-01-18 12:10:00,0.0,3,12,2025-01-18
341327,SÃO PAULO,355030811A,SP,AC Santana,"-23,50248","-46,628836",2025-01-18 13:10:00,0.0,3,13,2025-01-18
341328,SÃO PAULO,355030811A,SP,AC Santana,"-23,50248","-46,628836",2025-01-18 14:10:00,0.0,3,14,2025-01-18
341329,SÃO PAULO,355030811A,SP,AC Santana,"-23,50248","-46,628836",2025-01-18 15:10:00,0.0,3,15,2025-01-18
341330,SÃO PAULO,355030811A,SP,AC Santana,"-23,50248","-46,628836",2025-01-18 16:10:00,0.0,3,16,2025-01-18
341331,SÃO PAULO,355030811A,SP,AC Santana,"-23,50248","-46,628836",2025-01-18 17:10:00,0.0,3,17,2025-01-18
341332,SÃO PAULO,355030811A,SP,AC Santana,"-23,50248","-46,628836",2025-01-18 18:10:00,0.0,3,18,2025-01-18
341333,SÃO PAULO,355030811A,SP,AC Santana,"-23,50248","-46,628836",2025-01-18 19:10:00,0.0,3,19,2025-01-18
341334,SÃO PAULO,355030811A,SP,AC Santana,"-23,50248","-46,628836",2025-01-18 20:10:00,0.0,3,20,2025-01-18
341335,SÃO PAULO,355030811A,SP,AC Santana,"-23,50248","-46,628836",2025-01-18 21:10:00,0.0,3,21,2025-01-18
341336,SÃO PAULO,355030811A,SP,AC Santana,"-23,50248","-46,628836",2025-01-18 22:10:00,0.0,3,22,2025-01-18
341337,SÃO PAULO,355030811A,SP,AC Santana,"-23,50248","-46,628836",2025-01-18 23:10:00,0.0,3,23,2025-01-18
341338,SÃO PAULO,355030811A,SP,AC Santana,"-23,50248","-46,628836",2025-01-19 00:10:00,0.0,3,0,2025-01-19
341339,SÃO PAULO,355030811A,SP,AC Santana,"-23,50248","-46,628836",2025-01-19 01:10:00,0.0,3,1,2025-01-19
341340,SÃO PAULO,355030811A,SP,AC Santana,"-23,50248","-46,628836",2025-01-19 02:10:00,0.0,3,2,2025-01-19
341341,SÃO PAULO,355030811A,SP,AC Santana,"-23,50248","-46,628836",2025-01-19 03:10:00,0.0,3,3,2025-01-19
341342,SÃO PAULO,355030811A,SP,AC Santana,"-23,50248","-46,628836",2025-01-19 04:10:00,0.0,3,4,2025-01-19
341343,SÃO PAULO,355030811A,SP,AC Santana,"-23,50248","-46,628836",2025-01-19 05:10:00,0.0,3,5,2025-01-19
341344,SÃO PAULO,355030811A,SP,AC Santana,"-23,50248","-46,628836",2025-01-19 06:10:00,0.0,3,6,2025-01-19
341345,SÃO PAULO,355030811A,SP,AC Santana,"-23,50248","-46,628836",2025-01-19 07:10:00,0.0,3,7,2025-01-19
341346,SÃO PAULO,355030811A,SP,AC Santana,"-23,50248","-46,628836",2025-01-19 08:10:00,0.0,3,8,2025-01-19
341347,SÃO PAULO,355030811A,SP,AC Santana,"-23,50248","-46,628836",2025-01-19 09:10:00,0.0,3,9,2025-01-19
341348,SÃO PAULO,355030811A,SP,AC Santana,"-23,50248","-46,628836",2025-01-19 10:10:00,0.0,3,10,2025-01-19
341349,SÃO PAULO,355030811A,SP,AC Santana,"-23,50248","-46,628836",2025-01-19 11:10:00,0.0,3,11,2025-01-19
341350,SÃO PAULO,355030811A,SP,AC Santana,"-23,50248","-46,628836",2025-01-19 12:10:00,0.0,3,12,2025-01-19
341351,SÃO PAULO,355030811A,SP,AC Santana,"-23,50248","-46,628836",2025-01-19 13:10:00,0.0,3,13,2025-01-19
341352,SÃO PAULO,355030811A,SP,AC Santana,"-23,50248","-46,628836",2025-01-19 14:10:00,0.0,3,14,2025-01-19
341353,SÃO PAULO,355030811A,SP,AC Santana,"-23,50248","-46,628836",2025-01-19 15:10:00,0.0,3,15,2025-01-19
341354,SÃO PAULO,355030811A,SP,AC Santana,"-23,50248","-46,628836",2025-01-19 16:10:00,0.0,3,16,2025-01-19
341355,SÃO PAULO,355030811A,SP,AC Santana,"-23,50248","-46,628836",2025-01-19 17:10:00,0.0,3,17,2025-01-19
341356,SÃO PAULO,355030811A,SP,AC Santana,"-23,50248","-46,628836",2025-01-19 17:40:00,1.18,3,17,2025-01-19
341357,SÃO PAULO,355030811A,SP,AC Santana,"-23,50248","-46,628836",2025-01-19 17:50:00,3.15,3,17,2025-01-19
341358,SÃO PAULO,355030811A,SP,AC Santana,"-23,50248","-46,628836",2025-01-19 18:00:00,0.59,3,18,2025-01-19
341359,SÃO PAULO,355030811A,SP,AC Santana,"-23,50248","-46,628836",2025-01-19 18:10:00,0.0,3,18,2025-01-19
341360,SÃO PAULO,355030811A,SP,AC Santana,"-23,50248","-46,628836",2025-01-19 19:10:00,0.0,3,19,2025-01-19
341361,SÃO PAULO,355030811A,SP,AC Santana,"-23,50248","-46,628836",2025-01-19 20:10:00,0.0,3,20,2025-01-19
341362,SÃO PAULO,355030811A,SP,AC Santana,"-23,50248","-46,628836",2025-01-19 21:10:00,0.0,3,21,2025-01-19
341363,SÃO PAULO,355030811A,SP,AC Santana,"-23,50248","-46,628836",2025-01-19 22:10:00,0.0,3,22,2025-01-19
341364,SÃO PAULO,355030811A,SP,AC Santana,"-23,50248","-46,628836",2025-01-19 23:10:00,0.0,3,23,2025-01-19
341365,SÃO PAULO,355030811A,SP,AC Santana,"-23,50248","-46,628836",2025-01-20 00:10:00,0.0,4,0,2025-01-20
341366,SÃO PAULO,355030811A,SP,AC Santana,"-23,50248","-46,628836",2025-01-20 01:10:00,0.0,4,1,2025-01-20
341367,SÃO PAULO,355030811A,SP,AC Santana,"-23,50248","-46,628836",2025-01-20 02:10:00,0.0,4,2,2025-01-20
341368,SÃO PAULO,355030811A,SP,AC Santana,"-23,50248","-46,628836",2025-01-20 03:10:00,0.0,4,3,2025-01-20
341369,SÃO PAULO,355030811A,SP,AC Santana,"-23,50248","-46,628836",2025-01-20 04:10:00,0.0,4,4,2025-01-20
341370,SÃO PAULO,355030811A,SP,AC Santana,"-23,50248","-46,628836",2025-01-20 05:10:00,0.0,4,5,2025-01-20
341371,SÃO PAULO,355030811A,SP,AC Santana,"-23,50248","-46,628836",2025-01-20 06:10:00,0.0,4,6,2025-01-20
341372,SÃO PAULO,355030811A,SP,AC Santana,"-23,50248","-46,628836",2025-01-20 07:10:00,0.0,4,7,2025-01-20
341373,SÃO PAULO,355030811A,SP,AC Santana,"-23,50248","-46,628836",2025-01-20 08:10:00,0.0,4,8,2025-01-20
341374,SÃO PAULO,355030811A,SP,AC Santana,"-23,50248","-46,628836",2025-01-20 09:10:00,0.0,4,9,2025-01-20
341375,SÃO PAULO,355030811A,SP,AC Santana,"-23,50248","-46,628836",2025-01-20 10:10:00,0.0,4,10,2025-01-20
341376,SÃO PAULO,355030811A,SP,AC Santana,"-23,50248","-46,628836",2025-01-20 11:10:00,0.0,4,11,2025-01-20
341377,SÃO PAULO,355030811A,SP,AC Santana,"-23,50248","-46,628836",2025-01-20 12:10:00,0.0,4,12,2025-01-20
341378,SÃO PAULO,355030811A,SP,AC Santana,"-23,50248","-46,628836",2025-01-20 13:10:00,0.0,4,13,2025-01-20
341379,SÃO PAULO,355030811A,SP,AC Santana,"-23,50248","-46,628836",2025-01-20 14:10:00,0.0,4,14,2025-01-20
341380,SÃO PAULO,355030811A,SP,AC Santana,"-23,50248","-46,628836",2025-01-20 15:10:00,0.0,4,15,2025-01-20
341381,SÃO PAULO,355030811A,SP,AC Santana,"-23,50248","-46,628836",2025-01-20 16:10:00,0.0,4,16,2025-01-20
341382,SÃO PAULO,355030811A,SP,AC Santana,"-23,50248","-46,628836",2025-01-20 17:10:00,0.0,4,17,2025-01-20
341383,SÃO PAULO,355030811A,SP,AC Santana,"-23,50248","-46,628836",2025-01-20 18:10:00,0.0,4,18,2025-01-20
341384,SÃO PAULO,355030811A,SP,AC Santana,"-23,50248","-46,628836",2025-01-20 19:10:00,0.0,4,19,2025-01-20
341385,SÃO PAULO,355030811A,SP,AC Santana,"-23,50248","-46,628836",2025-01-20 20:10:00,0.0,4,20,2025-01-20
341386,SÃO PAULO,355030811A,SP,AC Santana,"-23,50248","-46,628836",2025-01-20 21:10:00,0.0,4,21,2025-01-20
341387,SÃO PAULO,355030811A,SP,AC Santana,"-23,50248","-46,628836",2025-01-20 22:10:00,0.0,4,22,2025-01-20
341388,SÃO PAULO,355030811A,SP,AC Santana,"-23,50248","-46,628836",2025-01-20 23:10:00,0.0,4,23,2025-01-20
341389,SÃO PAULO,355030811A,SP,AC Santana,"-23,50248","-46,628836",2025-01-21 00:10:00,0.0,4,0,2025-01-21
341390,SÃO PAULO,355030811A,SP,AC Santana,"-23,50248","-46,628836",2025-01-21 01:10:00,0.0,4,1,2025-01-21
341391,SÃO PAULO,355030811A,SP,AC Santana,"-23,50248","-46,628836",2025-01-21 02:10:00,0.0,4,2,2025-01-21
341392,SÃO PAULO,355030811A,SP,AC Santana,"-23,50248","-46,628836",2025-01-21 03:10:00,0.0,4,3,2025-01-21
341393,SÃO PAULO,355030811A,SP,AC Santana,"-23,50248","-46,628836",2025-01-21 04:10:00,0.0,4,4,2025-01-21
341394,SÃO PAULO,355030811A,SP,AC Santana,"-23,50248","-46,628836",2025-01-21 05:10:00,0.0,4,5,2025-01-21
341395,SÃO PAULO,355030811A,SP,AC Santana,"-23,50248","-46,628836",2025-01-21 06:10:00,0.0,4,6,2025-01-21
341396,SÃO PAULO,355030811A,SP,AC Santana,"-23,50248","-46,628836",2025-01-21 07:10:00,0.0,4,7,2025-01-21
341397,SÃO PAULO,355030811A,SP,AC Santana,"-23,50248","-46,628836",2025-01-21 08:10:00,0.0,4,8,2025-01-21
341398,SÃO PAULO,355030811A,SP,AC Santana,"-23,50248","-46,628836",2025-01-21 09:10:00,0.0,4,9,2025-01-21
341399,SÃO PAULO,355030811A,SP,AC Santana,"-23,50248","-46,628836",2025-01-21 10:10:00,0.0,4,10,2025-01-21
341400,SÃO PAULO,355030811A,SP,AC Santana,"-23,50248","-46,628836",2025-01-21 11:10:00,0.0,4,11,2025-01-21
341401,SÃO PAULO,355030811A,SP,AC Santana,"-23,50248","-46,628836",2025-01-21 12:10:00,0.0,4,12,2025-01-21
341402,SÃO PAULO,355030811A,SP,AC Santana,"-23,50248","-46,628836",2025-01-21 13:10:00,0.0,4,13,2025-01-21
341403,SÃO PAULO,355030811A,SP,AC Santana,"-23,50248","-46,628836",2025-01-21 14:10:00,0.0,4,14,2025-01-21
341404,SÃO PAULO,355030811A,SP,AC Santana,"-23,50248","-46,628836",2025-01-21 15:10:00,0.0,4,15,2025-01-21
341405,SÃO PAULO,355030811A,SP,AC Santana,"-23,50248","-46,628836",2025-01-21 16:10:00,0.0,4,16,2025-01-21
341406,SÃO PAULO,355030811A,SP,AC Santana,"-23,50248","-46,628836",2025-01-21 17:10:00,0.0,4,17,2025-01-21
341407,SÃO PAULO,355030811A,SP,AC Santana,"-23,50248","-46,628836",2025-01-21 18:10:00,0.0,4,18,2025-01-21
341408,SÃO PAULO,355030811A,SP,AC Santana,"-23,50248","-46,628836",2025-01-21 19:10:00,0.0,4,19,2025-01-21
341409,SÃO PAULO,355030811A,SP,AC Santana,"-23,50248","-46,628836",2025-01-21 20:10:00,0.0,4,20,2025-01-21
341410,SÃO PAULO,355030811A,SP,AC Santana,"-23,50248","-46,628836",2025-01-21 21:10:00,0.0,4,21,2025-01-21
341411,SÃO PAULO,355030811A,SP,AC Santana,"-23,50248","-46,628836",2025-01-21 22:10:00,0.0,4,22,2025-01-21
341412,SÃO PAULO,355030811A,SP,AC Santana,"-23,50248","-46,628836",2025-01-21 23:10:00,0.0,4,23,2025-01-21
341413,SÃO PAULO,355030811A,SP,AC Santana,"-23,50248","-46,628836",2025-01-22 00:10:00,0.0,4,0,2025-01-22
341414,SÃO PAULO,355030811A,SP,AC Santana,"-23,50248","-46,628836",2025-01-22 01:10:00,0.0,4,1,2025-01-22
341415,SÃO PAULO,355030811A,SP,AC Santana,"-23,50248","-46,628836",2025-01-22 02:10:00,0.0,4,2,2025-01-22
341416,SÃO PAULO,355030811A,SP,AC Santana,"-23,50248","-46,628836",2025-01-22 03:10:00,0.0,4,3,2025-01-22
341417,SÃO PAULO,355030811A,SP,AC Santana,"-23,50248","-46,628836",2025-01-22 04:10:00,0.0,4,4,2025-01-22
341418,SÃO PAULO,355030811A,SP,AC Santana,"-23,50248","-46,628836",2025-01-22 05:10:00,0.0,4,5,2025-01-22
341419,SÃO PAULO,355030811A,SP,AC Santana,"-23,50248","-46,628836",2025-01-22 06:10:00,0.0,4,6,2025-01-22
341420,SÃO PAULO,355030811A,SP,AC Santana,"-23,50248","-46,628836",2025-01-22 07:10:00,0.0,4,7,2025-01-22
341421,SÃO PAULO,355030811A,SP,AC Santana,"-23,50248","-46,628836",2025-01-22 08:10:00,0.0,4,8,2025-01-22
341422,SÃO PAULO,355030811A,SP,AC Santana,"-23,50248","-46,628836",2025-01-22 09:10:00,0.0,4,9,2025-01-22
341423,SÃO PAULO,355030811A,SP,AC Santana,"-23,50248","-46,628836",2025-01-22 10:10:00,0.0,4,10,2025-01-22
341424,SÃO PAULO,355030811A,SP,AC Santana,"-23,50248","-46,628836",2025-01-22 11:10:00,0.0,4,11,2025-01-22
341425,SÃO PAULO,355030811A,SP,AC Santana,"-23,50248","-46,628836",2025-01-22 12:10:00,0.0,4,12,2025-01-22
341426,SÃO PAULO,355030811A,SP,AC Santana,"-23,50248","-46,628836",2025-01-22 13:10:00,0.0,4,13,2025-01-22
341427,SÃO PAULO,355030811A,SP,AC Santana,"-23,50248","-46,628836",2025-01-22 14:10:00,0.0,4,14,2025-01-22
341428,SÃO PAULO,355030811A,SP,AC Santana,"-23,50248","-46,628836",2025-01-22 15:10:00,0.0,4,15,2025-01-22
341429,SÃO PAULO,355030811A,SP,AC Santana,"-23,50248","-46,628836",2025-01-22 16:10:00,0.0,4,16,2025-01-22
341430,SÃO PAULO,355030811A,SP,AC Santana,"-23,50248","-46,628836",2025-01-22 17:10:00,0.0,4,17,2025-01-22
341431,SÃO PAULO,355030811A,SP,AC Santana,"-23,50248","-46,628836",2025-01-22 18:10:00,0.0,4,18,2025-01-22
341432,SÃO PAULO,355030811A,SP,AC Santana,"-23,50248","-46,628836",2025-01-22 19:10:00,0.0,4,19,2025-01-22
341433,SÃO PAULO,355030811A,SP,AC Santana,"-23,50248","-46,628836",2025-01-22 20:10:00,0.0,4,20,2025-01-22
341434,SÃO PAULO,355030811A,SP,AC Santana,"-23,50248","-46,628836",2025-01-22 20:50:00,0.59,4,20,2025-01-22
341435,SÃO PAULO,355030811A,SP,AC Santana,"-23,50248","-46,628836",2025-01-22 21:00:00,1.18,4,21,2025-01-22
341436,SÃO PAULO,355030811A,SP,AC Santana,"-23,50248","-46,628836",2025-01-22 21:10:00,1.77,4,21,2025-01-22
341437,SÃO PAULO,355030811A,SP,AC Santana,"-23,50248","-46,628836",2025-01-22 21:20:00,1.18,4,21,2025-01-22
341438,SÃO PAULO,355030811A,SP,AC Santana,"-23,50248","-46,628836",2025-01-22 21:30:00,0.79,4,21,2025-01-22
341439,SÃO PAULO,355030811A,SP,AC Santana,"-23,50248","-46,628836",2025-01-22 21:40:00,0.59,4,21,2025-01-22
341440,SÃO PAULO,355030811A,SP,AC Santana,"-23,50248","-46,628836",2025-01-22 21:50:00,0.39,4,21,2025-01-22
341441,SÃO PAULO,355030811A,SP,AC Santana,"-23,50248","-46,628836",2025-01-22 22:00:00,0.39,4,22,2025-01-22
341442,SÃO PAULO,355030811A,SP,AC Santana,"-23,50248","-46,628836",2025-01-22 22:10:00,0.39,4,22,2025-01-22
341443,SÃO PAULO,355030811A,SP,AC Santana,"-23,50248","-46,628836",2025-01-22 22:20:00,0.39,4,22,2025-01-22
341444,SÃO PAULO,355030811A,SP,AC Santana,"-23,50248","-46,628836",2025-01-22 22:30:00,0.2,4,22,2025-01-22
341445,SÃO PAULO,355030811A,SP,AC Santana,"-23,50248","-46,628836",2025-01-22 22:40:00,0.2,4,22,2025-01-22
341446,SÃO PAULO,355030811A,SP,AC Santana,"-23,50248","-46,628836",2025-01-22 22:50:00,0.39,4,22,2025-01-22
341447,SÃO PAULO,355030811A,SP,AC Santana,"-23,50248","-46,628836",2025-01-22 23:00:00,0.2,4,23,2025-01-22
341448,SÃO PAULO,355030811A,SP,AC Santana,"-23,50248","-46,628836",2025-01-22 23:10:00,0.2,4,23,2025-01-22
341449,SÃO PAULO,355030811A,SP,AC Santana,"-23,50248","-46,628836",2025-01-22 23:20:00,0.2,4,23,2025-01-22
341450,SÃO PAULO,355030811A,SP,AC Santana,"-23,50248","-46,628836",2025-01-22 23:30:00,0.2,4,23,2025-01-22
341451,SÃO PAULO,355030811A,SP,AC Santana,"-23,50248","-46,628836",2025-01-22 23:40:00,0.2,4,23,2025-01-22
341452,SÃO PAULO,355030811A,SP,AC Santana,"-23,50248","-46,628836",2025-01-22 23:50:00,0.2,4,23,2025-01-22
341453,SÃO PAULO,355030811A,SP,AC Santana,"-23,50248","-46,628836",2025-01-23 00:00:00,0.2,4,0,2025-01-23
341454,SÃO PAULO,355030811A,SP,AC Santana,"-23,50248","-46,628836",2025-01-23 00:10:00,0.2,4,0,2025-01-23
341455,SÃO PAULO,355030811A,SP,AC Santana,"-23,50248","-46,628836",2025-01-23 00:30:00,0.2,4,0,2025-01-23
341456,SÃO PAULO,355030811A,SP,AC Santana,"-23,50248","-46,628836",2025-01-23 01:10:00,0.0,4,1,2025-01-23
341457,SÃO PAULO,355030811A,SP,AC Santana,"-23,50248","-46,628836",2025-01-23 02:10:00,0.0,4,2,2025-01-23
341458,SÃO PAULO,355030811A,SP,AC Santana,"-23,50248","-46,628836",2025-01-23 03:10:00,0.0,4,3,2025-01-23
341459,SÃO PAULO,355030811A,SP,AC Santana,"-23,50248","-46,628836",2025-01-23 04:10:00,0.0,4,4,2025-01-23
341460,SÃO PAULO,355030811A,SP,AC Santana,"-23,50248","-46,628836",2025-01-23 05:10:00,0.0,4,5,2025-01-23
341461,SÃO PAULO,355030811A,SP,AC Santana,"-23,50248","-46,628836",2025-01-23 06:10:00,0.0,4,6,2025-01-23
341462,SÃO PAULO,355030811A,SP,AC Santana,"-23,50248","-46,628836",2025-01-23 07:10:00,0.0,4,7,2025-01-23
341463,SÃO PAULO,355030811A,SP,AC Santana,"-23,50248","-46,628836",2025-01-23 08:10:00,0.0,4,8,2025-01-23
341464,SÃO PAULO,355030811A,SP,AC Santana,"-23,50248","-46,628836",2025-01-23 09:10:00,0.0,4,9,2025-01-23
341465,SÃO PAULO,355030811A,SP,AC Santana,"-23,50248","-46,628836",2025-01-23 10:10:00,0.0,4,10,2025-01-23
341466,SÃO PAULO,355030811A,SP,AC Santana,"-23,50248","-46,628836",2025-01-23 11:10:00,0.0,4,11,2025-01-23
341467,SÃO PAULO,355030811A,SP,AC Santana,"-23,50248","-46,628836",2025-01-23 12:10:00,0.0,4,12,2025-01-23
341468,SÃO PAULO,355030811A,SP,AC Santana,"-23,50248","-46,628836",2025-01-23 13:10:00,0.0,4,13,2025-01-23
341469,SÃO PAULO,355030811A,SP,AC Santana,"-23,50248","-46,628836",2025-01-23 14:10:00,0.0,4,14,2025-01-23
341470,SÃO PAULO,355030811A,SP,AC Santana,"-23,50248","-46,628836",2025-01-23 15:10:00,0.0,4,15,2025-01-23
341471,SÃO PAULO,355030811A,SP,AC Santana,"-23,50248","-46,628836",2025-01-23 16:10:00,0.0,4,16,2025-01-23
341472,SÃO PAULO,355030811A,SP,AC Santana,"-23,50248","-46,628836",2025-01-23 17:10:00,0.0,4,17,2025-01-23
341473,SÃO PAULO,355030811A,SP,AC Santana,"-23,50248","-46,628836",2025-01-23 18:10:00,0.0,4,18,2025-01-23
341474,SÃO PAULO,355030811A,SP,AC Santana,"-23,50248","-46,628836",2025-01-23 19:10:00,0.0,4,19,2025-01-23
341475,SÃO PAULO,355030811A,SP,AC Santana,"-23,50248","-46,628836",2025-01-23 20:10:00,0.0,4,20,2025-01-23
341476,SÃO PAULO,355030811A,SP,AC Santana,"-23,50248","-46,628836",2025-01-23 21:10:00,0.0,4,21,2025-01-23
341477,SÃO PAULO,355030811A,SP,AC Santana,"-23,50248","-46,628836",2025-01-23 22:10:00,0.0,4,22,2025-01-23
341478,SÃO PAULO,355030811A,SP,AC Santana,"-23,50248","-46,628836",2025-01-23 23:10:00,0.0,4,23,2025-01-23
341479,SÃO PAULO,355030811A,SP,AC Santana,"-23,50248","-46,628836",2025-01-24 00:10:00,0.0,4,0,2025-01-24
341480,SÃO PAULO,355030811A,SP,AC Santana,"-23,50248","-46,628836",2025-01-24 01:10:00,0.0,4,1,2025-01-24
341481,SÃO PAULO,355030811A,SP,AC Santana,"-23,50248","-46,628836",2025-01-24 02:10:00,0.0,4,2,2025-01-24
341482,SÃO PAULO,355030811A,SP,AC Santana,"-23,50248","-46,628836",2025-01-24 03:10:00,0.0,4,3,2025-01-24
341483,SÃO PAULO,355030811A,SP,AC Santana,"-23,50248","-46,628836",2025-01-24 04:10:00,0.0,4,4,2025-01-24
341484,SÃO PAULO,355030811A,SP,AC Santana,"-23,50248","-46,628836",2025-01-24 05:10:00,0.0,4,5,2025-01-24
341485,SÃO PAULO,355030811A,SP,AC Santana,"-23,50248","-46,628836",2025-01-24 06:10:00,0.0,4,6,2025-01-24
341486,SÃO PAULO,355030811A,SP,AC Santana,"-23,50248","-46,628836",2025-01-24 07:10:00,0.0,4,7,2025-01-24
341487,SÃO PAULO,355030811A,SP,AC Santana,"-23,50248","-46,628836",2025-01-24 08:10:00,0.0,4,8,2025-01-24
341488,SÃO PAULO,355030811A,SP,AC Santana,"-23,50248","-46,628836",2025-01-24 09:10:00,0.0,4,9,2025-01-24
341489,SÃO PAULO,355030811A,SP,AC Santana,"-23,50248","-46,628836",2025-01-24 10:10:00,0.0,4,10,2025-01-24
341490,SÃO PAULO,355030811A,SP,AC Santana,"-23,50248","-46,628836",2025-01-24 11:10:00,0.0,4,11,2025-01-24
341491,SÃO PAULO,355030811A,SP,AC Santana,"-23,50248","-46,628836",2025-01-24 12:10:00,0.0,4,12,2025-01-24
341492,SÃO PAULO,355030811A,SP,AC Santana,"-23,50248","-46,628836",2025-01-24 13:10:00,0.0,4,13,2025-01-24
341493,SÃO PAULO,355030811A,SP,AC Santana,"-23,50248","-46,628836",2025-01-24 14:10:00,0.0,4,14,2025-01-24
341494,SÃO PAULO,355030811A,SP,AC Santana,"-23,50248","-46,628836",2025-01-24 15:10:00,0.0,4,15,2025-01-24
341495,SÃO PAULO,355030811A,SP,AC Santana,"-23,50248","-46,628836",2025-01-24 16:10:00,0.0,4,16,2025-01-24
341496,SÃO PAULO,355030811A,SP,AC Santana,"-23,50248","-46,628836",2025-01-24 17:10:00,0.0,4,17,2025-01-24
341497,SÃO PAULO,355030811A,SP,AC Santana,"-23,50248","-46,628836",2025-01-24 18:10:00,0.0,4,18,2025-01-24
341498,SÃO PAULO,355030811A,SP,AC Santana,"-23,50248","-46,628836",2025-01-24 18:30:00,1.77,4,18,2025-01-24
341499,SÃO PAULO,355030811A,SP,AC Santana,"-23,50248","-46,628836",2025-01-24 18:40:00,1.57,4,18,2025-01-24
341500,SÃO PAULO,355030811A,SP,AC Santana,"-23,50248","-46,628836",2025-01-24 18:50:00,1.57,4,18,2025-01-24
341501,SÃO PAULO,355030811A,SP,AC Santana,"-23,50248","-46,628836",2025-01-24 19:00:00,1.18,4,19,2025-01-24
341502,SÃO PAULO,355030811A,SP,AC Santana,"-23,50248","-46,628836",2025-01-24 19:10:00,0.98,4,19,2025-01-24
341503,SÃO PAULO,355030811A,SP,AC Santana,"-23,50248","-46,628836",2025-01-24 19:20:00,0.79,4,19,2025-01-24
341504,SÃO PAULO,355030811A,SP,AC Santana,"-23,50248","-46,628836",2025-01-24 19:30:00,0.79,4,19,2025-01-24
341505,SÃO PAULO,355030811A,SP,AC Santana,"-23,50248","-46,628836",2025-01-24 19:40:00,0.39,4,19,2025-01-24
341506,SÃO PAULO,355030811A,SP,AC Santana,"-23,50248","-46,628836",2025-01-24 19:50:00,0.39,4,19,2025-01-24
341507,SÃO PAULO,355030811A,SP,AC Santana,"-23,50248","-46,628836",2025-01-24 20:00:00,0.59,4,20,2025-01-24
341508,SÃO PAULO,355030811A,SP,AC Santana,"-23,50248","-46,628836",2025-01-24 20:10:00,0.2,4,20,2025-01-24
341509,SÃO PAULO,355030811A,SP,AC Santana,"-23,50248","-46,628836",2025-01-24 20:20:00,0.39,4,20,2025-01-24
341510,SÃO PAULO,355030811A,SP,AC Santana,"-23,50248","-46,628836",2025-01-24 20:30:00,0.39,4,20,2025-01-24
341511,SÃO PAULO,355030811A,SP,AC Santana,"-23,50248","-46,628836",2025-01-24 20:40:00,0.39,4,20,2025-01-24
341512,SÃO PAULO,355030811A,SP,AC Santana,"-23,50248","-46,628836",2025-01-24 20:50:00,0.2,4,20,2025-01-24
341513,SÃO PAULO,355030811A,SP,AC Santana,"-23,50248","-46,628836",2025-01-24 21:00:00,0.39,4,21,2025-01-24
341514,SÃO PAULO,355030811A,SP,AC Santana,"-23,50248","-46,628836",2025-01-24 21:10:00,0.39,4,21,2025-01-24
341515,SÃO PAULO,355030811A,SP,AC Santana,"-23,50248","-46,628836",2025-01-24 21:20:00,0.39,4,21,2025-01-24
341516,SÃO PAULO,355030811A,SP,AC Santana,"-23,50248","-46,628836",2025-01-24 21:30:00,0.39,4,21,2025-01-24
341517,SÃO PAULO,355030811A,SP,AC Santana,"-23,50248","-46,628836",2025-01-24 21:40:00,0.2,4,21,2025-01-24
341518,SÃO PAULO,355030811A,SP,AC Santana,"-23,50248","-46,628836",2025-01-24 21:50:00,0.39,4,21,2025-01-24
341519,SÃO PAULO,355030811A,SP,AC Santana,"-23,50248","-46,628836",2025-01-24 22:00:00,0.2,4,22,2025-01-24
341520,SÃO PAULO,355030811A,SP,AC Santana,"-23,50248","-46,628836",2025-01-24 22:10:00,0.2,4,22,2025-01-24
341521,SÃO PAULO,355030811A,SP,AC Santana,"-23,50248","-46,628836",2025-01-24 22:20:00,0.2,4,22,2025-01-24
341522,SÃO PAULO,355030811A,SP,AC Santana,"-23,50248","-46,628836",2025-01-24 22:30:00,0.39,4,22,2025-01-24
341523,SÃO PAULO,355030811A,SP,AC Santana,"-23,50248","-46,628836",2025-01-24 22:40:00,0.2,4,22,2025-01-24
341524,SÃO PAULO,355030811A,SP,AC Santana,"-23,50248","-46,628836",2025-01-24 22:50:00,0.39,4,22,2025-01-24
341525,SÃO PAULO,355030811A,SP,AC Santana,"-23,50248","-46,628836",2025-01-24 23:00:00,0.2,4,23,2025-01-24
341526,SÃO PAULO,355030811A,SP,AC Santana,"-23,50248","-46,628836",2025-01-24 23:10:00,0.2,4,23,2025-01-24
341527,SÃO PAULO,355030811A,SP,AC Santana,"-23,50248","-46,628836",2025-01-24 23:20:00,0.2,4,23,2025-01-24
341528,SÃO PAULO,355030811A,SP,AC Santana,"-23,50248","-46,628836",2025-01-24 23:30:00,0.2,4,23,2025-01-24
341529,SÃO PAULO,355030811A,SP,AC Santana,"-23,50248","-46,628836",2025-01-24 23:40:00,0.2,4,23,2025-01-24
341530,SÃO PAULO,355030811A,SP,AC Santana,"-23,50248","-46,628836",2025-01-24 23:50:00,0.2,4,23,2025-01-24
341531,SÃO PAULO,355030811A,SP,AC Santana,"-23,50248","-46,628836",2025-01-25 00:00:00,0.2,4,0,2025-01-25
341532,SÃO PAULO,355030811A,SP,AC Santana,"-23,50248","-46,628836",2025-01-25 00:10:00,0.2,4,0,2025-01-25
341533,SÃO PAULO,355030811A,SP,AC Santana,"-23,50248","-46,628836",2025-01-25 00:20:00,0.2,4,0,2025-01-25
341534,SÃO PAULO,355030811A,SP,AC Santana,"-23,50248","-46,628836",2025-01-25 00:30:00,0.2,4,0,2025-01-25
341535,SÃO PAULO,355030811A,SP,AC Santana,"-23,50248","-46,628836",2025-01-25 00:40:00,0.2,4,0,2025-01-25
341536,SÃO PAULO,355030811A,SP,AC Santana,"-23,50248","-46,628836",2025-01-25 00:50:00,0.2,4,0,2025-01-25
341537,SÃO PAULO,355030811A,SP,AC Santana,"-23,50248","-46,628836",2025-01-25 01:00:00,0.2,4,1,2025-01-25
341538,SÃO PAULO,355030811A,SP,AC Santana,"-23,50248","-46,628836",2025-01-25 01:10:00,0.0,4,1,2025-01-25
341539,SÃO PAULO,355030811A,SP,AC Santana,"-23,50248","-46,628836",2025-01-25 01:20:00,0.2,4,1,2025-01-25
341540,SÃO PAULO,355030811A,SP,AC Santana,"-23,50248","-46,628836",2025-01-25 01:30:00,0.2,4,1,2025-01-25
341541,SÃO PAULO,355030811A,SP,AC Santana,"-23,50248","-46,628836",2025-01-25 01:40:00,0.2,4,1,2025-01-25
341542,SÃO PAULO,355030811A,SP,AC Santana,"-23,50248","-46,628836",2025-01-25 02:00:00,0.2,4,2,2025-01-25
341543,SÃO PAULO,355030811A,SP,AC Santana,"-23,50248","-46,628836",2025-01-25 02:10:00,0.2,4,2,2025-01-25
341544,SÃO PAULO,355030811A,SP,AC Santana,"-23,50248","-46,628836",2025-01-25 02:20:00,0.2,4,2,2025-01-25
341545,SÃO PAULO,355030811A,SP,AC Santana,"-23,50248","-46,628836",2025-01-25 02:50:00,0.2,4,2,2025-01-25
341546,SÃO PAULO,355030811A,SP,AC Santana,"-23,50248","-46,628836",2025-01-25 03:00:00,0.2,4,3,2025-01-25
341547,SÃO PAULO,355030811A,SP,AC Santana,"-23,50248","-46,628836",2025-01-25 03:10:00,0.2,4,3,2025-01-25
341548,SÃO PAULO,355030811A,SP,AC Santana,"-23,50248","-46,628836",2025-01-25 03:30:00,0.2,4,3,2025-01-25
341549,SÃO PAULO,355030811A,SP,AC Santana,"-23,50248","-46,628836",2025-01-25 03:40:00,0.2,4,3,2025-01-25
341550,SÃO PAULO,355030811A,SP,AC Santana,"-23,50248","-46,628836",2025-01-25 03:50:00,0.2,4,3,2025-01-25
341551,SÃO PAULO,355030811A,SP,AC Santana,"-23,50248","-46,628836",2025-01-25 04:10:00,0.2,4,4,2025-01-25
341552,SÃO PAULO,355030811A,SP,AC Santana,"-23,50248","-46,628836",2025-01-25 04:30:00,0.2,4,4,2025-01-25
341553,SÃO PAULO,355030811A,SP,AC Santana,"-23,50248","-46,628836",2025-01-25 04:50:00,0.2,4,4,2025-01-25
341554,SÃO PAULO,355030811A,SP,AC Santana,"-23,50248","-46,628836",2025-01-25 05:00:00,0.2,4,5,2025-01-25
341555,SÃO PAULO,355030811A,SP,AC Santana,"-23,50248","-46,628836",2025-01-25 05:10:00,0.0,4,5,2025-01-25
341556,SÃO PAULO,355030811A,SP,AC Santana,"-23,50248","-46,628836",2025-01-25 05:20:00,0.2,4,5,2025-01-25
341557,SÃO PAULO,355030811A,SP,AC Santana,"-23,50248","-46,628836",2025-01-25 05:40:00,0.2,4,5,2025-01-25
341558,SÃO PAULO,355030811A,SP,AC Santana,"-23,50248","-46,628836",2025-01-25 06:10:00,0.2,4,6,2025-01-25
341559,SÃO PAULO,355030811A,SP,AC Santana,"-23,50248","-46,628836",2025-01-25 06:30:00,0.2,4,6,2025-01-25
341560,SÃO PAULO,355030811A,SP,AC Santana,"-23,50248","-46,628836",2025-01-25 06:50:00,0.2,4,6,2025-01-25
341561,SÃO PAULO,355030811A,SP,AC Santana,"-23,50248","-46,628836",2025-01-25 07:10:00,0.2,4,7,2025-01-25
341562,SÃO PAULO,355030811A,SP,AC Santana,"-23,50248","-46,628836",2025-01-25 07:20:00,0.2,4,7,2025-01-25
341563,SÃO PAULO,355030811A,SP,AC Santana,"-23,50248","-46,628836",2025-01-25 07:30:00,0.2,4,7,2025-01-25
341564,SÃO PAULO,355030811A,SP,AC Santana,"-23,50248","-46,628836",2025-01-25 07:50:00,0.2,4,7,2025-01-25
341565,SÃO PAULO,355030811A,SP,AC Santana,"-23,50248","-46,628836",2025-01-25 08:00:00,0.2,4,8,2025-01-25
341566,SÃO PAULO,355030811A,SP,AC Santana,"-23,50248","-46,628836",2025-01-25 08:10:00,0.2,4,8,2025-01-25
341567,SÃO PAULO,355030811A,SP,AC Santana,"-23,50248","-46,628836",2025-01-25 08:20:00,0.2,4,8,2025-01-25
341568,SÃO PAULO,355030811A,SP,AC Santana,"-23,50248","-46,628836",2025-01-25 08:30:00,0.2,4,8,2025-01-25
341569,SÃO PAULO,355030811A,SP,AC Santana,"-23,50248","-46,628836",2025-01-25 08:40:00,0.39,4,8,2025-01-25
341570,SÃO PAULO,355030811A,SP,AC Santana,"-23,50248","-46,628836",2025-01-25 08:50:00,0.2,4,8,2025-01-25
341571,SÃO PAULO,355030811A,SP,AC Santana,"-23,50248","-46,628836",2025-01-25 09:00:00,0.2,4,9,2025-01-25
341572,SÃO PAULO,355030811A,SP,AC Santana,"-23,50248","-46,628836",2025-01-25 09:10:00,0.2,4,9,2025-01-25
341573,SÃO PAULO,355030811A,SP,AC Santana,"-23,50248","-46,628836",2025-01-25 09:20:00,0.2,4,9,2025-01-25
341574,SÃO PAULO,355030811A,SP,AC Santana,"-23,50248","-46,628836",2025-01-25 09:30:00,0.2,4,9,2025-01-25
341575,SÃO PAULO,355030811A,SP,AC Santana,"-23,50248","-46,628836",2025-01-25 09:40:00,0.2,4,9,2025-01-25
341576,SÃO PAULO,355030811A,SP,AC Santana,"-23,50248","-46,628836",2025-01-25 09:50:00,0.2,4,9,2025-01-25
341577,SÃO PAULO,355030811A,SP,AC Santana,"-23,50248","-46,628836",2025-01-25 10:10:00,0.2,4,10,2025-01-25
341578,SÃO PAULO,355030811A,SP,AC Santana,"-23,50248","-46,628836",2025-01-25 10:20:00,0.2,4,10,2025-01-25
341579,SÃO PAULO,355030811A,SP,AC Santana,"-23,50248","-46,628836",2025-01-25 10:30:00,0.2,4,10,2025-01-25
341580,SÃO PAULO,355030811A,SP,AC Santana,"-23,50248","-46,628836",2025-01-25 10:40:00,0.2,4,10,2025-01-25
341581,SÃO PAULO,355030811A,SP,AC Santana,"-23,50248","-46,628836",2025-01-25 10:50:00,0.2,4,10,2025-01-25
341582,SÃO PAULO,355030811A,SP,AC Santana,"-23,50248","-46,628836",2025-01-25 11:10:00,0.2,4,11,2025-01-25
341583,SÃO PAULO,355030811A,SP,AC Santana,"-23,50248","-46,628836",2025-01-25 11:20:00,0.2,4,11,2025-01-25
341584,SÃO PAULO,355030811A,SP,AC Santana,"-23,50248","-46,628836",2025-01-25 11:40:00,0.2,4,11,2025-01-25
341585,SÃO PAULO,355030811A,SP,AC Santana,"-23,50248","-46,628836",2025-01-25 11:50:00,0.2,4,11,2025-01-25
341586,SÃO PAULO,355030811A,SP,AC Santana,"-23,50248","-46,628836",2025-01-25 12:00:00,0.2,4,12,2025-01-25
341587,SÃO PAULO,355030811A,SP,AC Santana,"-23,50248","-46,628836",2025-01-25 12:10:00,0.0,4,12,2025-01-25
341588,SÃO PAULO,355030811A,SP,AC Santana,"-23,50248","-46,628836",2025-01-25 12:40:00,0.2,4,12,2025-01-25
341589,SÃO PAULO,355030811A,SP,AC Santana,"-23,50248","-46,628836",2025-01-25 13:10:00,0.2,4,13,2025-01-25
341590,SÃO PAULO,355030811A,SP,AC Santana,"-23,50248","-46,628836",2025-01-25 13:40:00,0.2,4,13,2025-01-25
341591,SÃO PAULO,355030811A,SP,AC Santana,"-23,50248","-46,628836",2025-01-25 14:10:00,0.0,4,14,2025-01-25
341592,SÃO PAULO,355030811A,SP,AC Santana,"-23,50248","-46,628836",2025-01-25 14:20:00,0.2,4,14,2025-01-25
341593,SÃO PAULO,355030811A,SP,AC Santana,"-23,50248","-46,628836",2025-01-25 14:50:00,0.2,4,14,2025-01-25
341594,SÃO PAULO,355030811A,SP,AC Santana,"-23,50248","-46,628836",2025-01-25 15:10:00,0.0,4,15,2025-01-25
341595,SÃO PAULO,355030811A,SP,AC Santana,"-23,50248","-46,628836",2025-01-25 15:30:00,0.2,4,15,2025-01-25
341596,SÃO PAULO,355030811A,SP,AC Santana,"-23,50248","-46,628836",2025-01-25 16:00:00,0.2,4,16,2025-01-25
341597,SÃO PAULO,355030811A,SP,AC Santana,"-23,50248","-46,628836",2025-01-25 16:10:00,0.0,4,16,2025-01-25
341598,SÃO PAULO,355030811A,SP,AC Santana,"-23,50248","-46,628836",2025-01-25 16:40:00,0.2,4,16,2025-01-25
341599,SÃO PAULO,355030811A,SP,AC Santana,"-23,50248","-46,628836",2025-01-25 17:10:00,0.2,4,17,2025-01-25
341600,SÃO PAULO,355030811A,SP,AC Santana,"-23,50248","-46,628836",2025-01-25 17:40:00,0.2,4,17,2025-01-25
341601,SÃO PAULO,355030811A,SP,AC Santana,"-23,50248","-46,628836",2025-01-25 18:10:00,0.0,4,18,2025-01-25
341602,SÃO PAULO,355030811A,SP,AC Santana,"-23,50248","-46,628836",2025-01-25 18:20:00,0.2,4,18,2025-01-25
341603,SÃO PAULO,355030811A,SP,AC Santana,"-23,50248","-46,628836",2025-01-25 19:00:00,0.2,4,19,2025-01-25
341604,SÃO PAULO,355030811A,SP,AC Santana,"-23,50248","-46,628836",2025-01-25 19:10:00,0.0,4,19,2025-01-25
341605,SÃO PAULO,355030811A,SP,AC Santana,"-23,50248","-46,628836",2025-01-25 19:30:00,0.2,4,19,2025-01-25
341606,SÃO PAULO,355030811A,SP,AC Santana,"-23,50248","-46,628836",2025-01-25 19:50:00,0.2,4,19,2025-01-25
341607,SÃO PAULO,355030811A,SP,AC Santana,"-23,50248","-46,628836",2025-01-25 20:20:00,0.2,4,20,2025-01-25
341608,SÃO PAULO,355030811A,SP,AC Santana,"-23,50248","-46,628836",2025-01-25 20:40:00,0.2,4,20,2025-01-25
341609,SÃO PAULO,355030811A,SP,AC Santana,"-23,50248","-46,628836",2025-01-25 21:00:00,0.2,4,21,2025-01-25
341610,SÃO PAULO,355030811A,SP,AC Santana,"-23,50248","-46,628836",2025-01-25 21:20:00,0.2,4,21,2025-01-25
341611,SÃO PAULO,355030811A,SP,AC Santana,"-23,50248","-46,628836",2025-01-25 21:30:00,0.2,4,21,2025-01-25
341612,SÃO PAULO,355030811A,SP,AC Santana,"-23,50248","-46,628836",2025-01-25 21:40:00,0.2,4,21,2025-01-25
341613,SÃO PAULO,355030811A,SP,AC Santana,"-23,50248","-46,628836",2025-01-25 21:50:00,0.2,4,21,2025-01-25
341614,SÃO PAULO,355030811A,SP,AC Santana,"-23,50248","-46,628836",2025-01-25 22:00:00,0.2,4,22,2025-01-25
341615,SÃO PAULO,355030811A,SP,AC Santana,"-23,50248","-46,628836",2025-01-25 22:10:00,0.2,4,22,2025-01-25
341616,SÃO PAULO,355030811A,SP,AC Santana,"-23,50248","-46,628836",2025-01-25 22:20:00,0.2,4,22,2025-01-25
341617,SÃO PAULO,355030811A,SP,AC Santana,"-23,50248","-46,628836",2025-01-25 22:40:00,0.2,4,22,2025-01-25
341618,SÃO PAULO,355030811A,SP,AC Santana,"-23,50248","-46,628836",2025-01-25 23:00:00,0.2,4,23,2025-01-25
341619,SÃO PAULO,355030811A,SP,AC Santana,"-23,50248","-46,628836",2025-01-25 23:10:00,0.2,4,23,2025-01-25
341620,SÃO PAULO,355030811A,SP,AC Santana,"-23,50248","-46,628836",2025-01-25 23:30:00,0.2,4,23,2025-01-25
341621,SÃO PAULO,355030811A,SP,AC Santana,"-23,50248","-46,628836",2025-01-25 23:50:00,0.2,4,23,2025-01-25
341622,SÃO PAULO,355030811A,SP,AC Santana,"-23,50248","-46,628836",2025-01-26 00:30:00,0.2,4,0,2025-01-26
341623,SÃO PAULO,355030811A,SP,AC Santana,"-23,50248","-46,628836",2025-01-26 00:40:00,0.2,4,0,2025-01-26
341624,SÃO PAULO,355030811A,SP,AC Santana,"-23,50248","-46,628836",2025-01-26 00:50:00,0.2,4,0,2025-01-26
341625,SÃO PAULO,355030811A,SP,AC Santana,"-23,50248","-46,628836",2025-01-26 01:10:00,0.2,4,1,2025-01-26
341626,SÃO PAULO,355030811A,SP,AC Santana,"-23,50248","-46,628836",2025-01-26 01:20:00,0.2,4,1,2025-01-26
341627,SÃO PAULO,355030811A,SP,AC Santana,"-23,50248","-46,628836",2025-01-26 01:40:00,0.2,4,1,2025-01-26
341628,SÃO PAULO,355030811A,SP,AC Santana,"-23,50248","-46,628836",2025-01-26 01:50:00,0.2,4,1,2025-01-26
341629,SÃO PAULO,355030811A,SP,AC Santana,"-23,50248","-46,628836",2025-01-26 02:10:00,0.2,4,2,2025-01-26
341630,SÃO PAULO,355030811A,SP,AC Santana,"-23,50248","-46,628836",2025-01-26 02:30:00,0.2,4,2,2025-01-26
341631,SÃO PAULO,355030811A,SP,AC Santana,"-23,50248","-46,628836",2025-01-26 02:40:00,0.2,4,2,2025-01-26
341632,SÃO PAULO,355030811A,SP,AC Santana,"-23,50248","-46,628836",2025-01-26 03:00:00,0.2,4,3,2025-01-26
341633,SÃO PAULO,355030811A,SP,AC Santana,"-23,50248","-46,628836",2025-01-26 03:10:00,0.0,4,3,2025-01-26
341634,SÃO PAULO,355030811A,SP,AC Santana,"-23,50248","-46,628836",2025-01-26 03:20:00,0.2,4,3,2025-01-26
341635,SÃO PAULO,355030811A,SP,AC Santana,"-23,50248","-46,628836",2025-01-26 03:40:00,0.2,4,3,2025-01-26
341636,SÃO PAULO,355030811A,SP,AC Santana,"-23,50248","-46,628836",2025-01-26 04:00:00,0.2,4,4,2025-01-26
341637,SÃO PAULO,355030811A,SP,AC Santana,"-23,50248","-46,628836",2025-01-26 04:20:00,0.2,4,4,2025-01-26
341638,SÃO PAULO,355030811A,SP,AC Santana,"-23,50248","-46,628836",2025-01-26 04:30:00,0.2,4,4,2025-01-26
341639,SÃO PAULO,355030811A,SP,AC Santana,"-23,50248","-46,628836",2025-01-26 04:50:00,0.2,4,4,2025-01-26
341640,SÃO PAULO,355030811A,SP,AC Santana,"-23,50248","-46,628836",2025-01-26 05:00:00,0.2,4,5,2025-01-26
341641,SÃO PAULO,355030811A,SP,AC Santana,"-23,50248","-46,628836",2025-01-26 05:10:00,0.0,4,5,2025-01-26
341642,SÃO PAULO,355030811A,SP,AC Santana,"-23,50248","-46,628836",2025-01-26 05:20:00,0.2,4,5,2025-01-26
341643,SÃO PAULO,355030811A,SP,AC Santana,"-23,50248","-46,628836",2025-01-26 05:40:00,0.2,4,5,2025-01-26
341644,SÃO PAULO,355030811A,SP,AC Santana,"-23,50248","-46,628836",2025-01-26 06:00:00,0.2,4,6,2025-01-26
341645,SÃO PAULO,355030811A,SP,AC Santana,"-23,50248","-46,628836",2025-01-26 06:10:00,0.0,4,6,2025-01-26
341646,SÃO PAULO,355030811A,SP,AC Santana,"-23,50248","-46,628836",2025-01-26 06:20:00,0.2,4,6,2025-01-26
341647,SÃO PAULO,355030811A,SP,AC Santana,"-23,50248","-46,628836",2025-01-26 06:40:00,0.2,4,6,2025-01-26
341648,SÃO PAULO,355030811A,SP,AC Santana,"-23,50248","-46,628836",2025-01-26 06:50:00,0.2,4,6,2025-01-26
341649,SÃO PAULO,355030811A,SP,AC Santana,"-23,50248","-46,628836",2025-01-26 07:10:00,0.2,4,7,2025-01-26
341650,SÃO PAULO,355030811A,SP,AC Santana,"-23,50248","-46,628836",2025-01-26 07:20:00,0.2,4,7,2025-01-26
341651,SÃO PAULO,355030811A,SP,AC Santana,"-23,50248","-46,628836",2025-01-26 07:40:00,0.2,4,7,2025-01-26
341652,SÃO PAULO,355030811A,SP,AC Santana,"-23,50248","-46,628836",2025-01-26 08:00:00,0.2,4,8,2025-01-26
341653,SÃO PAULO,355030811A,SP,AC Santana,"-23,50248","-46,628836",2025-01-26 08:10:00,0.2,4,8,2025-01-26
341654,SÃO PAULO,355030811A,SP,AC Santana,"-23,50248","-46,628836",2025-01-26 08:20:00,0.2,4,8,2025-01-26
341655,SÃO PAULO,355030811A,SP,AC Santana,"-23,50248","-46,628836",2025-01-26 08:40:00,0.2,4,8,2025-01-26
341656,SÃO PAULO,355030811A,SP,AC Santana,"-23,50248","-46,628836",2025-01-26 08:50:00,0.2,4,8,2025-01-26
341657,SÃO PAULO,355030811A,SP,AC Santana,"-23,50248","-46,628836",2025-01-26 09:00:00,0.2,4,9,2025-01-26
341658,SÃO PAULO,355030811A,SP,AC Santana,"-23,50248","-46,628836",2025-01-26 09:10:00,0.2,4,9,2025-01-26
341659,SÃO PAULO,355030811A,SP,AC Santana,"-23,50248","-46,628836",2025-01-26 09:30:00,0.2,4,9,2025-01-26
341660,SÃO PAULO,355030811A,SP,AC Santana,"-23,50248","-46,628836",2025-01-26 09:40:00,0.2,4,9,2025-01-26
341661,SÃO PAULO,355030811A,SP,AC Santana,"-23,50248","-46,628836",2025-01-26 09:50:00,0.2,4,9,2025-01-26
341662,SÃO PAULO,355030811A,SP,AC Santana,"-23,50248","-46,628836",2025-01-26 10:00:00,0.2,4,10,2025-01-26
341663,SÃO PAULO,355030811A,SP,AC Santana,"-23,50248","-46,628836",2025-01-26 10:10:00,0.2,4,10,2025-01-26
341664,SÃO PAULO,355030811A,SP,AC Santana,"-23,50248","-46,628836",2025-01-26 10:20:00,0.2,4,10,2025-01-26
341665,SÃO PAULO,355030811A,SP,AC Santana,"-23,50248","-46,628836",2025-01-26 10:30:00,0.2,4,10,2025-01-26
341666,SÃO PAULO,355030811A,SP,AC Santana,"-23,50248","-46,628836",2025-01-26 10:40:00,0.2,4,10,2025-01-26
341667,SÃO PAULO,355030811A,SP,AC Santana,"-23,50248","-46,628836",2025-01-26 10:50:00,0.2,4,10,2025-01-26
341668,SÃO PAULO,355030811A,SP,AC Santana,"-23,50248","-46,628836",2025-01-26 11:00:00,0.2,4,11,2025-01-26
341669,SÃO PAULO,355030811A,SP,AC Santana,"-23,50248","-46,628836",2025-01-26 11:10:00,0.2,4,11,2025-01-26
341670,SÃO PAULO,355030811A,SP,AC Santana,"-23,50248","-46,628836",2025-01-26 11:20:00,0.2,4,11,2025-01-26
341671,SÃO PAULO,355030811A,SP,AC Santana,"-23,50248","-46,628836",2025-01-26 11:30:00,0.2,4,11,2025-01-26
341672,SÃO PAULO,355030811A,SP,AC Santana,"-23,50248","-46,628836",2025-01-26 11:50:00,0.2,4,11,2025-01-26
341673,SÃO PAULO,355030811A,SP,AC Santana,"-23,50248","-46,628836",2025-01-26 12:00:00,0.2,4,12,2025-01-26
341674,SÃO PAULO,355030811A,SP,AC Santana,"-23,50248","-46,628836",2025-01-26 12:10:00,0.2,4,12,2025-01-26
341675,SÃO PAULO,355030811A,SP,AC Santana,"-23,50248","-46,628836",2025-01-26 12:20:00,0.2,4,12,2025-01-26
341676,SÃO PAULO,355030811A,SP,AC Santana,"-23,50248","-46,628836",2025-01-26 12:30:00,0.2,4,12,2025-01-26
341677,SÃO PAULO,355030811A,SP,AC Santana,"-23,50248","-46,628836",2025-01-26 12:40:00,0.2,4,12,2025-01-26
341678,SÃO PAULO,355030811A,SP,AC Santana,"-23,50248","-46,628836",2025-01-26 12:50:00,0.2,4,12,2025-01-26
341679,SÃO PAULO,355030811A,SP,AC Santana,"-23,50248","-46,628836",2025-01-26 13:00:00,0.2,4,13,2025-01-26
341680,SÃO PAULO,355030811A,SP,AC Santana,"-23,50248","-46,628836",2025-01-26 13:10:00,0.2,4,13,2025-01-26
341681,SÃO PAULO,355030811A,SP,AC Santana,"-23,50248","-46,628836",2025-01-26 13:20:00,0.2,4,13,2025-01-26
341682,SÃO PAULO,355030811A,SP,AC Santana,"-23,50248","-46,628836",2025-01-26 13:30:00,0.2,4,13,2025-01-26
341683,SÃO PAULO,355030811A,SP,AC Santana,"-23,50248","-46,628836",2025-01-26 13:50:00,0.2,4,13,2025-01-26
341684,SÃO PAULO,355030811A,SP,AC Santana,"-23,50248","-46,628836",2025-01-26 14:00:00,0.2,4,14,2025-01-26
341685,SÃO PAULO,355030811A,SP,AC Santana,"-23,50248","-46,628836",2025-01-26 14:10:00,0.0,4,14,2025-01-26
341686,SÃO PAULO,355030811A,SP,AC Santana,"-23,50248","-46,628836",2025-01-26 14:20:00,0.2,4,14,2025-01-26
341687,SÃO PAULO,355030811A,SP,AC Santana,"-23,50248","-46,628836",2025-01-26 14:30:00,0.2,4,14,2025-01-26
341688,SÃO PAULO,355030811A,SP,AC Santana,"-23,50248","-46,628836",2025-01-26 14:50:00,0.2,4,14,2025-01-26
341689,SÃO PAULO,355030811A,SP,AC Santana,"-23,50248","-46,628836",2025-01-26 15:00:00,0.2,4,15,2025-01-26
341690,SÃO PAULO,355030811A,SP,AC Santana,"-23,50248","-46,628836",2025-01-26 15:10:00,0.0,4,15,2025-01-26
341691,SÃO PAULO,355030811A,SP,AC Santana,"-23,50248","-46,628836",2025-01-26 15:20:00,0.2,4,15,2025-01-26
341692,SÃO PAULO,355030811A,SP,AC Santana,"-23,50248","-46,628836",2025-01-26 15:30:00,0.2,4,15,2025-01-26
341693,SÃO PAULO,355030811A,SP,AC Santana,"-23,50248","-46,628836",2025-01-26 15:40:00,0.2,4,15,2025-01-26
341694,SÃO PAULO,355030811A,SP,AC Santana,"-23,50248","-46,628836",2025-01-26 16:00:00,0.2,4,16,2025-01-26
341695,SÃO PAULO,355030811A,SP,AC Santana,"-23,50248","-46,628836",2025-01-26 16:10:00,0.2,4,16,2025-01-26
341696,SÃO PAULO,355030811A,SP,AC Santana,"-23,50248","-46,628836",2025-01-26 16:20:00,0.2,4,16,2025-01-26
341697,SÃO PAULO,355030811A,SP,AC Santana,"-23,50248","-46,628836",2025-01-26 16:40:00,0.2,4,16,2025-01-26
341698,SÃO PAULO,355030811A,SP,AC Santana,"-23,50248","-46,628836",2025-01-26 16:50:00,0.2,4,16,2025-01-26
341699,SÃO PAULO,355030811A,SP,AC Santana,"-23,50248","-46,628836",2025-01-26 17:10:00,0.2,4,17,2025-01-26
341700,SÃO PAULO,355030811A,SP,AC Santana,"-23,50248","-46,628836",2025-01-26 17:30:00,0.2,4,17,2025-01-26
341701,SÃO PAULO,355030811A,SP,AC Santana,"-23,50248","-46,628836",2025-01-26 17:50:00,0.2,4,17,2025-01-26
341702,SÃO PAULO,355030811A,SP,AC Santana,"-23,50248","-46,628836",2025-01-26 18:10:00,0.2,4,18,2025-01-26
341703,SÃO PAULO,355030811A,SP,AC Santana,"-23,50248","-46,628836",2025-01-26 18:40:00,0.2,4,18,2025-01-26
341704,SÃO PAULO,355030811A,SP,AC Santana,"-23,50248","-46,628836",2025-01-26 19:00:00,0.2,4,19,2025-01-26
341705,SÃO PAULO,355030811A,SP,AC Santana,"-23,50248","-46,628836",2025-01-26 19:10:00,0.0,4,19,2025-01-26
341706,SÃO PAULO,355030811A,SP,AC Santana,"-23,50248","-46,628836",2025-01-26 19:30:00,0.2,4,19,2025-01-26
341707,SÃO PAULO,355030811A,SP,AC Santana,"-23,50248","-46,628836",2025-01-26 19:50:00,0.2,4,19,2025-01-26
341708,SÃO PAULO,355030811A,SP,AC Santana,"-23,50248","-46,628836",2025-01-26 20:00:00,0.2,4,20,2025-01-26
341709,SÃO PAULO,355030811A,SP,AC Santana,"-23,50248","-46,628836",2025-01-26 20:10:00,0.0,4,20,2025-01-26
341710,SÃO PAULO,355030811A,SP,AC Santana,"-23,50248","-46,628836",2025-01-26 20:20:00,0.2,4,20,2025-01-26
341711,SÃO PAULO,355030811A,SP,AC Santana,"-23,50248","-46,628836",2025-01-26 20:40:00,0.2,4,20,2025-01-26
341712,SÃO PAULO,355030811A,SP,AC Santana,"-23,50248","-46,628836",2025-01-26 21:00:00,0.2,4,21,2025-01-26
341713,SÃO PAULO,355030811A,SP,AC Santana,"-23,50248","-46,628836",2025-01-26 21:10:00,0.0,4,21,2025-01-26
341714,SÃO PAULO,355030811A,SP,AC Santana,"-23,50248","-46,628836",2025-01-26 21:20:00,0.2,4,21,2025-01-26
341715,SÃO PAULO,355030811A,SP,AC Santana,"-23,50248","-46,628836",2025-01-26 21:30:00,0.2,4,21,2025-01-26
341716,SÃO PAULO,355030811A,SP,AC Santana,"-23,50248","-46,628836",2025-01-26 21:50:00,0.2,4,21,2025-01-26
341717,SÃO PAULO,355030811A,SP,AC Santana,"-23,50248","-46,628836",2025-01-26 22:00:00,0.2,4,22,2025-01-26
341718,SÃO PAULO,355030811A,SP,AC Santana,"-23,50248","-46,628836",2025-01-26 22:10:00,0.2,4,22,2025-01-26
341719,SÃO PAULO,355030811A,SP,AC Santana,"-23,50248","-46,628836",2025-01-26 22:20:00,0.2,4,22,2025-01-26
341720,SÃO PAULO,355030811A,SP,AC Santana,"-23,50248","-46,628836",2025-01-26 22:40:00,0.2,4,22,2025-01-26
341721,SÃO PAULO,355030811A,SP,AC Santana,"-23,50248","-46,628836",2025-01-26 22:50:00,0.2,4,22,2025-01-26
341722,SÃO PAULO,355030811A,SP,AC Santana,"-23,50248","-46,628836",2025-01-26 23:00:00,0.2,4,23,2025-01-26
341723,SÃO PAULO,355030811A,SP,AC Santana,"-23,50248","-46,628836",2025-01-26 23:10:00,0.0,4,23,2025-01-26
341724,SÃO PAULO,355030811A,SP,AC Santana,"-23,50248","-46,628836",2025-01-26 23:20:00,0.2,4,23,2025-01-26
341725,SÃO PAULO,355030811A,SP,AC Santana,"-23,50248","-46,628836",2025-01-26 23:30:00,0.2,4,23,2025-01-26
341726,SÃO PAULO,355030811A,SP,AC Santana,"-23,50248","-46,628836",2025-01-26 23:40:00,0.2,4,23,2025-01-26
341727,SÃO PAULO,355030811A,SP,AC Santana,"-23,50248","-46,628836",2025-01-27 00:00:00,0.2,5,0,2025-01-27
341728,SÃO PAULO,355030811A,SP,AC Santana,"-23,50248","-46,628836",2025-01-27 00:10:00,0.2,5,0,2025-01-27
341729,SÃO PAULO,355030811A,SP,AC Santana,"-23,50248","-46,628836",2025-01-27 00:30:00,0.2,5,0,2025-01-27
341730,SÃO PAULO,355030811A,SP,AC Santana,"-23,50248","-46,628836",2025-01-27 00:40:00,0.2,5,0,2025-01-27
341731,SÃO PAULO,355030811A,SP,AC Santana,"-23,50248","-46,628836",2025-01-27 01:00:00,0.2,5,1,2025-01-27
341732,SÃO PAULO,355030811A,SP,AC Santana,"-23,50248","-46,628836",2025-01-27 01:10:00,0.2,5,1,2025-01-27
341733,SÃO PAULO,355030811A,SP,AC Santana,"-23,50248","-46,628836",2025-01-27 01:30:00,0.2,5,1,2025-01-27
341734,SÃO PAULO,355030811A,SP,AC Santana,"-23,50248","-46,628836",2025-01-27 01:40:00,0.2,5,1,2025-01-27
341735,SÃO PAULO,355030811A,SP,AC Santana,"-23,50248","-46,628836",2025-01-27 02:00:00,0.2,5,2,2025-01-27
341736,SÃO PAULO,355030811A,SP,AC Santana,"-23,50248","-46,628836",2025-01-27 02:10:00,0.2,5,2,2025-01-27
341737,SÃO PAULO,355030811A,SP,AC Santana,"-23,50248","-46,628836",2025-01-27 02:30:00,0.2,5,2,2025-01-27
341738,SÃO PAULO,355030811A,SP,AC Santana,"-23,50248","-46,628836",2025-01-27 02:40:00,0.2,5,2,2025-01-27
341739,SÃO PAULO,355030811A,SP,AC Santana,"-23,50248","-46,628836",2025-01-27 03:00:00,0.2,5,3,2025-01-27
341740,SÃO PAULO,355030811A,SP,AC Santana,"-23,50248","-46,628836",2025-01-27 03:10:00,0.2,5,3,2025-01-27
341741,SÃO PAULO,355030811A,SP,AC Santana,"-23,50248","-46,628836",2025-01-27 03:30:00,0.2,5,3,2025-01-27
341742,SÃO PAULO,355030811A,SP,AC Santana,"-23,50248","-46,628836",2025-01-27 03:40:00,0.2,5,3,2025-01-27
341743,SÃO PAULO,355030811A,SP,AC Santana,"-23,50248","-46,628836",2025-01-27 03:50:00,0.2,5,3,2025-01-27
341744,SÃO PAULO,355030811A,SP,AC Santana,"-23,50248","-46,628836",2025-01-27 04:00:00,0.2,5,4,2025-01-27
341745,SÃO PAULO,355030811A,SP,AC Santana,"-23,50248","-46,628836",2025-01-27 04:10:00,0.0,5,4,2025-01-27
341746,SÃO PAULO,355030811A,SP,AC Santana,"-23,50248","-46,628836",2025-01-27 04:20:00,0.2,5,4,2025-01-27
341747,SÃO PAULO,355030811A,SP,AC Santana,"-23,50248","-46,628836",2025-01-27 04:30:00,0.2,5,4,2025-01-27
341748,SÃO PAULO,355030811A,SP,AC Santana,"-23,50248","-46,628836",2025-01-27 04:40:00,0.2,5,4,2025-01-27
341749,SÃO PAULO,355030811A,SP,AC Santana,"-23,50248","-46,628836",2025-01-27 05:00:00,0.2,5,5,2025-01-27
341750,SÃO PAULO,355030811A,SP,AC Santana,"-23,50248","-46,628836",2025-01-27 05:10:00,0.2,5,5,2025-01-27
341751,SÃO PAULO,355030811A,SP,AC Santana,"-23,50248","-46,628836",2025-01-27 05:20:00,0.2,5,5,2025-01-27
341752,SÃO PAULO,355030811A,SP,AC Santana,"-23,50248","-46,628836",2025-01-27 05:30:00,0.2,5,5,2025-01-27
341753,SÃO PAULO,355030811A,SP,AC Santana,"-23,50248","-46,628836",2025-01-27 05:40:00,0.2,5,5,2025-01-27
341754,SÃO PAULO,355030811A,SP,AC Santana,"-23,50248","-46,628836",2025-01-27 05:50:00,0.2,5,5,2025-01-27
341755,SÃO PAULO,355030811A,SP,AC Santana,"-23,50248","-46,628836",2025-01-27 06:10:00,0.2,5,6,2025-01-27
341756,SÃO PAULO,355030811A,SP,AC Santana,"-23,50248","-46,628836",2025-01-27 06:30:00,0.2,5,6,2025-01-27
341757,SÃO PAULO,355030811A,SP,AC Santana,"-23,50248","-46,628836",2025-01-27 06:40:00,0.2,5,6,2025-01-27
341758,SÃO PAULO,355030811A,SP,AC Santana,"-23,50248","-46,628836",2025-01-27 07:00:00,0.2,5,7,2025-01-27
341759,SÃO PAULO,355030811A,SP,AC Santana,"-23,50248","-46,628836",2025-01-27 07:10:00,0.0,5,7,2025-01-27
341760,SÃO PAULO,355030811A,SP,AC Santana,"-23,50248","-46,628836",2025-01-27 07:20:00,0.2,5,7,2025-01-27
341761,SÃO PAULO,355030811A,SP,AC Santana,"-23,50248","-46,628836",2025-01-27 07:40:00,0.2,5,7,2025-01-27
341762,SÃO PAULO,355030811A,SP,AC Santana,"-23,50248","-46,628836",2025-01-27 07:50:00,0.2,5,7,2025-01-27
341763,SÃO PAULO,355030811A,SP,AC Santana,"-23,50248","-46,628836",2025-01-27 08:00:00,0.2,5,8,2025-01-27
341764,SÃO PAULO,355030811A,SP,AC Santana,"-23,50248","-46,628836",2025-01-27 08:20:00,0.2,5,8,2025-01-27
341765,SÃO PAULO,355030811A,SP,AC Santana,"-23,50248","-46,628836",2025-01-27 08:30:00,0.2,5,8,2025-01-27
341766,SÃO PAULO,355030811A,SP,AC Santana,"-23,50248","-46,628836",2025-01-27 08:40:00,0.2,5,8,2025-01-27
341767,SÃO PAULO,355030811A,SP,AC Santana,"-23,50248","-46,628836",2025-01-27 08:50:00,0.2,5,8,2025-01-27
341768,SÃO PAULO,355030811A,SP,AC Santana,"-23,50248","-46,628836",2025-01-27 09:00:00,0.2,5,9,2025-01-27
341769,SÃO PAULO,355030811A,SP,AC Santana,"-23,50248","-46,628836",2025-01-27 09:10:00,0.2,5,9,2025-01-27
341770,SÃO PAULO,355030811A,SP,AC Santana,"-23,50248","-46,628836",2025-01-27 09:20:00,0.2,5,9,2025-01-27
341771,SÃO PAULO,355030811A,SP,AC Santana,"-23,50248","-46,628836",2025-01-27 09:30:00,0.2,5,9,2025-01-27
341772,SÃO PAULO,355030811A,SP,AC Santana,"-23,50248","-46,628836",2025-01-27 09:40:00,0.2,5,9,2025-01-27
341773,SÃO PAULO,355030811A,SP,AC Santana,"-23,50248","-46,628836",2025-01-27 09:50:00,0.2,5,9,2025-01-27
341774,SÃO PAULO,355030811A,SP,AC Santana,"-23,50248","-46,628836",2025-01-27 10:00:00,0.2,5,10,2025-01-27
341775,SÃO PAULO,355030811A,SP,AC Santana,"-23,50248","-46,628836",2025-01-27 10:10:00,0.2,5,10,2025-01-27
341776,SÃO PAULO,355030811A,SP,AC Santana,"-23,50248","-46,628836",2025-01-27 10:20:00,0.2,5,10,2025-01-27
341777,SÃO PAULO,355030811A,SP,AC Santana,"-23,50248","-46,628836",2025-01-27 10:30:00,0.2,5,10,2025-01-27
341778,SÃO PAULO,355030811A,SP,AC Santana,"-23,50248","-46,628836",2025-01-27 10:40:00,0.2,5,10,2025-01-27
341779,SÃO PAULO,355030811A,SP,AC Santana,"-23,50248","-46,628836",2025-01-27 10:50:00,0.2,5,10,2025-01-27
341780,SÃO PAULO,355030811A,SP,AC Santana,"-23,50248","-46,628836",2025-01-27 11:00:00,0.2,5,11,2025-01-27
341781,SÃO PAULO,355030811A,SP,AC Santana,"-23,50248","-46,628836",2025-01-27 11:10:00,0.39,5,11,2025-01-27
341782,SÃO PAULO,355030811A,SP,AC Santana,"-23,50248","-46,628836",2025-01-27 11:30:00,0.2,5,11,2025-01-27
341783,SÃO PAULO,355030811A,SP,AC Santana,"-23,50248","-46,628836",2025-01-27 11:40:00,0.2,5,11,2025-01-27
341784,SÃO PAULO,355030811A,SP,AC Santana,"-23,50248","-46,628836",2025-01-27 11:50:00,0.2,5,11,2025-01-27
341785,SÃO PAULO,355030811A,SP,AC Santana,"-23,50248","-46,628836",2025-01-27 12:10:00,0.2,5,12,2025-01-27
341786,SÃO PAULO,355030811A,SP,AC Santana,"-23,50248","-46,628836",2025-01-27 12:20:00,0.2,5,12,2025-01-27
341787,SÃO PAULO,355030811A,SP,AC Santana,"-23,50248","-46,628836",2025-01-27 12:30:00,0.2,5,12,2025-01-27
341788,SÃO PAULO,355030811A,SP,AC Santana,"-23,50248","-46,628836",2025-01-27 12:50:00,0.2,5,12,2025-01-27
341789,SÃO PAULO,355030811A,SP,AC Santana,"-23,50248","-46,628836",2025-01-27 13:00:00,0.2,5,13,2025-01-27
341790,SÃO PAULO,355030811A,SP,AC Santana,"-23,50248","-46,628836",2025-01-27 13:10:00,0.2,5,13,2025-01-27
341791,SÃO PAULO,355030811A,SP,AC Santana,"-23,50248","-46,628836",2025-01-27 13:30:00,0.2,5,13,2025-01-27
341792,SÃO PAULO,355030811A,SP,AC Santana,"-23,50248","-46,628836",2025-01-27 13:40:00,0.2,5,13,2025-01-27
341793,SÃO PAULO,355030811A,SP,AC Santana,"-23,50248","-46,628836",2025-01-27 14:00:00,0.2,5,14,2025-01-27
341794,SÃO PAULO,355030811A,SP,AC Santana,"-23,50248","-46,628836",2025-01-27 14:10:00,0.2,5,14,2025-01-27
341795,SÃO PAULO,355030811A,SP,AC Santana,"-23,50248","-46,628836",2025-01-27 14:20:00,0.2,5,14,2025-01-27
341796,SÃO PAULO,355030811A,SP,AC Santana,"-23,50248","-46,628836",2025-01-27 14:40:00,0.2,5,14,2025-01-27
341797,SÃO PAULO,355030811A,SP,AC Santana,"-23,50248","-46,628836",2025-01-27 14:50:00,0.2,5,14,2025-01-27
341798,SÃO PAULO,355030811A,SP,AC Santana,"-23,50248","-46,628836",2025-01-27 15:00:00,0.2,5,15,2025-01-27
341799,SÃO PAULO,355030811A,SP,AC Santana,"-23,50248","-46,628836",2025-01-27 15:10:00,0.2,5,15,2025-01-27
341800,SÃO PAULO,355030811A,SP,AC Santana,"-23,50248","-46,628836",2025-01-27 15:20:00,0.2,5,15,2025-01-27
341801,SÃO PAULO,355030811A,SP,AC Santana,"-23,50248","-46,628836",2025-01-27 15:30:00,0.2,5,15,2025-01-27
341802,SÃO PAULO,355030811A,SP,AC Santana,"-23,50248","-46,628836",2025-01-27 15:40:00,0.2,5,15,2025-01-27
341803,SÃO PAULO,355030811A,SP,AC Santana,"-23,50248","-46,628836",2025-01-27 15:50:00,0.2,5,15,2025-01-27
341804,SÃO PAULO,355030811A,SP,AC Santana,"-23,50248","-46,628836",2025-01-27 16:00:00,0.2,5,16,2025-01-27
341805,SÃO PAULO,355030811A,SP,AC Santana,"-23,50248","-46,628836",2025-01-27 16:10:00,0.2,5,16,2025-01-27
341806,SÃO PAULO,355030811A,SP,AC Santana,"-23,50248","-46,628836",2025-01-27 16:20:00,0.2,5,16,2025-01-27
341807,SÃO PAULO,355030811A,SP,AC Santana,"-23,50248","-46,628836",2025-01-27 16:40:00,0.2,5,16,2025-01-27
341808,SÃO PAULO,355030811A,SP,AC Santana,"-23,50248","-46,628836",2025-01-27 16:50:00,0.2,5,16,2025-01-27
341809,SÃO PAULO,355030811A,SP,AC Santana,"-23,50248","-46,628836",2025-01-27 17:10:00,0.2,5,17,2025-01-27
341810,SÃO PAULO,355030811A,SP,AC Santana,"-23,50248","-46,628836",2025-01-27 17:20:00,0.2,5,17,2025-01-27
341811,SÃO PAULO,355030811A,SP,AC Santana,"-23,50248","-46,628836",2025-01-27 17:40:00,0.2,5,17,2025-01-27
341812,SÃO PAULO,355030811A,SP,AC Santana,"-23,50248","-46,628836",2025-01-27 18:00:00,0.2,5,18,2025-01-27
341813,SÃO PAULO,355030811A,SP,AC Santana,"-23,50248","-46,628836",2025-01-27 18:10:00,0.2,5,18,2025-01-27
341814,SÃO PAULO,355030811A,SP,AC Santana,"-23,50248","-46,628836",2025-01-27 18:50:00,0.2,5,18,2025-01-27
341815,SÃO PAULO,355030811A,SP,AC Santana,"-23,50248","-46,628836",2025-01-27 19:00:00,0.2,5,19,2025-01-27
341816,SÃO PAULO,355030811A,SP,AC Santana,"-23,50248","-46,628836",2025-01-27 19:10:00,0.2,5,19,2025-01-27
341817,SÃO PAULO,355030811A,SP,AC Santana,"-23,50248","-46,628836",2025-01-27 19:30:00,0.2,5,19,2025-01-27
341818,SÃO PAULO,355030811A,SP,AC Santana,"-23,50248","-46,628836",2025-01-27 19:50:00,0.2,5,19,2025-01-27
341819,SÃO PAULO,355030811A,SP,AC Santana,"-23,50248","-46,628836",2025-01-27 20:00:00,0.2,5,20,2025-01-27
341820,SÃO PAULO,355030811A,SP,AC Santana,"-23,50248","-46,628836",2025-01-27 20:20:00,0.2,5,20,2025-01-27
341821,SÃO PAULO,355030811A,SP,AC Santana,"-23,50248","-46,628836",2025-01-27 20:40:00,0.2,5,20,2025-01-27
341822,SÃO PAULO,355030811A,SP,AC Santana,"-23,50248","-46,628836",2025-01-27 21:00:00,0.2,5,21,2025-01-27
341823,SÃO PAULO,355030811A,SP,AC Santana,"-23,50248","-46,628836",2025-01-27 21:10:00,0.0,5,21,2025-01-27
341824,SÃO PAULO,355030811A,SP,AC Santana,"-23,50248","-46,628836",2025-01-27 21:30:00,0.2,5,21,2025-01-27
341825,SÃO PAULO,355030811A,SP,AC Santana,"-23,50248","-46,628836",2025-01-27 21:50:00,0.2,5,21,2025-01-27
341826,SÃO PAULO,355030811A,SP,AC Santana,"-23,50248","-46,628836",2025-01-27 22:10:00,0.2,5,22,2025-01-27
341827,SÃO PAULO,355030811A,SP,AC Santana,"-23,50248","-46,628836",2025-01-27 22:20:00,0.2,5,22,2025-01-27
341828,SÃO PAULO,355030811A,SP,AC Santana,"-23,50248","-46,628836",2025-01-27 22:40:00,0.2,5,22,2025-01-27
341829,SÃO PAULO,355030811A,SP,AC Santana,"-23,50248","-46,628836",2025-01-27 23:00:00,0.2,5,23,2025-01-27
341830,SÃO PAULO,355030811A,SP,AC Santana,"-23,50248","-46,628836",2025-01-27 23:10:00,0.0,5,23,2025-01-27
341831,SÃO PAULO,355030811A,SP,AC Santana,"-23,50248","-46,628836",2025-01-27 23:20:00,0.2,5,23,2025-01-27
341832,SÃO PAULO,355030811A,SP,AC Santana,"-23,50248","-46,628836",2025-01-27 23:40:00,0.2,5,23,2025-01-27
341833,SÃO PAULO,355030811A,SP,AC Santana,"-23,50248","-46,628836",2025-01-28 00:10:00,0.2,5,0,2025-01-28
341834,SÃO PAULO,355030811A,SP,AC Santana,"-23,50248","-46,628836",2025-01-28 00:30:00,0.2,5,0,2025-01-28
341835,SÃO PAULO,355030811A,SP,AC Santana,"-23,50248","-46,628836",2025-01-28 00:50:00,0.2,5,0,2025-01-28
341836,SÃO PAULO,355030811A,SP,AC Santana,"-23,50248","-46,628836",2025-01-28 01:20:00,0.2,5,1,2025-01-28
341837,SÃO PAULO,355030811A,SP,AC Santana,"-23,50248","-46,628836",2025-01-28 01:40:00,0.2,5,1,2025-01-28
341838,SÃO PAULO,355030811A,SP,AC Santana,"-23,50248","-46,628836",2025-01-28 02:00:00,0.2,5,2,2025-01-28
341839,SÃO PAULO,355030811A,SP,AC Santana,"-23,50248","-46,628836",2025-01-28 02:10:00,0.0,5,2,2025-01-28
341840,SÃO PAULO,355030811A,SP,AC Santana,"-23,50248","-46,628836",2025-01-28 02:20:00,0.2,5,2,2025-01-28
341841,SÃO PAULO,355030811A,SP,AC Santana,"-23,50248","-46,628836",2025-01-28 02:40:00,0.2,5,2,2025-01-28
341842,SÃO PAULO,355030811A,SP,AC Santana,"-23,50248","-46,628836",2025-01-28 03:00:00,0.2,5,3,2025-01-28
341843,SÃO PAULO,355030811A,SP,AC Santana,"-23,50248","-46,628836",2025-01-28 03:10:00,0.0,5,3,2025-01-28
341844,SÃO PAULO,355030811A,SP,AC Santana,"-23,50248","-46,628836",2025-01-28 03:20:00,0.2,5,3,2025-01-28
341845,SÃO PAULO,355030811A,SP,AC Santana,"-23,50248","-46,628836",2025-01-28 03:30:00,0.2,5,3,2025-01-28
341846,SÃO PAULO,355030811A,SP,AC Santana,"-23,50248","-46,628836",2025-01-28 03:50:00,0.2,5,3,2025-01-28
341847,SÃO PAULO,355030811A,SP,AC Santana,"-23,50248","-46,628836",2025-01-28 04:10:00,0.0,5,4,2025-01-28
341848,SÃO PAULO,355030811A,SP,AC Santana,"-23,50248","-46,628836",2025-01-28 04:20:00,0.2,5,4,2025-01-28
341849,SÃO PAULO,355030811A,SP,AC Santana,"-23,50248","-46,628836",2025-01-28 04:30:00,0.2,5,4,2025-01-28
341850,SÃO PAULO,355030811A,SP,AC Santana,"-23,50248","-46,628836",2025-01-28 05:00:00,0.2,5,5,2025-01-28
341851,SÃO PAULO,355030811A,SP,AC Santana,"-23,50248","-46,628836",2025-01-28 05:10:00,0.0,5,5,2025-01-28
341852,SÃO PAULO,355030811A,SP,AC Santana,"-23,50248","-46,628836",2025-01-28 05:20:00,0.2,5,5,2025-01-28
341853,SÃO PAULO,355030811A,SP,AC Santana,"-23,50248","-46,628836",2025-01-28 05:40:00,0.2,5,5,2025-01-28
341854,SÃO PAULO,355030811A,SP,AC Santana,"-23,50248","-46,628836",2025-01-28 06:00:00,0.2,5,6,2025-01-28
341855,SÃO PAULO,355030811A,SP,AC Santana,"-23,50248","-46,628836",2025-01-28 06:10:00,0.0,5,6,2025-01-28
341856,SÃO PAULO,355030811A,SP,AC Santana,"-23,50248","-46,628836",2025-01-28 06:20:00,0.2,5,6,2025-01-28
341857,SÃO PAULO,355030811A,SP,AC Santana,"-23,50248","-46,628836",2025-01-28 06:40:00,0.2,5,6,2025-01-28
341858,SÃO PAULO,355030811A,SP,AC Santana,"-23,50248","-46,628836",2025-01-28 07:00:00,0.2,5,7,2025-01-28
341859,SÃO PAULO,355030811A,SP,AC Santana,"-23,50248","-46,628836",2025-01-28 07:10:00,0.2,5,7,2025-01-28
341860,SÃO PAULO,355030811A,SP,AC Santana,"-23,50248","-46,628836",2025-01-28 07:20:00,0.2,5,7,2025-01-28
341861,SÃO PAULO,355030811A,SP,AC Santana,"-23,50248","-46,628836",2025-01-28 07:40:00,0.2,5,7,2025-01-28
341862,SÃO PAULO,355030811A,SP,AC Santana,"-23,50248","-46,628836",2025-01-28 08:00:00,0.2,5,8,2025-01-28
341863,SÃO PAULO,355030811A,SP,AC Santana,"-23,50248","-46,628836",2025-01-28 08:10:00,0.2,5,8,2025-01-28
341864,SÃO PAULO,355030811A,SP,AC Santana,"-23,50248","-46,628836",2025-01-28 08:30:00,0.2,5,8,2025-01-28
341865,SÃO PAULO,355030811A,SP,AC Santana,"-23,50248","-46,628836",2025-01-28 08:40:00,0.2,5,8,2025-01-28
341866,SÃO PAULO,355030811A,SP,AC Santana,"-23,50248","-46,628836",2025-01-28 09:00:00,0.2,5,9,2025-01-28
341867,SÃO PAULO,355030811A,SP,AC Santana,"-23,50248","-46,628836",2025-01-28 09:10:00,0.2,5,9,2025-01-28
341868,SÃO PAULO,355030811A,SP,AC Santana,"-23,50248","-46,628836",2025-01-28 09:20:00,0.2,5,9,2025-01-28
341869,SÃO PAULO,355030811A,SP,AC Santana,"-23,50248","-46,628836",2025-01-28 09:30:00,0.2,5,9,2025-01-28
341870,SÃO PAULO,355030811A,SP,AC Santana,"-23,50248","-46,628836",2025-01-28 09:40:00,0.2,5,9,2025-01-28
341871,SÃO PAULO,355030811A,SP,AC Santana,"-23,50248","-46,628836",2025-01-28 09:50:00,0.2,5,9,2025-01-28
341872,SÃO PAULO,355030811A,SP,AC Santana,"-23,50248","-46,628836",2025-01-28 10:00:00,0.2,5,10,2025-01-28
341873,SÃO PAULO,355030811A,SP,AC Santana,"-23,50248","-46,628836",2025-01-28 10:10:00,0.2,5,10,2025-01-28
341874,SÃO PAULO,355030811A,SP,AC Santana,"-23,50248","-46,628836",2025-01-28 10:20:00,0.2,5,10,2025-01-28
341875,SÃO PAULO,355030811A,SP,AC Santana,"-23,50248","-46,628836",2025-01-28 10:30:00,0.2,5,10,2025-01-28
341876,SÃO PAULO,355030811A,SP,AC Santana,"-23,50248","-46,628836",2025-01-28 10:40:00,0.2,5,10,2025-01-28
341877,SÃO PAULO,355030811A,SP,AC Santana,"-23,50248","-46,628836",2025-01-28 10:50:00,0.2,5,10,2025-01-28
341878,SÃO PAULO,355030811A,SP,AC Santana,"-23,50248","-46,628836",2025-01-28 11:00:00,0.2,5,11,2025-01-28
341879,SÃO PAULO,355030811A,SP,AC Santana,"-23,50248","-46,628836",2025-01-28 11:10:00,0.39,5,11,2025-01-28
341880,SÃO PAULO,355030811A,SP,AC Santana,"-23,50248","-46,628836",2025-01-28 11:20:00,0.2,5,11,2025-01-28
341881,SÃO PAULO,355030811A,SP,AC Santana,"-23,50248","-46,628836",2025-01-28 11:30:00,0.39,5,11,2025-01-28
341882,SÃO PAULO,355030811A,SP,AC Santana,"-23,50248","-46,628836",2025-01-28 11:40:00,0.2,5,11,2025-01-28
341883,SÃO PAULO,355030811A,SP,AC Santana,"-23,50248","-46,628836",2025-01-28 11:50:00,0.2,5,11,2025-01-28
341884,SÃO PAULO,355030811A,SP,AC Santana,"-23,50248","-46,628836",2025-01-28 12:00:00,0.39,5,12,2025-01-28
341885,SÃO PAULO,355030811A,SP,AC Santana,"-23,50248","-46,628836",2025-01-28 12:10:00,0.2,5,12,2025-01-28
341886,SÃO PAULO,355030811A,SP,AC Santana,"-23,50248","-46,628836",2025-01-28 12:20:00,0.2,5,12,2025-01-28
341887,SÃO PAULO,355030811A,SP,AC Santana,"-23,50248","-46,628836",2025-01-28 12:30:00,0.39,5,12,2025-01-28
341888,SÃO PAULO,355030811A,SP,AC Santana,"-23,50248","-46,628836",2025-01-28 12:40:00,0.2,5,12,2025-01-28
341889,SÃO PAULO,355030811A,SP,AC Santana,"-23,50248","-46,628836",2025-01-28 12:50:00,0.2,5,12,2025-01-28
341890,SÃO PAULO,355030811A,SP,AC Santana,"-23,50248","-46,628836",2025-01-28 13:00:00,0.39,5,13,2025-01-28
341891,SÃO PAULO,355030811A,SP,AC Santana,"-23,50248","-46,628836",2025-01-28 13:10:00,0.2,5,13,2025-01-28
341892,SÃO PAULO,355030811A,SP,AC Santana,"-23,50248","-46,628836",2025-01-28 13:20:00,0.39,5,13,2025-01-28
341893,SÃO PAULO,355030811A,SP,AC Santana,"-23,50248","-46,628836",2025-01-28 13:30:00,0.2,5,13,2025-01-28
341894,SÃO PAULO,355030811A,SP,AC Santana,"-23,50248","-46,628836",2025-01-28 13:40:00,0.39,5,13,2025-01-28
341895,SÃO PAULO,355030811A,SP,AC Santana,"-23,50248","-46,628836",2025-01-28 13:50:00,0.2,5,13,2025-01-28
341896,SÃO PAULO,355030811A,SP,AC Santana,"-23,50248","-46,628836",2025-01-28 14:00:00,0.2,5,14,2025-01-28
341897,SÃO PAULO,355030811A,SP,AC Santana,"-23,50248","-46,628836",2025-01-28 14:10:00,0.39,5,14,2025-01-28
341898,SÃO PAULO,355030811A,SP,AC Santana,"-23,50248","-46,628836",2025-01-28 14:20:00,0.2,5,14,2025-01-28
341899,SÃO PAULO,355030811A,SP,AC Santana,"-23,50248","-46,628836",2025-01-28 14:30:00,0.39,5,14,2025-01-28
341900,SÃO PAULO,355030811A,SP,AC Santana,"-23,50248","-46,628836",2025-01-28 14:40:00,0.39,5,14,2025-01-28
341901,SÃO PAULO,355030811A,SP,AC Santana,"-23,50248","-46,628836",2025-01-28 14:50:00,0.39,5,14,2025-01-28
341902,SÃO PAULO,355030811A,SP,AC Santana,"-23,50248","-46,628836",2025-01-28 15:00:00,0.2,5,15,2025-01-28
341903,SÃO PAULO,355030811A,SP,AC Santana,"-23,50248","-46,628836",2025-01-28 15:10:00,0.39,5,15,2025-01-28
341904,SÃO PAULO,355030811A,SP,AC Santana,"-23,50248","-46,628836",2025-01-28 15:20:00,0.39,5,15,2025-01-28
341905,SÃO PAULO,355030811A,SP,AC Santana,"-23,50248","-46,628836",2025-01-28 15:30:00,0.39,5,15,2025-01-28
341906,SÃO PAULO,355030811A,SP,AC Santana,"-23,50248","-46,628836",2025-01-28 15:40:00,0.39,5,15,2025-01-28
341907,SÃO PAULO,355030811A,SP,AC Santana,"-23,50248","-46,628836",2025-01-28 15:50:00,0.39,5,15,2025-01-28
341908,SÃO PAULO,355030811A,SP,AC Santana,"-23,50248","-46,628836",2025-01-28 16:00:00,0.39,5,16,2025-01-28
341909,SÃO PAULO,355030811A,SP,AC Santana,"-23,50248","-46,628836",2025-01-28 16:10:00,0.2,5,16,2025-01-28
341910,SÃO PAULO,355030811A,SP,AC Santana,"-23,50248","-46,628836",2025-01-28 16:20:00,0.39,5,16,2025-01-28
341911,SÃO PAULO,355030811A,SP,AC Santana,"-23,50248","-46,628836",2025-01-28 16:30:00,0.39,5,16,2025-01-28
341912,SÃO PAULO,355030811A,SP,AC Santana,"-23,50248","-46,628836",2025-01-28 16:40:00,0.2,5,16,2025-01-28
341913,SÃO PAULO,355030811A,SP,AC Santana,"-23,50248","-46,628836",2025-01-28 16:50:00,0.39,5,16,2025-01-28
341914,SÃO PAULO,355030811A,SP,AC Santana,"-23,50248","-46,628836",2025-01-28 17:00:00,0.39,5,17,2025-01-28
341915,SÃO PAULO,355030811A,SP,AC Santana,"-23,50248","-46,628836",2025-01-28 17:10:00,0.59,5,17,2025-01-28
341916,SÃO PAULO,355030811A,SP,AC Santana,"-23,50248","-46,628836",2025-01-28 17:20:00,0.2,5,17,2025-01-28
341917,SÃO PAULO,355030811A,SP,AC Santana,"-23,50248","-46,628836",2025-01-28 17:30:00,0.59,5,17,2025-01-28
341918,SÃO PAULO,355030811A,SP,AC Santana,"-23,50248","-46,628836",2025-01-28 17:40:00,0.2,5,17,2025-01-28
341919,SÃO PAULO,355030811A,SP,AC Santana,"-23,50248","-46,628836",2025-01-28 17:50:00,0.39,5,17,2025-01-28
341920,SÃO PAULO,355030811A,SP,AC Santana,"-23,50248","-46,628836",2025-01-28 18:00:00,0.39,5,18,2025-01-28
341921,SÃO PAULO,355030811A,SP,AC Santana,"-23,50248","-46,628836",2025-01-28 18:10:00,0.2,5,18,2025-01-28
341922,SÃO PAULO,355030811A,SP,AC Santana,"-23,50248","-46,628836",2025-01-28 18:20:00,0.39,5,18,2025-01-28
341923,SÃO PAULO,355030811A,SP,AC Santana,"-23,50248","-46,628836",2025-01-28 18:30:00,0.39,5,18,2025-01-28
341924,SÃO PAULO,355030811A,SP,AC Santana,"-23,50248","-46,628836",2025-01-28 18:40:00,0.2,5,18,2025-01-28
341925,SÃO PAULO,355030811A,SP,AC Santana,"-23,50248","-46,628836",2025-01-28 18:50:00,0.39,5,18,2025-01-28
341926,SÃO PAULO,355030811A,SP,AC Santana,"-23,50248","-46,628836",2025-01-28 19:00:00,0.39,5,19,2025-01-28
341927,SÃO PAULO,355030811A,SP,AC Santana,"-23,50248","-46,628836",2025-01-28 19:10:00,0.2,5,19,2025-01-28
341928,SÃO PAULO,355030811A,SP,AC Santana,"-23,50248","-46,628836",2025-01-28 19:20:00,0.39,5,19,2025-01-28
341929,SÃO PAULO,355030811A,SP,AC Santana,"-23,50248","-46,628836",2025-01-28 19:30:00,0.2,5,19,2025-01-28
341930,SÃO PAULO,355030811A,SP,AC Santana,"-23,50248","-46,628836",2025-01-28 19:40:00,0.39,5,19,2025-01-28
341931,SÃO PAULO,355030811A,SP,AC Santana,"-23,50248","-46,628836",2025-01-28 19:50:00,0.39,5,19,2025-01-28
341932,SÃO PAULO,355030811A,SP,AC Santana,"-23,50248","-46,628836",2025-01-28 20:00:00,0.39,5,20,2025-01-28
341933,SÃO PAULO,355030811A,SP,AC Santana,"-23,50248","-46,628836",2025-01-28 20:10:00,0.2,5,20,2025-01-28
341934,SÃO PAULO,355030811A,SP,AC Santana,"-23,50248","-46,628836",2025-01-28 20:20:00,0.39,5,20,2025-01-28
341935,SÃO PAULO,355030811A,SP,AC Santana,"-23,50248","-46,628836",2025-01-28 20:30:00,0.39,5,20,2025-01-28
341936,SÃO PAULO,355030811A,SP,AC Santana,"-23,50248","-46,628836",2025-01-28 20:40:00,0.2,5,20,2025-01-28
341937,SÃO PAULO,355030811A,SP,AC Santana,"-23,50248","-46,628836",2025-01-28 20:50:00,0.39,5,20,2025-01-28
341938,SÃO PAULO,355030811A,SP,AC Santana,"-23,50248","-46,628836",2025-01-28 21:00:00,0.2,5,21,2025-01-28
341939,SÃO PAULO,355030811A,SP,AC Santana,"-23,50248","-46,628836",2025-01-28 21:10:00,0.39,5,21,2025-01-28
341940,SÃO PAULO,355030811A,SP,AC Santana,"-23,50248","-46,628836",2025-01-28 21:20:00,0.2,5,21,2025-01-28
341941,SÃO PAULO,355030811A,SP,AC Santana,"-23,50248","-46,628836",2025-01-28 21:30:00,0.2,5,21,2025-01-28
341942,SÃO PAULO,355030811A,SP,AC Santana,"-23,50248","-46,628836",2025-01-28 22:00:00,0.2,5,22,2025-01-28
341943,SÃO PAULO,355030811A,SP,AC Santana,"-23,50248","-46,628836",2025-01-28 22:10:00,0.2,5,22,2025-01-28
341944,SÃO PAULO,355030811A,SP,AC Santana,"-23,50248","-46,628836",2025-01-28 22:40:00,0.2,5,22,2025-01-28
341945,SÃO PAULO,355030811A,SP,AC Santana,"-23,50248","-46,628836",2025-01-28 22:50:00,0.2,5,22,2025-01-28
341946,SÃO PAULO,355030811A,SP,AC Santana,"-23,50248","-46,628836",2025-01-28 23:10:00,0.2,5,23,2025-01-28
341947,SÃO PAULO,355030811A,SP,AC Santana,"-23,50248","-46,628836",2025-01-28 23:20:00,0.2,5,23,2025-01-28
341948,SÃO PAULO,355030811A,SP,AC Santana,"-23,50248","-46,628836",2025-01-28 23:30:00,0.2,5,23,2025-01-28
341949,SÃO PAULO,355030811A,SP,AC Santana,"-23,50248","-46,628836",2025-01-28 23:50:00,0.2,5,23,2025-01-28
341950,SÃO PAULO,355030811A,SP,AC Santana,"-23,50248","-46,628836",2025-01-29 00:00:00,0.2,5,0,2025-01-29
341951,SÃO PAULO,355030811A,SP,AC Santana,"-23,50248","-46,628836",2025-01-29 00:10:00,0.2,5,0,2025-01-29
341952,SÃO PAULO,355030811A,SP,AC Santana,"-23,50248","-46,628836",2025-01-29 00:20:00,0.2,5,0,2025-01-29
341953,SÃO PAULO,355030811A,SP,AC Santana,"-23,50248","-46,628836",2025-01-29 00:30:00,0.2,5,0,2025-01-29
341954,SÃO PAULO,355030811A,SP,AC Santana,"-23,50248","-46,628836",2025-01-29 00:40:00,0.2,5,0,2025-01-29
341955,SÃO PAULO,355030811A,SP,AC Santana,"-23,50248","-46,628836",2025-01-29 01:00:00,0.2,5,1,2025-01-29
341956,SÃO PAULO,355030811A,SP,AC Santana,"-23,50248","-46,628836",2025-01-29 01:10:00,0.2,5,1,2025-01-29
341957,SÃO PAULO,355030811A,SP,AC Santana,"-23,50248","-46,628836",2025-01-29 01:30:00,0.2,5,1,2025-01-29
341958,SÃO PAULO,355030811A,SP,AC Santana,"-23,50248","-46,628836",2025-01-29 01:40:00,0.2,5,1,2025-01-29
341959,SÃO PAULO,355030811A,SP,AC Santana,"-23,50248","-46,628836",2025-01-29 02:00:00,0.2,5,2,2025-01-29
341960,SÃO PAULO,355030811A,SP,AC Santana,"-23,50248","-46,628836",2025-01-29 02:10:00,0.2,5,2,2025-01-29
341961,SÃO PAULO,355030811A,SP,AC Santana,"-23,50248","-46,628836",2025-01-29 02:30:00,0.2,5,2,2025-01-29
341962,SÃO PAULO,355030811A,SP,AC Santana,"-23,50248","-46,628836",2025-01-29 02:40:00,0.2,5,2,2025-01-29
341963,SÃO PAULO,355030811A,SP,AC Santana,"-23,50248","-46,628836",2025-01-29 03:00:00,0.2,5,3,2025-01-29
341964,SÃO PAULO,355030811A,SP,AC Santana,"-23,50248","-46,628836",2025-01-29 03:20:00,0.2,5,3,2025-01-29
341965,SÃO PAULO,355030811A,SP,AC Santana,"-23,50248","-46,628836",2025-01-29 03:40:00,0.2,5,3,2025-01-29
341966,SÃO PAULO,355030811A,SP,AC Santana,"-23,50248","-46,628836",2025-01-29 04:00:00,0.2,5,4,2025-01-29
341967,SÃO PAULO,355030811A,SP,AC Santana,"-23,50248","-46,628836",2025-01-29 04:10:00,0.0,5,4,2025-01-29
341968,SÃO PAULO,355030811A,SP,AC Santana,"-23,50248","-46,628836",2025-01-29 04:20:00,0.2,5,4,2025-01-29
341969,SÃO PAULO,355030811A,SP,AC Santana,"-23,50248","-46,628836",2025-01-29 04:30:00,0.2,5,4,2025-01-29
341970,SÃO PAULO,355030811A,SP,AC Santana,"-23,50248","-46,628836",2025-01-29 04:50:00,0.2,5,4,2025-01-29
341971,SÃO PAULO,355030811A,SP,AC Santana,"-23,50248","-46,628836",2025-01-29 05:10:00,0.2,5,5,2025-01-29
341972,SÃO PAULO,355030811A,SP,AC Santana,"-23,50248","-46,628836",2025-01-29 05:20:00,0.2,5,5,2025-01-29
341973,SÃO PAULO,355030811A,SP,AC Santana,"-23,50248","-46,628836",2025-01-29 05:30:00,0.2,5,5,2025-01-29
341974,SÃO PAULO,355030811A,SP,AC Santana,"-23,50248","-46,628836",2025-01-29 05:50:00,0.2,5,5,2025-01-29
341975,SÃO PAULO,355030811A,SP,AC Santana,"-23,50248","-46,628836",2025-01-29 06:10:00,0.2,5,6,2025-01-29
341976,SÃO PAULO,355030811A,SP,AC Santana,"-23,50248","-46,628836",2025-01-29 06:40:00,0.2,5,6,2025-01-29
341977,SÃO PAULO,355030811A,SP,AC Santana,"-23,50248","-46,628836",2025-01-29 06:50:00,0.2,5,6,2025-01-29
341978,SÃO PAULO,355030811A,SP,AC Santana,"-23,50248","-46,628836",2025-01-29 07:10:00,0.2,5,7,2025-01-29
341979,SÃO PAULO,355030811A,SP,AC Santana,"-23,50248","-46,628836",2025-01-29 07:20:00,0.2,5,7,2025-01-29
341980,SÃO PAULO,355030811A,SP,AC Santana,"-23,50248","-46,628836",2025-01-29 07:40:00,0.2,5,7,2025-01-29
341981,SÃO PAULO,355030811A,SP,AC Santana,"-23,50248","-46,628836",2025-01-29 08:00:00,0.2,5,8,2025-01-29
341982,SÃO PAULO,355030811A,SP,AC Santana,"-23,50248","-46,628836",2025-01-29 08:10:00,0.2,5,8,2025-01-29
341983,SÃO PAULO,355030811A,SP,AC Santana,"-23,50248","-46,628836",2025-01-29 08:20:00,0.2,5,8,2025-01-29
341984,SÃO PAULO,355030811A,SP,AC Santana,"-23,50248","-46,628836",2025-01-29 08:30:00,0.2,5,8,2025-01-29
341985,SÃO PAULO,355030811A,SP,AC Santana,"-23,50248","-46,628836",2025-01-29 08:50:00,0.2,5,8,2025-01-29
341986,SÃO PAULO,355030811A,SP,AC Santana,"-23,50248","-46,628836",2025-01-29 09:00:00,0.2,5,9,2025-01-29
341987,SÃO PAULO,355030811A,SP,AC Santana,"-23,50248","-46,628836",2025-01-29 09:10:00,0.0,5,9,2025-01-29
341988,SÃO PAULO,355030811A,SP,AC Santana,"-23,50248","-46,628836",2025-01-29 09:20:00,0.2,5,9,2025-01-29
341989,SÃO PAULO,355030811A,SP,AC Santana,"-23,50248","-46,628836",2025-01-29 09:30:00,0.2,5,9,2025-01-29
341990,SÃO PAULO,355030811A,SP,AC Santana,"-23,50248","-46,628836",2025-01-29 09:40:00,0.2,5,9,2025-01-29
341991,SÃO PAULO,355030811A,SP,AC Santana,"-23,50248","-46,628836",2025-01-29 10:00:00,0.2,5,10,2025-01-29
341992,SÃO PAULO,355030811A,SP,AC Santana,"-23,50248","-46,628836",2025-01-29 10:10:00,0.2,5,10,2025-01-29
341993,SÃO PAULO,355030811A,SP,AC Santana,"-23,50248","-46,628836",2025-01-29 10:20:00,0.2,5,10,2025-01-29
341994,SÃO PAULO,355030811A,SP,AC Santana,"-23,50248","-46,628836",2025-01-29 10:40:00,0.2,5,10,2025-01-29
341995,SÃO PAULO,355030811A,SP,AC Santana,"-23,50248","-46,628836",2025-01-29 10:50:00,0.2,5,10,2025-01-29
341996,SÃO PAULO,355030811A,SP,AC Santana,"-23,50248","-46,628836",2025-01-29 11:10:00,0.2,5,11,2025-01-29
341997,SÃO PAULO,355030811A,SP,AC Santana,"-23,50248","-46,628836",2025-01-29 11:20:00,0.2,5,11,2025-01-29
341998,SÃO PAULO,355030811A,SP,AC Santana,"-23,50248","-46,628836",2025-01-29 11:30:00,0.2,5,11,2025-01-29
341999,SÃO PAULO,355030811A,SP,AC Santana,"-23,50248","-46,628836",2025-01-29 11:40:00,0.2,5,11,2025-01-29
342000,SÃO PAULO,355030811A,SP,AC Santana,"-23,50248","-46,628836",2025-01-29 12:00:00,0.2,5,12,2025-01-29
342001,SÃO PAULO,355030811A,SP,AC Santana,"-23,50248","-46,628836",2025-01-29 12:10:00,0.0,5,12,2025-01-29
342002,SÃO PAULO,355030811A,SP,AC Santana,"-23,50248","-46,628836",2025-01-29 12:20:00,0.2,5,12,2025-01-29
342003,SÃO PAULO,355030811A,SP,AC Santana,"-23,50248","-46,628836",2025-01-29 12:50:00,0.2,5,12,2025-01-29
342004,SÃO PAULO,355030811A,SP,AC Santana,"-23,50248","-46,628836",2025-01-29 13:10:00,0.0,5,13,2025-01-29
342005,SÃO PAULO,355030811A,SP,AC Santana,"-23,50248","-46,628836",2025-01-29 14:10:00,0.0,5,14,2025-01-29
342006,SÃO PAULO,355030811A,SP,AC Santana,"-23,50248","-46,628836",2025-01-29 14:20:00,0.2,5,14,2025-01-29
342007,SÃO PAULO,355030811A,SP,AC Santana,"-23,50248","-46,628836",2025-01-29 14:30:00,0.2,5,14,2025-01-29
342008,SÃO PAULO,355030811A,SP,AC Santana,"-23,50248","-46,628836",2025-01-29 14:50:00,0.2,5,14,2025-01-29
342009,SÃO PAULO,355030811A,SP,AC Santana,"-23,50248","-46,628836",2025-01-29 15:10:00,0.2,5,15,2025-01-29
342010,SÃO PAULO,355030811A,SP,AC Santana,"-23,50248","-46,628836",2025-01-29 15:30:00,0.2,5,15,2025-01-29
342011,SÃO PAULO,355030811A,SP,AC Santana,"-23,50248","-46,628836",2025-01-29 15:40:00,0.2,5,15,2025-01-29
342012,SÃO PAULO,355030811A,SP,AC Santana,"-23,50248","-46,628836",2025-01-29 16:00:00,0.2,5,16,2025-01-29
342013,SÃO PAULO,355030811A,SP,AC Santana,"-23,50248","-46,628836",2025-01-29 16:10:00,0.0,5,16,2025-01-29
342014,SÃO PAULO,355030811A,SP,AC Santana,"-23,50248","-46,628836",2025-01-29 16:30:00,0.2,5,16,2025-01-29
342015,SÃO PAULO,355030811A,SP,AC Santana,"-23,50248","-46,628836",2025-01-29 16:50:00,0.2,5,16,2025-01-29
342016,SÃO PAULO,355030811A,SP,AC Santana,"-23,50248","-46,628836",2025-01-29 17:10:00,0.2,5,17,2025-01-29
342017,SÃO PAULO,355030811A,SP,AC Santana,"-23,50248","-46,628836",2025-01-29 17:30:00,0.2,5,17,2025-01-29
342018,SÃO PAULO,355030811A,SP,AC Santana,"-23,50248","-46,628836",2025-01-29 17:50:00,0.2,5,17,2025-01-29
342019,SÃO PAULO,355030811A,SP,AC Santana,"-23,50248","-46,628836",2025-01-29 18:10:00,0.2,5,18,2025-01-29
342020,SÃO PAULO,355030811A,SP,AC Santana,"-23,50248","-46,628836",2025-01-29 18:40:00,0.2,5,18,2025-01-29
342021,SÃO PAULO,355030811A,SP,AC Santana,"-23,50248","-46,628836",2025-01-29 18:50:00,0.2,5,18,2025-01-29
342022,SÃO PAULO,355030811A,SP,AC Santana,"-23,50248","-46,628836",2025-01-29 19:10:00,0.2,5,19,2025-01-29
342023,SÃO PAULO,355030811A,SP,AC Santana,"-23,50248","-46,628836",2025-01-29 19:20:00,0.2,5,19,2025-01-29
342024,SÃO PAULO,355030811A,SP,AC Santana,"-23,50248","-46,628836",2025-01-29 19:30:00,0.2,5,19,2025-01-29
342025,SÃO PAULO,355030811A,SP,AC Santana,"-23,50248","-46,628836",2025-01-29 19:40:00,0.2,5,19,2025-01-29
342026,SÃO PAULO,355030811A,SP,AC Santana,"-23,50248","-46,628836",2025-01-29 20:00:00,0.2,5,20,2025-01-29
342027,SÃO PAULO,355030811A,SP,AC Santana,"-23,50248","-46,628836",2025-01-29 20:10:00,0.2,5,20,2025-01-29
342028,SÃO PAULO,355030811A,SP,AC Santana,"-23,50248","-46,628836",2025-01-29 20:20:00,0.2,5,20,2025-01-29
342029,SÃO PAULO,355030811A,SP,AC Santana,"-23,50248","-46,628836",2025-01-29 20:30:00,0.2,5,20,2025-01-29
342030,SÃO PAULO,355030811A,SP,AC Santana,"-23,50248","-46,628836",2025-01-29 20:40:00,0.2,5,20,2025-01-29
342031,SÃO PAULO,355030811A,SP,AC Santana,"-23,50248","-46,628836",2025-01-29 20:50:00,0.39,5,20,2025-01-29
342032,SÃO PAULO,355030811A,SP,AC Santana,"-23,50248","-46,628836",2025-01-29 21:00:00,0.2,5,21,2025-01-29
342033,SÃO PAULO,355030811A,SP,AC Santana,"-23,50248","-46,628836",2025-01-29 21:20:00,0.2,5,21,2025-01-29
342034,SÃO PAULO,355030811A,SP,AC Santana,"-23,50248","-46,628836",2025-01-29 21:30:00,0.2,5,21,2025-01-29
342035,SÃO PAULO,355030811A,SP,AC Santana,"-23,50248","-46,628836",2025-01-29 21:40:00,0.2,5,21,2025-01-29
342036,SÃO PAULO,355030811A,SP,AC Santana,"-23,50248","-46,628836",2025-01-29 21:50:00,0.2,5,21,2025-01-29
342037,SÃO PAULO,355030811A,SP,AC Santana,"-23,50248","-46,628836",2025-01-29 22:00:00,0.2,5,22,2025-01-29
342038,SÃO PAULO,355030811A,SP,AC Santana,"-23,50248","-46,628836",2025-01-29 22:10:00,0.2,5,22,2025-01-29
342039,SÃO PAULO,355030811A,SP,AC Santana,"-23,50248","-46,628836",2025-01-29 22:20:00,0.2,5,22,2025-01-29
342040,SÃO PAULO,355030811A,SP,AC Santana,"-23,50248","-46,628836",2025-01-29 22:30:00,0.2,5,22,2025-01-29
342041,SÃO PAULO,355030811A,SP,AC Santana,"-23,50248","-46,628836",2025-01-29 22:40:00,0.2,5,22,2025-01-29
342042,SÃO PAULO,355030811A,SP,AC Santana,"-23,50248","-46,628836",2025-01-29 22:50:00,0.2,5,22,2025-01-29
342043,SÃO PAULO,355030811A,SP,AC Santana,"-23,50248","-46,628836",2025-01-29 23:10:00,0.2,5,23,2025-01-29
342044,SÃO PAULO,355030811A,SP,AC Santana,"-23,50248","-46,628836",2025-01-29 23:20:00,0.2,5,23,2025-01-29
342045,SÃO PAULO,355030811A,SP,AC Santana,"-23,50248","-46,628836",2025-01-29 23:30:00,0.2,5,23,2025-01-29
342046,SÃO PAULO,355030811A,SP,AC Santana,"-23,50248","-46,628836",2025-01-29 23:40:00,0.2,5,23,2025-01-29
342047,SÃO PAULO,355030811A,SP,AC Santana,"-23,50248","-46,628836",2025-01-29 23:50:00,0.39,5,23,2025-01-29
342048,SÃO PAULO,355030811A,SP,AC Santana,"-23,50248","-46,628836",2025-01-30 00:00:00,0.2,5,0,2025-01-30
342049,SÃO PAULO,355030811A,SP,AC Santana,"-23,50248","-46,628836",2025-01-30 00:10:00,0.2,5,0,2025-01-30
342050,SÃO PAULO,355030811A,SP,AC Santana,"-23,50248","-46,628836",2025-01-30 00:20:00,0.2,5,0,2025-01-30
342051,SÃO PAULO,355030811A,SP,AC Santana,"-23,50248","-46,628836",2025-01-30 00:30:00,0.2,5,0,2025-01-30
342052,SÃO PAULO,355030811A,SP,AC Santana,"-23,50248","-46,628836",2025-01-30 00:40:00,0.2,5,0,2025-01-30
342053,SÃO PAULO,355030811A,SP,AC Santana,"-23,50248","-46,628836",2025-01-30 00:50:00,0.39,5,0,2025-01-30
342054,SÃO PAULO,355030811A,SP,AC Santana,"-23,50248","-46,628836",2025-01-30 01:00:00,0.2,5,1,2025-01-30
342055,SÃO PAULO,355030811A,SP,AC Santana,"-23,50248","-46,628836",2025-01-30 01:10:00,0.39,5,1,2025-01-30
342056,SÃO PAULO,355030811A,SP,AC Santana,"-23,50248","-46,628836",2025-01-30 01:20:00,0.2,5,1,2025-01-30
342057,SÃO PAULO,355030811A,SP,AC Santana,"-23,50248","-46,628836",2025-01-30 01:30:00,0.2,5,1,2025-01-30
342058,SÃO PAULO,355030811A,SP,AC Santana,"-23,50248","-46,628836",2025-01-30 01:40:00,0.39,5,1,2025-01-30
342059,SÃO PAULO,355030811A,SP,AC Santana,"-23,50248","-46,628836",2025-01-30 01:50:00,0.2,5,1,2025-01-30
342060,SÃO PAULO,355030811A,SP,AC Santana,"-23,50248","-46,628836",2025-01-30 02:00:00,0.2,5,2,2025-01-30
342061,SÃO PAULO,355030811A,SP,AC Santana,"-23,50248","-46,628836",2025-01-30 02:10:00,0.2,5,2,2025-01-30
342062,SÃO PAULO,355030811A,SP,AC Santana,"-23,50248","-46,628836",2025-01-30 02:20:00,0.39,5,2,2025-01-30
342063,SÃO PAULO,355030811A,SP,AC Santana,"-23,50248","-46,628836",2025-01-30 02:30:00,0.2,5,2,2025-01-30
342064,SÃO PAULO,355030811A,SP,AC Santana,"-23,50248","-46,628836",2025-01-30 02:40:00,0.2,5,2,2025-01-30
342065,SÃO PAULO,355030811A,SP,AC Santana,"-23,50248","-46,628836",2025-01-30 02:50:00,0.2,5,2,2025-01-30
342066,SÃO PAULO,355030811A,SP,AC Santana,"-23,50248","-46,628836",2025-01-30 03:00:00,0.39,5,3,2025-01-30
342067,SÃO PAULO,355030811A,SP,AC Santana,"-23,50248","-46,628836",2025-01-30 03:10:00,0.2,5,3,2025-01-30
342068,SÃO PAULO,355030811A,SP,AC Santana,"-23,50248","-46,628836",2025-01-30 03:20:00,0.2,5,3,2025-01-30
342069,SÃO PAULO,355030811A,SP,AC Santana,"-23,50248","-46,628836",2025-01-30 03:30:00,0.2,5,3,2025-01-30
342070,SÃO PAULO,355030811A,SP,AC Santana,"-23,50248","-46,628836",2025-01-30 03:40:00,0.2,5,3,2025-01-30
342071,SÃO PAULO,355030811A,SP,AC Santana,"-23,50248","-46,628836",2025-01-30 03:50:00,0.39,5,3,2025-01-30
342072,SÃO PAULO,355030811A,SP,AC Santana,"-23,50248","-46,628836",2025-01-30 04:00:00,0.2,5,4,2025-01-30
342073,SÃO PAULO,355030811A,SP,AC Santana,"-23,50248","-46,628836",2025-01-30 04:10:00,0.2,5,4,2025-01-30
342074,SÃO PAULO,355030811A,SP,AC Santana,"-23,50248","-46,628836",2025-01-30 04:20:00,0.39,5,4,2025-01-30
342075,SÃO PAULO,355030811A,SP,AC Santana,"-23,50248","-46,628836",2025-01-30 04:30:00,0.2,5,4,2025-01-30
342076,SÃO PAULO,355030811A,SP,AC Santana,"-23,50248","-46,628836",2025-01-30 04:40:00,0.2,5,4,2025-01-30
342077,SÃO PAULO,355030811A,SP,AC Santana,"-23,50248","-46,628836",2025-01-30 04:50:00,0.2,5,4,2025-01-30
342078,SÃO PAULO,355030811A,SP,AC Santana,"-23,50248","-46,628836",2025-01-30 05:00:00,0.2,5,5,2025-01-30
342079,SÃO PAULO,355030811A,SP,AC Santana,"-23,50248","-46,628836",2025-01-30 05:10:00,0.2,5,5,2025-01-30
342080,SÃO PAULO,355030811A,SP,AC Santana,"-23,50248","-46,628836",2025-01-30 05:20:00,0.2,5,5,2025-01-30
342081,SÃO PAULO,355030811A,SP,AC Santana,"-23,50248","-46,628836",2025-01-30 05:30:00,0.2,5,5,2025-01-30
342082,SÃO PAULO,355030811A,SP,AC Santana,"-23,50248","-46,628836",2025-01-30 05:40:00,0.2,5,5,2025-01-30
342083,SÃO PAULO,355030811A,SP,AC Santana,"-23,50248","-46,628836",2025-01-30 05:50:00,0.2,5,5,2025-01-30
342084,SÃO PAULO,355030811A,SP,AC Santana,"-23,50248","-46,628836",2025-01-30 06:00:00,0.2,5,6,2025-01-30
342085,SÃO PAULO,355030811A,SP,AC Santana,"-23,50248","-46,628836",2025-01-30 06:10:00,0.2,5,6,2025-01-30
342086,SÃO PAULO,355030811A,SP,AC Santana,"-23,50248","-46,628836",2025-01-30 06:20:00,0.2,5,6,2025-01-30
342087,SÃO PAULO,355030811A,SP,AC Santana,"-23,50248","-46,628836",2025-01-30 06:30:00,0.2,5,6,2025-01-30
342088,SÃO PAULO,355030811A,SP,AC Santana,"-23,50248","-46,628836",2025-01-30 06:40:00,0.2,5,6,2025-01-30
342089,SÃO PAULO,355030811A,SP,AC Santana,"-23,50248","-46,628836",2025-01-30 06:50:00,0.2,5,6,2025-01-30
342090,SÃO PAULO,355030811A,SP,AC Santana,"-23,50248","-46,628836",2025-01-30 07:00:00,0.2,5,7,2025-01-30
342091,SÃO PAULO,355030811A,SP,AC Santana,"-23,50248","-46,628836",2025-01-30 07:10:00,0.0,5,7,2025-01-30
342092,SÃO PAULO,355030811A,SP,AC Santana,"-23,50248","-46,628836",2025-01-30 07:20:00,0.2,5,7,2025-01-30
342093,SÃO PAULO,355030811A,SP,AC Santana,"-23,50248","-46,628836",2025-01-30 07:30:00,0.2,5,7,2025-01-30
342094,SÃO PAULO,355030811A,SP,AC Santana,"-23,50248","-46,628836",2025-01-30 07:40:00,0.2,5,7,2025-01-30
342095,SÃO PAULO,355030811A,SP,AC Santana,"-23,50248","-46,628836",2025-01-30 07:50:00,0.2,5,7,2025-01-30
342096,SÃO PAULO,355030811A,SP,AC Santana,"-23,50248","-46,628836",2025-01-30 08:00:00,0.2,5,8,2025-01-30
342097,SÃO PAULO,355030811A,SP,AC Santana,"-23,50248","-46,628836",2025-01-30 08:10:00,0.2,5,8,2025-01-30
342098,SÃO PAULO,355030811A,SP,AC Santana,"-23,50248","-46,628836",2025-01-30 08:20:00,0.2,5,8,2025-01-30
342099,SÃO PAULO,355030811A,SP,AC Santana,"-23,50248","-46,628836",2025-01-30 08:30:00,0.2,5,8,2025-01-30
342100,SÃO PAULO,355030811A,SP,AC Santana,"-23,50248","-46,628836",2025-01-30 08:40:00,0.2,5,8,2025-01-30
342101,SÃO PAULO,355030811A,SP,AC Santana,"-23,50248","-46,628836",2025-01-30 09:00:00,0.2,5,9,2025-01-30
342102,SÃO PAULO,355030811A,SP,AC Santana,"-23,50248","-46,628836",2025-01-30 09:10:00,0.2,5,9,2025-01-30
342103,SÃO PAULO,355030811A,SP,AC Santana,"-23,50248","-46,628836",2025-01-30 09:20:00,0.2,5,9,2025-01-30
342104,SÃO PAULO,355030811A,SP,AC Santana,"-23,50248","-46,628836",2025-01-30 09:30:00,0.2,5,9,2025-01-30
342105,SÃO PAULO,355030811A,SP,AC Santana,"-23,50248","-46,628836",2025-01-30 09:50:00,0.2,5,9,2025-01-30
342106,SÃO PAULO,355030811A,SP,AC Santana,"-23,50248","-46,628836",2025-01-30 10:00:00,0.2,5,10,2025-01-30
342107,SÃO PAULO,355030811A,SP,AC Santana,"-23,50248","-46,628836",2025-01-30 10:10:00,0.2,5,10,2025-01-30
342108,SÃO PAULO,355030811A,SP,AC Santana,"-23,50248","-46,628836",2025-01-30 10:20:00,0.2,5,10,2025-01-30
342109,SÃO PAULO,355030811A,SP,AC Santana,"-23,50248","-46,628836",2025-01-30 10:50:00,0.2,5,10,2025-01-30
342110,SÃO PAULO,355030811A,SP,AC Santana,"-23,50248","-46,628836",2025-01-30 11:00:00,0.2,5,11,2025-01-30
342111,SÃO PAULO,355030811A,SP,AC Santana,"-23,50248","-46,628836",2025-01-30 11:10:00,0.2,5,11,2025-01-30
342112,SÃO PAULO,355030811A,SP,AC Santana,"-23,50248","-46,628836",2025-01-30 11:20:00,0.2,5,11,2025-01-30
342113,SÃO PAULO,355030811A,SP,AC Santana,"-23,50248","-46,628836",2025-01-30 11:40:00,0.2,5,11,2025-01-30
342114,SÃO PAULO,355030811A,SP,AC Santana,"-23,50248","-46,628836",2025-01-30 11:50:00,0.2,5,11,2025-01-30
342115,SÃO PAULO,355030811A,SP,AC Santana,"-23,50248","-46,628836",2025-01-30 12:10:00,0.2,5,12,2025-01-30
342116,SÃO PAULO,355030811A,SP,AC Santana,"-23,50248","-46,628836",2025-01-30 12:20:00,0.2,5,12,2025-01-30
342117,SÃO PAULO,355030811A,SP,AC Santana,"-23,50248","-46,628836",2025-01-30 12:30:00,0.2,5,12,2025-01-30
342118,SÃO PAULO,355030811A,SP,AC Santana,"-23,50248","-46,628836",2025-01-30 12:40:00,0.2,5,12,2025-01-30
342119,SÃO PAULO,355030811A,SP,AC Santana,"-23,50248","-46,628836",2025-01-30 13:00:00,0.2,5,13,2025-01-30
342120,SÃO PAULO,355030811A,SP,AC Santana,"-23,50248","-46,628836",2025-01-30 13:10:00,0.2,5,13,2025-01-30
342121,SÃO PAULO,355030811A,SP,AC Santana,"-23,50248","-46,628836",2025-01-30 13:30:00,0.2,5,13,2025-01-30
342122,SÃO PAULO,355030811A,SP,AC Santana,"-23,50248","-46,628836",2025-01-30 13:40:00,0.2,5,13,2025-01-30
342123,SÃO PAULO,355030811A,SP,AC Santana,"-23,50248","-46,628836",2025-01-30 14:00:00,0.2,5,14,2025-01-30
342124,SÃO PAULO,355030811A,SP,AC Santana,"-23,50248","-46,628836",2025-01-30 14:10:00,0.0,5,14,2025-01-30
342125,SÃO PAULO,355030811A,SP,AC Santana,"-23,50248","-46,628836",2025-01-30 14:20:00,0.2,5,14,2025-01-30
342126,SÃO PAULO,355030811A,SP,AC Santana,"-23,50248","-46,628836",2025-01-30 14:50:00,0.2,5,14,2025-01-30
342127,SÃO PAULO,355030811A,SP,AC Santana,"-23,50248","-46,628836",2025-01-30 15:10:00,0.0,5,15,2025-01-30
342128,SÃO PAULO,355030811A,SP,AC Santana,"-23,50248","-46,628836",2025-01-30 15:30:00,0.2,5,15,2025-01-30
342129,SÃO PAULO,355030811A,SP,AC Santana,"-23,50248","-46,628836",2025-01-30 15:50:00,0.2,5,15,2025-01-30
342130,SÃO PAULO,355030811A,SP,AC Santana,"-23,50248","-46,628836",2025-01-30 16:10:00,0.2,5,16,2025-01-30
342131,SÃO PAULO,355030811A,SP,AC Santana,"-23,50248","-46,628836",2025-01-30 16:30:00,0.2,5,16,2025-01-30
342132,SÃO PAULO,355030811A,SP,AC Santana,"-23,50248","-46,628836",2025-01-30 17:10:00,0.0,5,17,2025-01-30
342133,SÃO PAULO,355030811A,SP,AC Santana,"-23,50248","-46,628836",2025-01-30 17:30:00,0.2,5,17,2025-01-30
342134,SÃO PAULO,355030811A,SP,AC Santana,"-23,50248","-46,628836",2025-01-30 18:10:00,0.2,5,18,2025-01-30
342135,SÃO PAULO,355030811A,SP,AC Santana,"-23,50248","-46,628836",2025-01-30 18:30:00,0.2,5,18,2025-01-30
342136,SÃO PAULO,355030811A,SP,AC Santana,"-23,50248","-46,628836",2025-01-30 19:00:00,0.2,5,19,2025-01-30
342137,SÃO PAULO,355030811A,SP,AC Santana,"-23,50248","-46,628836",2025-01-30 19:10:00,0.0,5,19,2025-01-30
342138,SÃO PAULO,355030811A,SP,AC Santana,"-23,50248","-46,628836",2025-01-30 19:40:00,0.2,5,19,2025-01-30
342139,SÃO PAULO,355030811A,SP,AC Santana,"-23,50248","-46,628836",2025-01-30 20:10:00,0.2,5,20,2025-01-30
342140,SÃO PAULO,355030811A,SP,AC Santana,"-23,50248","-46,628836",2025-01-30 20:40:00,0.2,5,20,2025-01-30
342141,SÃO PAULO,355030811A,SP,AC Santana,"-23,50248","-46,628836",2025-01-30 21:00:00,0.2,5,21,2025-01-30
342142,SÃO PAULO,355030811A,SP,AC Santana,"-23,50248","-46,628836",2025-01-30 21:10:00,0.0,5,21,2025-01-30
342143,SÃO PAULO,355030811A,SP,AC Santana,"-23,50248","-46,628836",2025-01-30 21:30:00,0.2,5,21,2025-01-30
342144,SÃO PAULO,355030811A,SP,AC Santana,"-23,50248","-46,628836",2025-01-30 22:10:00,0.0,5,22,2025-01-30
342145,SÃO PAULO,355030811A,SP,AC Santana,"-23,50248","-46,628836",2025-01-30 22:20:00,0.2,5,22,2025-01-30
342146,SÃO PAULO,355030811A,SP,AC Santana,"-23,50248","-46,628836",2025-01-30 22:50:00,0.2,5,22,2025-01-30
342147,SÃO PAULO,355030811A,SP,AC Santana,"-23,50248","-46,628836",2025-01-30 23:10:00,0.2,5,23,2025-01-30
342148,SÃO PAULO,355030811A,SP,AC Santana,"-23,50248","-46,628836",2025-01-30 23:40:00,0.2,5,23,2025-01-30
342149,SÃO PAULO,355030811A,SP,AC Santana,"-23,50248","-46,628836",2025-01-31 00:10:00,0.2,5,0,2025-01-31
342150,SÃO PAULO,355030811A,SP,AC Santana,"-23,50248","-46,628836",2025-01-31 00:40:00,0.2,5,0,2025-01-31
342151,SÃO PAULO,355030811A,SP,AC Santana,"-23,50248","-46,628836",2025-01-31 01:00:00,0.2,5,1,2025-01-31
342152,SÃO PAULO,355030811A,SP,AC Santana,"-23,50248","-46,628836",2025-01-31 01:10:00,0.0,5,1,2025-01-31
342153,SÃO PAULO,355030811A,SP,AC Santana,"-23,50248","-46,628836",2025-01-31 01:20:00,0.2,5,1,2025-01-31
342154,SÃO PAULO,355030811A,SP,AC Santana,"-23,50248","-46,628836",2025-01-31 01:40:00,0.2,5,1,2025-01-31
342155,SÃO PAULO,355030811A,SP,AC Santana,"-23,50248","-46,628836",2025-01-31 01:50:00,0.2,5,1,2025-01-31
342156,SÃO PAULO,355030811A,SP,AC Santana,"-23,50248","-46,628836",2025-01-31 02:00:00,0.2,5,2,2025-01-31
342157,SÃO PAULO,355030811A,SP,AC Santana,"-23,50248","-46,628836",2025-01-31 02:10:00,0.2,5,2,2025-01-31
342158,SÃO PAULO,355030811A,SP,AC Santana,"-23,50248","-46,628836",2025-01-31 02:20:00,0.2,5,2,2025-01-31
342159,SÃO PAULO,355030811A,SP,AC Santana,"-23,50248","-46,628836",2025-01-31 02:30:00,0.2,5,2,2025-01-31
342160,SÃO PAULO,355030811A,SP,AC Santana,"-23,50248","-46,628836",2025-01-31 02:40:00,0.2,5,2,2025-01-31
342161,SÃO PAULO,355030811A,SP,AC Santana,"-23,50248","-46,628836",2025-01-31 02:50:00,0.2,5,2,2025-01-31
342162,SÃO PAULO,355030811A,SP,AC Santana,"-23,50248","-46,628836",2025-01-31 03:00:00,0.2,5,3,2025-01-31
342163,SÃO PAULO,355030811A,SP,AC Santana,"-23,50248","-46,628836",2025-01-31 03:10:00,0.2,5,3,2025-01-31
342164,SÃO PAULO,355030811A,SP,AC Santana,"-23,50248","-46,628836",2025-01-31 03:30:00,0.2,5,3,2025-01-31
342165,SÃO PAULO,355030811A,SP,AC Santana,"-23,50248","-46,628836",2025-01-31 03:40:00,0.2,5,3,2025-01-31
342166,SÃO PAULO,355030811A,SP,AC Santana,"-23,50248","-46,628836",2025-01-31 03:50:00,0.2,5,3,2025-01-31
342167,SÃO PAULO,355030811A,SP,AC Santana,"-23,50248","-46,628836",2025-01-31 04:00:00,0.2,5,4,2025-01-31
342168,SÃO PAULO,355030811A,SP,AC Santana,"-23,50248","-46,628836",2025-01-31 04:10:00,0.2,5,4,2025-01-31
342169,SÃO PAULO,355030811A,SP,AC Santana,"-23,50248","-46,628836",2025-01-31 04:20:00,0.2,5,4,2025-01-31
342170,SÃO PAULO,355030811A,SP,AC Santana,"-23,50248","-46,628836",2025-01-31 04:30:00,0.2,5,4,2025-01-31
342171,SÃO PAULO,355030811A,SP,AC Santana,"-23,50248","-46,628836",2025-01-31 04:40:00,0.2,5,4,2025-01-31
342172,SÃO PAULO,355030811A,SP,AC Santana,"-23,50248","-46,628836",2025-01-31 05:00:00,0.2,5,5,2025-01-31
342173,SÃO PAULO,355030811A,SP,AC Santana,"-23,50248","-46,628836",2025-01-31 05:10:00,0.0,5,5,2025-01-31
342174,SÃO PAULO,355030811A,SP,AC Santana,"-23,50248","-46,628836",2025-01-31 05:30:00,0.2,5,5,2025-01-31
342175,SÃO PAULO,355030811A,SP,AC Santana,"-23,50248","-46,628836",2025-01-31 05:50:00,0.2,5,5,2025-01-31
342176,SÃO PAULO,355030811A,SP,AC Santana,"-23,50248","-46,628836",2025-01-31 06:00:00,0.2,5,6,2025-01-31
342177,SÃO PAULO,355030811A,SP,AC Santana,"-23,50248","-46,628836",2025-01-31 06:10:00,0.0,5,6,2025-01-31
342178,SÃO PAULO,355030811A,SP,AC Santana,"-23,50248","-46,628836",2025-01-31 06:20:00,0.2,5,6,2025-01-31
342179,SÃO PAULO,355030811A,SP,AC Santana,"-23,50248","-46,628836",2025-01-31 06:40:00,0.2,5,6,2025-01-31
342180,SÃO PAULO,355030811A,SP,AC Santana,"-23,50248","-46,628836",2025-01-31 07:00:00,0.2,5,7,2025-01-31
342181,SÃO PAULO,355030811A,SP,AC Santana,"-23,50248","-46,628836",2025-01-31 07:10:00,0.2,5,7,2025-01-31
342182,SÃO PAULO,355030811A,SP,AC Santana,"-23,50248","-46,628836",2025-01-31 07:30:00,0.2,5,7,2025-01-31
342183,SÃO PAULO,355030811A,SP,AC Santana,"-23,50248","-46,628836",2025-01-31 07:40:00,0.2,5,7,2025-01-31
342184,SÃO PAULO,355030811A,SP,AC Santana,"-23,50248","-46,628836",2025-01-31 07:50:00,0.2,5,7,2025-01-31
342185,SÃO PAULO,355030811A,SP,AC Santana,"-23,50248","-46,628836",2025-01-31 08:00:00,0.2,5,8,2025-01-31
342186,SÃO PAULO,355030811A,SP,AC Santana,"-23,50248","-46,628836",2025-01-31 08:10:00,0.0,5,8,2025-01-31
342187,SÃO PAULO,355030811A,SP,AC Santana,"-23,50248","-46,628836",2025-01-31 08:20:00,0.2,5,8,2025-01-31
342188,SÃO PAULO,355030811A,SP,AC Santana,"-23,50248","-46,628836",2025-01-31 08:30:00,0.2,5,8,2025-01-31
342189,SÃO PAULO,355030811A,SP,AC Santana,"-23,50248","-46,628836",2025-01-31 08:40:00,0.2,5,8,2025-01-31
342190,SÃO PAULO,355030811A,SP,AC Santana,"-23,50248","-46,628836",2025-01-31 08:50:00,0.2,5,8,2025-01-31
342191,SÃO PAULO,355030811A,SP,AC Santana,"-23,50248","-46,628836",2025-01-31 09:00:00,0.2,5,9,2025-01-31
342192,SÃO PAULO,355030811A,SP,AC Santana,"-23,50248","-46,628836",2025-01-31 09:10:00,0.2,5,9,2025-01-31
342193,SÃO PAULO,355030811A,SP,AC Santana,"-23,50248","-46,628836",2025-01-31 09:20:00,0.2,5,9,2025-01-31
342194,SÃO PAULO,355030811A,SP,AC Santana,"-23,50248","-46,628836",2025-01-31 09:30:00,0.2,5,9,2025-01-31
342195,SÃO PAULO,355030811A,SP,AC Santana,"-23,50248","-46,628836",2025-01-31 09:50:00,0.2,5,9,2025-01-31
342196,SÃO PAULO,355030811A,SP,AC Santana,"-23,50248","-46,628836",2025-01-31 10:10:00,0.2,5,10,2025-01-31
342197,SÃO PAULO,355030811A,SP,AC Santana,"-23,50248","-46,628836",2025-01-31 10:20:00,0.2,5,10,2025-01-31
342198,SÃO PAULO,355030811A,SP,AC Santana,"-23,50248","-46,628836",2025-01-31 11:10:00,0.0,5,11,2025-01-31
342199,SÃO PAULO,355030811A,SP,AC Santana,"-23,50248","-46,628836",2025-01-31 12:10:00,0.0,5,12,2025-01-31
342200,SÃO PAULO,355030811A,SP,AC Santana,"-23,50248","-46,628836",2025-01-31 13:10:00,0.0,5,13,2025-01-31
342201,SÃO PAULO,355030811A,SP,AC Santana,"-23,50248","-46,628836",2025-01-31 14:10:00,0.0,5,14,2025-01-31
342202,SÃO PAULO,355030811A,SP,AC Santana,"-23,50248","-46,628836",2025-01-31 15:10:00,0.0,5,15,2025-01-31
342203,SÃO PAULO,355030811A,SP,AC Santana,"-23,50248","-46,628836",2025-01-31 16:10:00,0.0,5,16,2025-01-31
342204,SÃO PAULO,355030811A,SP,AC Santana,"-23,50248","-46,628836",2025-01-31 17:10:00,0.0,5,17,2025-01-31
342205,SÃO PAULO,355030811A,SP,AC Santana,"-23,50248","-46,628836",2025-01-31 18:10:00,0.0,5,18,2025-01-31
342206,SÃO PAULO,355030811A,SP,AC Santana,"-23,50248","-46,628836",2025-01-31 19:10:00,0.0,5,19,2025-01-31
342207,SÃO PAULO,355030811A,SP,AC Santana,"-23,50248","-46,628836",2025-01-31 20:10:00,0.0,5,20,2025-01-31
342208,SÃO PAULO,355030811A,SP,AC Santana,"-23,50248","-46,628836",2025-01-31 21:10:00,0.0,5,21,2025-01-31
342209,SÃO PAULO,355030811A,SP,AC Santana,"-23,50248","-46,628836",2025-01-31 22:10:00,0.0,5,22,2025-01-31
342210,SÃO PAULO,355030811A,SP,AC Santana,"-23,50248","-46,628836",2025-01-31 23:10:00,0.0,5,23,2025-01-31
366803,SÃO PAULO,355030854A,SP,Vila Maria,"-23,502","-46,591",2025-01-01 00:10:00,0.0,1,0,2025-01-01
366804,SÃO PAULO,355030854A,SP,Vila Maria,"-23,502","-46,591",2025-01-01 01:10:00,0.0,1,1,2025-01-01
366805,SÃO PAULO,355030854A,SP,Vila Maria,"-23,502","-46,591",2025-01-01 02:10:00,0.0,1,2,2025-01-01
366806,SÃO PAULO,355030854A,SP,Vila Maria,"-23,502","-46,591",2025-01-01 03:10:00,0.0,1,3,2025-01-01
366807,SÃO PAULO,355030854A,SP,Vila Maria,"-23,502","-46,591",2025-01-01 04:10:00,0.0,1,4,2025-01-01
366808,SÃO PAULO,355030854A,SP,Vila Maria,"-23,502","-46,591",2025-01-01 05:10:00,0.0,1,5,2025-01-01
366809,SÃO PAULO,355030854A,SP,Vila Maria,"-23,502","-46,591",2025-01-01 06:10:00,0.0,1,6,2025-01-01
366810,SÃO PAULO,355030854A,SP,Vila Maria,"-23,502","-46,591",2025-01-01 07:10:00,0.0,1,7,2025-01-01
366811,SÃO PAULO,355030854A,SP,Vila Maria,"-23,502","-46,591",2025-01-01 08:10:00,0.0,1,8,2025-01-01
366812,SÃO PAULO,355030854A,SP,Vila Maria,"-23,502","-46,591",2025-01-01 09:10:00,0.0,1,9,2025-01-01
366813,SÃO PAULO,355030854A,SP,Vila Maria,"-23,502","-46,591",2025-01-01 10:10:00,0.0,1,10,2025-01-01
366814,SÃO PAULO,355030854A,SP,Vila Maria,"-23,502","-46,591",2025-01-01 11:10:00,0.0,1,11,2025-01-01
366815,SÃO PAULO,355030854A,SP,Vila Maria,"-23,502","-46,591",2025-01-01 12:10:00,0.0,1,12,2025-01-01
366816,SÃO PAULO,355030854A,SP,Vila Maria,"-23,502","-46,591",2025-01-01 13:10:00,0.0,1,13,2025-01-01
366817,SÃO PAULO,355030854A,SP,Vila Maria,"-23,502","-46,591",2025-01-01 14:10:00,0.0,1,14,2025-01-01
366818,SÃO PAULO,355030854A,SP,Vila Maria,"-23,502","-46,591",2025-01-01 15:10:00,0.0,1,15,2025-01-01
366819,SÃO PAULO,355030854A,SP,Vila Maria,"-23,502","-46,591",2025-01-01 16:00:00,0.2,1,16,2025-01-01
366820,SÃO PAULO,355030854A,SP,Vila Maria,"-23,502","-46,591",2025-01-01 16:10:00,0.0,1,16,2025-01-01
366821,SÃO PAULO,355030854A,SP,Vila Maria,"-23,502","-46,591",2025-01-01 17:10:00,0.0,1,17,2025-01-01
366822,SÃO PAULO,355030854A,SP,Vila Maria,"-23,502","-46,591",2025-01-01 18:10:00,0.0,1,18,2025-01-01
366823,SÃO PAULO,355030854A,SP,Vila Maria,"-23,502","-46,591",2025-01-01 19:10:00,0.0,1,19,2025-01-01
366824,SÃO PAULO,355030854A,SP,Vila Maria,"-23,502","-46,591",2025-01-01 19:20:00,0.2,1,19,2025-01-01
366825,SÃO PAULO,355030854A,SP,Vila Maria,"-23,502","-46,591",2025-01-01 20:10:00,0.0,1,20,2025-01-01
366826,SÃO PAULO,355030854A,SP,Vila Maria,"-23,502","-46,591",2025-01-01 21:10:00,0.0,1,21,2025-01-01
366827,SÃO PAULO,355030854A,SP,Vila Maria,"-23,502","-46,591",2025-01-01 22:10:00,0.0,1,22,2025-01-01
366828,SÃO PAULO,355030854A,SP,Vila Maria,"-23,502","-46,591",2025-01-01 23:10:00,0.0,1,23,2025-01-01
366829,SÃO PAULO,355030854A,SP,Vila Maria,"-23,502","-46,591",2025-01-02 00:10:00,0.0,1,0,2025-01-02
366830,SÃO PAULO,355030854A,SP,Vila Maria,"-23,502","-46,591",2025-01-02 01:10:00,0.0,1,1,2025-01-02
366831,SÃO PAULO,355030854A,SP,Vila Maria,"-23,502","-46,591",2025-01-02 02:10:00,0.0,1,2,2025-01-02
366832,SÃO PAULO,355030854A,SP,Vila Maria,"-23,502","-46,591",2025-01-02 03:10:00,0.0,1,3,2025-01-02
366833,SÃO PAULO,355030854A,SP,Vila Maria,"-23,502","-46,591",2025-01-02 04:10:00,0.0,1,4,2025-01-02
366834,SÃO PAULO,355030854A,SP,Vila Maria,"-23,502","-46,591",2025-01-02 05:10:00,0.0,1,5,2025-01-02
366835,SÃO PAULO,355030854A,SP,Vila Maria,"-23,502","-46,591",2025-01-02 06:10:00,0.0,1,6,2025-01-02
366836,SÃO PAULO,355030854A,SP,Vila Maria,"-23,502","-46,591",2025-01-02 07:10:00,0.0,1,7,2025-01-02
366837,SÃO PAULO,355030854A,SP,Vila Maria,"-23,502","-46,591",2025-01-02 08:10:00,0.0,1,8,2025-01-02
366838,SÃO PAULO,355030854A,SP,Vila Maria,"-23,502","-46,591",2025-01-02 09:10:00,0.0,1,9,2025-01-02
366839,SÃO PAULO,355030854A,SP,Vila Maria,"-23,502","-46,591",2025-01-02 10:10:00,0.0,1,10,2025-01-02
366840,SÃO PAULO,355030854A,SP,Vila Maria,"-23,502","-46,591",2025-01-02 11:10:00,0.0,1,11,2025-01-02
366841,SÃO PAULO,355030854A,SP,Vila Maria,"-23,502","-46,591",2025-01-02 12:10:00,0.0,1,12,2025-01-02
366842,SÃO PAULO,355030854A,SP,Vila Maria,"-23,502","-46,591",2025-01-02 13:10:00,0.0,1,13,2025-01-02
366843,SÃO PAULO,355030854A,SP,Vila Maria,"-23,502","-46,591",2025-01-02 14:10:00,0.0,1,14,2025-01-02
366844,SÃO PAULO,355030854A,SP,Vila Maria,"-23,502","-46,591",2025-01-02 15:10:00,0.0,1,15,2025-01-02
366845,SÃO PAULO,355030854A,SP,Vila Maria,"-23,502","-46,591",2025-01-02 16:10:00,0.0,1,16,2025-01-02
366846,SÃO PAULO,355030854A,SP,Vila Maria,"-23,502","-46,591",2025-01-02 17:10:00,0.0,1,17,2025-01-02
366847,SÃO PAULO,355030854A,SP,Vila Maria,"-23,502","-46,591",2025-01-02 18:10:00,0.0,1,18,2025-01-02
366848,SÃO PAULO,355030854A,SP,Vila Maria,"-23,502","-46,591",2025-01-02 19:10:00,0.0,1,19,2025-01-02
366849,SÃO PAULO,355030854A,SP,Vila Maria,"-23,502","-46,591",2025-01-02 20:10:00,0.0,1,20,2025-01-02
366850,SÃO PAULO,355030854A,SP,Vila Maria,"-23,502","-46,591",2025-01-02 21:10:00,0.0,1,21,2025-01-02
366851,SÃO PAULO,355030854A,SP,Vila Maria,"-23,502","-46,591",2025-01-02 22:10:00,0.0,1,22,2025-01-02
366852,SÃO PAULO,355030854A,SP,Vila Maria,"-23,502","-46,591",2025-01-02 22:30:00,1.18,1,22,2025-01-02
366853,SÃO PAULO,355030854A,SP,Vila Maria,"-23,502","-46,591",2025-01-02 22:40:00,2.36,1,22,2025-01-02
366854,SÃO PAULO,355030854A,SP,Vila Maria,"-23,502","-46,591",2025-01-02 22:50:00,1.37,1,22,2025-01-02
366855,SÃO PAULO,355030854A,SP,Vila Maria,"-23,502","-46,591",2025-01-02 23:00:00,0.98,1,23,2025-01-02
366856,SÃO PAULO,355030854A,SP,Vila Maria,"-23,502","-46,591",2025-01-02 23:10:00,0.98,1,23,2025-01-02
366857,SÃO PAULO,355030854A,SP,Vila Maria,"-23,502","-46,591",2025-01-02 23:20:00,0.59,1,23,2025-01-02
366858,SÃO PAULO,355030854A,SP,Vila Maria,"-23,502","-46,591",2025-01-02 23:30:00,0.59,1,23,2025-01-02
366859,SÃO PAULO,355030854A,SP,Vila Maria,"-23,502","-46,591",2025-01-02 23:40:00,0.39,1,23,2025-01-02
366860,SÃO PAULO,355030854A,SP,Vila Maria,"-23,502","-46,591",2025-01-02 23:50:00,0.59,1,23,2025-01-02
366861,SÃO PAULO,355030854A,SP,Vila Maria,"-23,502","-46,591",2025-01-03 00:00:00,0.39,1,0,2025-01-03
366862,SÃO PAULO,355030854A,SP,Vila Maria,"-23,502","-46,591",2025-01-03 00:10:00,0.59,1,0,2025-01-03
366863,SÃO PAULO,355030854A,SP,Vila Maria,"-23,502","-46,591",2025-01-03 00:20:00,0.39,1,0,2025-01-03
366864,SÃO PAULO,355030854A,SP,Vila Maria,"-23,502","-46,591",2025-01-03 00:30:00,0.59,1,0,2025-01-03
366865,SÃO PAULO,355030854A,SP,Vila Maria,"-23,502","-46,591",2025-01-03 00:40:00,0.39,1,0,2025-01-03
366866,SÃO PAULO,355030854A,SP,Vila Maria,"-23,502","-46,591",2025-01-03 00:50:00,0.39,1,0,2025-01-03
366867,SÃO PAULO,355030854A,SP,Vila Maria,"-23,502","-46,591",2025-01-03 01:00:00,0.39,1,1,2025-01-03
366868,SÃO PAULO,355030854A,SP,Vila Maria,"-23,502","-46,591",2025-01-03 01:10:00,0.39,1,1,2025-01-03
366869,SÃO PAULO,355030854A,SP,Vila Maria,"-23,502","-46,591",2025-01-03 01:20:00,0.39,1,1,2025-01-03
366870,SÃO PAULO,355030854A,SP,Vila Maria,"-23,502","-46,591",2025-01-03 01:30:00,0.39,1,1,2025-01-03
366871,SÃO PAULO,355030854A,SP,Vila Maria,"-23,502","-46,591",2025-01-03 01:40:00,0.39,1,1,2025-01-03
366872,SÃO PAULO,355030854A,SP,Vila Maria,"-23,502","-46,591",2025-01-03 01:50:00,0.39,1,1,2025-01-03
366873,SÃO PAULO,355030854A,SP,Vila Maria,"-23,502","-46,591",2025-01-03 02:00:00,0.39,1,2,2025-01-03
366874,SÃO PAULO,355030854A,SP,Vila Maria,"-23,502","-46,591",2025-01-03 02:10:00,0.39,1,2,2025-01-03
366875,SÃO PAULO,355030854A,SP,Vila Maria,"-23,502","-46,591",2025-01-03 02:20:00,0.2,1,2,2025-01-03
366876,SÃO PAULO,355030854A,SP,Vila Maria,"-23,502","-46,591",2025-01-03 02:30:00,0.39,1,2,2025-01-03
366877,SÃO PAULO,355030854A,SP,Vila Maria,"-23,502","-46,591",2025-01-03 02:40:00,0.2,1,2,2025-01-03
366878,SÃO PAULO,355030854A,SP,Vila Maria,"-23,502","-46,591",2025-01-03 02:50:00,0.39,1,2,2025-01-03
366879,SÃO PAULO,355030854A,SP,Vila Maria,"-23,502","-46,591",2025-01-03 03:00:00,0.39,1,3,2025-01-03
366880,SÃO PAULO,355030854A,SP,Vila Maria,"-23,502","-46,591",2025-01-03 03:10:00,0.2,1,3,2025-01-03
366881,SÃO PAULO,355030854A,SP,Vila Maria,"-23,502","-46,591",2025-01-03 03:20:00,0.39,1,3,2025-01-03
366882,SÃO PAULO,355030854A,SP,Vila Maria,"-23,502","-46,591",2025-01-03 03:30:00,0.39,1,3,2025-01-03
366883,SÃO PAULO,355030854A,SP,Vila Maria,"-23,502","-46,591",2025-01-03 03:40:00,0.2,1,3,2025-01-03
366884,SÃO PAULO,355030854A,SP,Vila Maria,"-23,502","-46,591",2025-01-03 03:50:00,0.39,1,3,2025-01-03
366885,SÃO PAULO,355030854A,SP,Vila Maria,"-23,502","-46,591",2025-01-03 04:00:00,0.39,1,4,2025-01-03
366886,SÃO PAULO,355030854A,SP,Vila Maria,"-23,502","-46,591",2025-01-03 04:10:00,0.39,1,4,2025-01-03
366887,SÃO PAULO,355030854A,SP,Vila Maria,"-23,502","-46,591",2025-01-03 04:20:00,0.39,1,4,2025-01-03
366888,SÃO PAULO,355030854A,SP,Vila Maria,"-23,502","-46,591",2025-01-03 04:30:00,0.39,1,4,2025-01-03
366889,SÃO PAULO,355030854A,SP,Vila Maria,"-23,502","-46,591",2025-01-03 04:40:00,0.2,1,4,2025-01-03
366890,SÃO PAULO,355030854A,SP,Vila Maria,"-23,502","-46,591",2025-01-03 04:50:00,0.39,1,4,2025-01-03
366891,SÃO PAULO,355030854A,SP,Vila Maria,"-23,502","-46,591",2025-01-03 05:00:00,0.39,1,5,2025-01-03
366892,SÃO PAULO,355030854A,SP,Vila Maria,"-23,502","-46,591",2025-01-03 05:10:00,0.39,1,5,2025-01-03
366893,SÃO PAULO,355030854A,SP,Vila Maria,"-23,502","-46,591",2025-01-03 05:20:00,0.39,1,5,2025-01-03
366894,SÃO PAULO,355030854A,SP,Vila Maria,"-23,502","-46,591",2025-01-03 05:30:00,0.2,1,5,2025-01-03
366895,SÃO PAULO,355030854A,SP,Vila Maria,"-23,502","-46,591",2025-01-03 05:40:00,0.39,1,5,2025-01-03
366896,SÃO PAULO,355030854A,SP,Vila Maria,"-23,502","-46,591",2025-01-03 05:50:00,0.39,1,5,2025-01-03
366897,SÃO PAULO,355030854A,SP,Vila Maria,"-23,502","-46,591",2025-01-03 06:00:00,0.2,1,6,2025-01-03
366898,SÃO PAULO,355030854A,SP,Vila Maria,"-23,502","-46,591",2025-01-03 06:10:00,0.2,1,6,2025-01-03
366899,SÃO PAULO,355030854A,SP,Vila Maria,"-23,502","-46,591",2025-01-03 06:20:00,0.39,1,6,2025-01-03
366900,SÃO PAULO,355030854A,SP,Vila Maria,"-23,502","-46,591",2025-01-03 06:30:00,0.2,1,6,2025-01-03
366901,SÃO PAULO,355030854A,SP,Vila Maria,"-23,502","-46,591",2025-01-03 06:40:00,0.2,1,6,2025-01-03
366902,SÃO PAULO,355030854A,SP,Vila Maria,"-23,502","-46,591",2025-01-03 06:50:00,0.2,1,6,2025-01-03
366903,SÃO PAULO,355030854A,SP,Vila Maria,"-23,502","-46,591",2025-01-03 07:00:00,0.39,1,7,2025-01-03
366904,SÃO PAULO,355030854A,SP,Vila Maria,"-23,502","-46,591",2025-01-03 07:10:00,0.2,1,7,2025-01-03
366905,SÃO PAULO,355030854A,SP,Vila Maria,"-23,502","-46,591",2025-01-03 07:20:00,0.2,1,7,2025-01-03
366906,SÃO PAULO,355030854A,SP,Vila Maria,"-23,502","-46,591",2025-01-03 07:40:00,0.2,1,7,2025-01-03
366907,SÃO PAULO,355030854A,SP,Vila Maria,"-23,502","-46,591",2025-01-03 07:50:00,0.2,1,7,2025-01-03
366908,SÃO PAULO,355030854A,SP,Vila Maria,"-23,502","-46,591",2025-01-03 08:00:00,0.2,1,8,2025-01-03
366909,SÃO PAULO,355030854A,SP,Vila Maria,"-23,502","-46,591",2025-01-03 08:10:00,0.2,1,8,2025-01-03
366910,SÃO PAULO,355030854A,SP,Vila Maria,"-23,502","-46,591",2025-01-03 08:20:00,0.2,1,8,2025-01-03
366911,SÃO PAULO,355030854A,SP,Vila Maria,"-23,502","-46,591",2025-01-03 08:40:00,0.2,1,8,2025-01-03
366912,SÃO PAULO,355030854A,SP,Vila Maria,"-23,502","-46,591",2025-01-03 08:50:00,0.2,1,8,2025-01-03
366913,SÃO PAULO,355030854A,SP,Vila Maria,"-23,502","-46,591",2025-01-03 09:10:00,0.0,1,9,2025-01-03
366914,SÃO PAULO,355030854A,SP,Vila Maria,"-23,502","-46,591",2025-01-03 10:10:00,0.0,1,10,2025-01-03
366915,SÃO PAULO,355030854A,SP,Vila Maria,"-23,502","-46,591",2025-01-03 11:10:00,0.0,1,11,2025-01-03
366916,SÃO PAULO,355030854A,SP,Vila Maria,"-23,502","-46,591",2025-01-03 12:10:00,0.0,1,12,2025-01-03
366917,SÃO PAULO,355030854A,SP,Vila Maria,"-23,502","-46,591",2025-01-03 13:10:00,0.0,1,13,2025-01-03
366918,SÃO PAULO,355030854A,SP,Vila Maria,"-23,502","-46,591",2025-01-03 14:10:00,0.0,1,14,2025-01-03
366919,SÃO PAULO,355030854A,SP,Vila Maria,"-23,502","-46,591",2025-01-03 15:10:00,0.0,1,15,2025-01-03
366920,SÃO PAULO,355030854A,SP,Vila Maria,"-23,502","-46,591",2025-01-03 16:10:00,0.0,1,16,2025-01-03
366921,SÃO PAULO,355030854A,SP,Vila Maria,"-23,502","-46,591",2025-01-03 17:10:00,0.0,1,17,2025-01-03
366922,SÃO PAULO,355030854A,SP,Vila Maria,"-23,502","-46,591",2025-01-03 18:10:00,0.0,1,18,2025-01-03
366923,SÃO PAULO,355030854A,SP,Vila Maria,"-23,502","-46,591",2025-01-03 19:00:00,0.59,1,19,2025-01-03
366924,SÃO PAULO,355030854A,SP,Vila Maria,"-23,502","-46,591",2025-01-03 19:10:00,0.98,1,19,2025-01-03
366925,SÃO PAULO,355030854A,SP,Vila Maria,"-23,502","-46,591",2025-01-03 19:20:00,1.57,1,19,2025-01-03
366926,SÃO PAULO,355030854A,SP,Vila Maria,"-23,502","-46,591",2025-01-03 19:30:00,0.79,1,19,2025-01-03
366927,SÃO PAULO,355030854A,SP,Vila Maria,"-23,502","-46,591",2025-01-03 19:40:00,0.59,1,19,2025-01-03
366928,SÃO PAULO,355030854A,SP,Vila Maria,"-23,502","-46,591",2025-01-03 19:50:00,0.39,1,19,2025-01-03
366929,SÃO PAULO,355030854A,SP,Vila Maria,"-23,502","-46,591",2025-01-03 20:00:00,0.39,1,20,2025-01-03
366930,SÃO PAULO,355030854A,SP,Vila Maria,"-23,502","-46,591",2025-01-03 20:10:00,0.2,1,20,2025-01-03
366931,SÃO PAULO,355030854A,SP,Vila Maria,"-23,502","-46,591",2025-01-03 20:20:00,0.39,1,20,2025-01-03
366932,SÃO PAULO,355030854A,SP,Vila Maria,"-23,502","-46,591",2025-01-03 20:30:00,0.2,1,20,2025-01-03
366933,SÃO PAULO,355030854A,SP,Vila Maria,"-23,502","-46,591",2025-01-03 20:40:00,0.2,1,20,2025-01-03
366934,SÃO PAULO,355030854A,SP,Vila Maria,"-23,502","-46,591",2025-01-03 20:50:00,0.2,1,20,2025-01-03
366935,SÃO PAULO,355030854A,SP,Vila Maria,"-23,502","-46,591",2025-01-03 21:00:00,0.2,1,21,2025-01-03
366936,SÃO PAULO,355030854A,SP,Vila Maria,"-23,502","-46,591",2025-01-03 21:10:00,0.2,1,21,2025-01-03
366937,SÃO PAULO,355030854A,SP,Vila Maria,"-23,502","-46,591",2025-01-03 21:20:00,0.2,1,21,2025-01-03
366938,SÃO PAULO,355030854A,SP,Vila Maria,"-23,502","-46,591",2025-01-03 21:30:00,0.2,1,21,2025-01-03
366939,SÃO PAULO,355030854A,SP,Vila Maria,"-23,502","-46,591",2025-01-03 21:40:00,0.2,1,21,2025-01-03
366940,SÃO PAULO,355030854A,SP,Vila Maria,"-23,502","-46,591",2025-01-03 21:50:00,0.2,1,21,2025-01-03
366941,SÃO PAULO,355030854A,SP,Vila Maria,"-23,502","-46,591",2025-01-03 22:00:00,0.2,1,22,2025-01-03
366942,SÃO PAULO,355030854A,SP,Vila Maria,"-23,502","-46,591",2025-01-03 22:10:00,0.2,1,22,2025-01-03
366943,SÃO PAULO,355030854A,SP,Vila Maria,"-23,502","-46,591",2025-01-03 22:30:00,0.2,1,22,2025-01-03
366944,SÃO PAULO,355030854A,SP,Vila Maria,"-23,502","-46,591",2025-01-03 22:40:00,0.2,1,22,2025-01-03
366945,SÃO PAULO,355030854A,SP,Vila Maria,"-23,502","-46,591",2025-01-03 22:50:00,0.2,1,22,2025-01-03
366946,SÃO PAULO,355030854A,SP,Vila Maria,"-23,502","-46,591",2025-01-03 23:00:00,0.2,1,23,2025-01-03
366947,SÃO PAULO,355030854A,SP,Vila Maria,"-23,502","-46,591",2025-01-03 23:10:00,0.0,1,23,2025-01-03
366948,SÃO PAULO,355030854A,SP,Vila Maria,"-23,502","-46,591",2025-01-03 23:20:00,0.2,1,23,2025-01-03
366949,SÃO PAULO,355030854A,SP,Vila Maria,"-23,502","-46,591",2025-01-03 23:30:00,0.2,1,23,2025-01-03
366950,SÃO PAULO,355030854A,SP,Vila Maria,"-23,502","-46,591",2025-01-03 23:40:00,0.2,1,23,2025-01-03
366951,SÃO PAULO,355030854A,SP,Vila Maria,"-23,502","-46,591",2025-01-03 23:50:00,0.2,1,23,2025-01-03
366952,SÃO PAULO,355030854A,SP,Vila Maria,"-23,502","-46,591",2025-01-04 00:10:00,0.2,1,0,2025-01-04
366953,SÃO PAULO,355030854A,SP,Vila Maria,"-23,502","-46,591",2025-01-04 00:20:00,0.2,1,0,2025-01-04
366954,SÃO PAULO,355030854A,SP,Vila Maria,"-23,502","-46,591",2025-01-04 00:30:00,0.2,1,0,2025-01-04
366955,SÃO PAULO,355030854A,SP,Vila Maria,"-23,502","-46,591",2025-01-04 00:40:00,0.2,1,0,2025-01-04
366956,SÃO PAULO,355030854A,SP,Vila Maria,"-23,502","-46,591",2025-01-04 00:50:00,0.2,1,0,2025-01-04
366957,SÃO PAULO,355030854A,SP,Vila Maria,"-23,502","-46,591",2025-01-04 01:00:00,0.2,1,1,2025-01-04
366958,SÃO PAULO,355030854A,SP,Vila Maria,"-23,502","-46,591",2025-01-04 01:10:00,0.2,1,1,2025-01-04
366959,SÃO PAULO,355030854A,SP,Vila Maria,"-23,502","-46,591",2025-01-04 01:30:00,0.2,1,1,2025-01-04
366960,SÃO PAULO,355030854A,SP,Vila Maria,"-23,502","-46,591",2025-01-04 01:40:00,0.2,1,1,2025-01-04
366961,SÃO PAULO,355030854A,SP,Vila Maria,"-23,502","-46,591",2025-01-04 01:50:00,0.2,1,1,2025-01-04
366962,SÃO PAULO,355030854A,SP,Vila Maria,"-23,502","-46,591",2025-01-04 02:10:00,0.2,1,2,2025-01-04
366963,SÃO PAULO,355030854A,SP,Vila Maria,"-23,502","-46,591",2025-01-04 02:30:00,0.2,1,2,2025-01-04
366964,SÃO PAULO,355030854A,SP,Vila Maria,"-23,502","-46,591",2025-01-04 02:40:00,0.2,1,2,2025-01-04
366965,SÃO PAULO,355030854A,SP,Vila Maria,"-23,502","-46,591",2025-01-04 03:00:00,0.2,1,3,2025-01-04
366966,SÃO PAULO,355030854A,SP,Vila Maria,"-23,502","-46,591",2025-01-04 03:10:00,0.0,1,3,2025-01-04
366967,SÃO PAULO,355030854A,SP,Vila Maria,"-23,502","-46,591",2025-01-04 03:20:00,0.2,1,3,2025-01-04
366968,SÃO PAULO,355030854A,SP,Vila Maria,"-23,502","-46,591",2025-01-04 03:30:00,0.2,1,3,2025-01-04
366969,SÃO PAULO,355030854A,SP,Vila Maria,"-23,502","-46,591",2025-01-04 03:50:00,0.2,1,3,2025-01-04
366970,SÃO PAULO,355030854A,SP,Vila Maria,"-23,502","-46,591",2025-01-04 04:10:00,0.2,1,4,2025-01-04
366971,SÃO PAULO,355030854A,SP,Vila Maria,"-23,502","-46,591",2025-01-04 04:30:00,0.2,1,4,2025-01-04
366972,SÃO PAULO,355030854A,SP,Vila Maria,"-23,502","-46,591",2025-01-04 04:50:00,0.2,1,4,2025-01-04
366973,SÃO PAULO,355030854A,SP,Vila Maria,"-23,502","-46,591",2025-01-04 05:10:00,0.2,1,5,2025-01-04
366974,SÃO PAULO,355030854A,SP,Vila Maria,"-23,502","-46,591",2025-01-04 05:30:00,0.2,1,5,2025-01-04
366975,SÃO PAULO,355030854A,SP,Vila Maria,"-23,502","-46,591",2025-01-04 05:50:00,0.2,1,5,2025-01-04
366976,SÃO PAULO,355030854A,SP,Vila Maria,"-23,502","-46,591",2025-01-04 06:10:00,0.2,1,6,2025-01-04
366977,SÃO PAULO,355030854A,SP,Vila Maria,"-23,502","-46,591",2025-01-04 07:10:00,0.0,1,7,2025-01-04
366978,SÃO PAULO,355030854A,SP,Vila Maria,"-23,502","-46,591",2025-01-04 08:10:00,0.0,1,8,2025-01-04
366979,SÃO PAULO,355030854A,SP,Vila Maria,"-23,502","-46,591",2025-01-04 09:10:00,0.0,1,9,2025-01-04
366980,SÃO PAULO,355030854A,SP,Vila Maria,"-23,502","-46,591",2025-01-04 10:10:00,0.0,1,10,2025-01-04
366981,SÃO PAULO,355030854A,SP,Vila Maria,"-23,502","-46,591",2025-01-04 11:10:00,0.0,1,11,2025-01-04
366982,SÃO PAULO,355030854A,SP,Vila Maria,"-23,502","-46,591",2025-01-04 11:20:00,0.2,1,11,2025-01-04
366983,SÃO PAULO,355030854A,SP,Vila Maria,"-23,502","-46,591",2025-01-04 12:10:00,0.0,1,12,2025-01-04
366984,SÃO PAULO,355030854A,SP,Vila Maria,"-23,502","-46,591",2025-01-04 13:10:00,0.0,1,13,2025-01-04
366985,SÃO PAULO,355030854A,SP,Vila Maria,"-23,502","-46,591",2025-01-04 14:10:00,0.0,1,14,2025-01-04
366986,SÃO PAULO,355030854A,SP,Vila Maria,"-23,502","-46,591",2025-01-04 15:10:00,0.0,1,15,2025-01-04
366987,SÃO PAULO,355030854A,SP,Vila Maria,"-23,502","-46,591",2025-01-04 16:10:00,0.0,1,16,2025-01-04
366988,SÃO PAULO,355030854A,SP,Vila Maria,"-23,502","-46,591",2025-01-04 17:10:00,0.0,1,17,2025-01-04
366989,SÃO PAULO,355030854A,SP,Vila Maria,"-23,502","-46,591",2025-01-04 18:10:00,0.0,1,18,2025-01-04
366990,SÃO PAULO,355030854A,SP,Vila Maria,"-23,502","-46,591",2025-01-04 19:10:00,0.0,1,19,2025-01-04
366991,SÃO PAULO,355030854A,SP,Vila Maria,"-23,502","-46,591",2025-01-04 20:10:00,0.0,1,20,2025-01-04
366992,SÃO PAULO,355030854A,SP,Vila Maria,"-23,502","-46,591",2025-01-04 21:10:00,0.0,1,21,2025-01-04
366993,SÃO PAULO,355030854A,SP,Vila Maria,"-23,502","-46,591",2025-01-04 22:10:00,0.0,1,22,2025-01-04
366994,SÃO PAULO,355030854A,SP,Vila Maria,"-23,502","-46,591",2025-01-04 23:10:00,0.0,1,23,2025-01-04
366995,SÃO PAULO,355030854A,SP,Vila Maria,"-23,502","-46,591",2025-01-05 00:10:00,0.0,1,0,2025-01-05
366996,SÃO PAULO,355030854A,SP,Vila Maria,"-23,502","-46,591",2025-01-05 00:50:00,0.2,1,0,2025-01-05
366997,SÃO PAULO,355030854A,SP,Vila Maria,"-23,502","-46,591",2025-01-05 01:00:00,0.2,1,1,2025-01-05
366998,SÃO PAULO,355030854A,SP,Vila Maria,"-23,502","-46,591",2025-01-05 01:10:00,0.0,1,1,2025-01-05
366999,SÃO PAULO,355030854A,SP,Vila Maria,"-23,502","-46,591",2025-01-05 02:10:00,0.0,1,2,2025-01-05
367000,SÃO PAULO,355030854A,SP,Vila Maria,"-23,502","-46,591",2025-01-05 03:10:00,0.0,1,3,2025-01-05
367001,SÃO PAULO,355030854A,SP,Vila Maria,"-23,502","-46,591",2025-01-05 04:10:00,0.39,1,4,2025-01-05
367002,SÃO PAULO,355030854A,SP,Vila Maria,"-23,502","-46,591",2025-01-05 04:30:00,0.2,1,4,2025-01-05
367003,SÃO PAULO,355030854A,SP,Vila Maria,"-23,502","-46,591",2025-01-05 04:40:00,0.2,1,4,2025-01-05
367004,SÃO PAULO,355030854A,SP,Vila Maria,"-23,502","-46,591",2025-01-05 05:10:00,0.2,1,5,2025-01-05
367005,SÃO PAULO,355030854A,SP,Vila Maria,"-23,502","-46,591",2025-01-05 05:30:00,0.2,1,5,2025-01-05
367006,SÃO PAULO,355030854A,SP,Vila Maria,"-23,502","-46,591",2025-01-05 06:00:00,0.2,1,6,2025-01-05
367007,SÃO PAULO,355030854A,SP,Vila Maria,"-23,502","-46,591",2025-01-05 06:10:00,0.0,1,6,2025-01-05
367008,SÃO PAULO,355030854A,SP,Vila Maria,"-23,502","-46,591",2025-01-05 06:40:00,0.2,1,6,2025-01-05
367009,SÃO PAULO,355030854A,SP,Vila Maria,"-23,502","-46,591",2025-01-05 07:10:00,0.2,1,7,2025-01-05
367010,SÃO PAULO,355030854A,SP,Vila Maria,"-23,502","-46,591",2025-01-05 07:50:00,0.2,1,7,2025-01-05
367011,SÃO PAULO,355030854A,SP,Vila Maria,"-23,502","-46,591",2025-01-05 08:10:00,0.0,1,8,2025-01-05
367012,SÃO PAULO,355030854A,SP,Vila Maria,"-23,502","-46,591",2025-01-05 08:40:00,0.2,1,8,2025-01-05
367013,SÃO PAULO,355030854A,SP,Vila Maria,"-23,502","-46,591",2025-01-05 09:10:00,0.0,1,9,2025-01-05
367014,SÃO PAULO,355030854A,SP,Vila Maria,"-23,502","-46,591",2025-01-05 09:20:00,0.2,1,9,2025-01-05
367015,SÃO PAULO,355030854A,SP,Vila Maria,"-23,502","-46,591",2025-01-05 10:00:00,0.2,1,10,2025-01-05
367016,SÃO PAULO,355030854A,SP,Vila Maria,"-23,502","-46,591",2025-01-05 10:10:00,0.0,1,10,2025-01-05
367017,SÃO PAULO,355030854A,SP,Vila Maria,"-23,502","-46,591",2025-01-05 11:10:00,0.0,1,11,2025-01-05
367018,SÃO PAULO,355030854A,SP,Vila Maria,"-23,502","-46,591",2025-01-05 11:30:00,0.2,1,11,2025-01-05
367019,SÃO PAULO,355030854A,SP,Vila Maria,"-23,502","-46,591",2025-01-05 12:10:00,0.0,1,12,2025-01-05
367020,SÃO PAULO,355030854A,SP,Vila Maria,"-23,502","-46,591",2025-01-05 13:10:00,0.0,1,13,2025-01-05
367021,SÃO PAULO,355030854A,SP,Vila Maria,"-23,502","-46,591",2025-01-05 14:10:00,0.0,1,14,2025-01-05
367022,SÃO PAULO,355030854A,SP,Vila Maria,"-23,502","-46,591",2025-01-05 15:10:00,0.0,1,15,2025-01-05
367023,SÃO PAULO,355030854A,SP,Vila Maria,"-23,502","-46,591",2025-01-05 16:10:00,0.0,1,16,2025-01-05
367024,SÃO PAULO,355030854A,SP,Vila Maria,"-23,502","-46,591",2025-01-05 17:10:00,0.0,1,17,2025-01-05
367025,SÃO PAULO,355030854A,SP,Vila Maria,"-23,502","-46,591",2025-01-05 18:10:00,0.0,1,18,2025-01-05
367026,SÃO PAULO,355030854A,SP,Vila Maria,"-23,502","-46,591",2025-01-05 19:10:00,0.0,1,19,2025-01-05
367027,SÃO PAULO,355030854A,SP,Vila Maria,"-23,502","-46,591",2025-01-05 20:10:00,0.0,1,20,2025-01-05
367028,SÃO PAULO,355030854A,SP,Vila Maria,"-23,502","-46,591",2025-01-05 21:10:00,0.0,1,21,2025-01-05
367029,SÃO PAULO,355030854A,SP,Vila Maria,"-23,502","-46,591",2025-01-05 22:10:00,0.0,1,22,2025-01-05
367030,SÃO PAULO,355030854A,SP,Vila Maria,"-23,502","-46,591",2025-01-05 23:10:00,0.0,1,23,2025-01-05
367031,SÃO PAULO,355030854A,SP,Vila Maria,"-23,502","-46,591",2025-01-06 00:10:00,0.0,2,0,2025-01-06
367032,SÃO PAULO,355030854A,SP,Vila Maria,"-23,502","-46,591",2025-01-06 01:10:00,0.0,2,1,2025-01-06
367033,SÃO PAULO,355030854A,SP,Vila Maria,"-23,502","-46,591",2025-01-06 02:10:00,0.0,2,2,2025-01-06
367034,SÃO PAULO,355030854A,SP,Vila Maria,"-23,502","-46,591",2025-01-06 03:10:00,0.0,2,3,2025-01-06
367035,SÃO PAULO,355030854A,SP,Vila Maria,"-23,502","-46,591",2025-01-06 04:10:00,0.0,2,4,2025-01-06
367036,SÃO PAULO,355030854A,SP,Vila Maria,"-23,502","-46,591",2025-01-06 05:10:00,0.0,2,5,2025-01-06
367037,SÃO PAULO,355030854A,SP,Vila Maria,"-23,502","-46,591",2025-01-06 06:10:00,0.0,2,6,2025-01-06
367038,SÃO PAULO,355030854A,SP,Vila Maria,"-23,502","-46,591",2025-01-06 07:10:00,0.0,2,7,2025-01-06
367039,SÃO PAULO,355030854A,SP,Vila Maria,"-23,502","-46,591",2025-01-06 08:10:00,0.0,2,8,2025-01-06
367040,SÃO PAULO,355030854A,SP,Vila Maria,"-23,502","-46,591",2025-01-06 09:10:00,0.0,2,9,2025-01-06
367041,SÃO PAULO,355030854A,SP,Vila Maria,"-23,502","-46,591",2025-01-06 10:10:00,0.0,2,10,2025-01-06
367042,SÃO PAULO,355030854A,SP,Vila Maria,"-23,502","-46,591",2025-01-06 11:10:00,0.0,2,11,2025-01-06
367043,SÃO PAULO,355030854A,SP,Vila Maria,"-23,502","-46,591",2025-01-06 12:10:00,0.0,2,12,2025-01-06
367044,SÃO PAULO,355030854A,SP,Vila Maria,"-23,502","-46,591",2025-01-06 13:10:00,0.0,2,13,2025-01-06
367045,SÃO PAULO,355030854A,SP,Vila Maria,"-23,502","-46,591",2025-01-06 14:10:00,0.0,2,14,2025-01-06
367046,SÃO PAULO,355030854A,SP,Vila Maria,"-23,502","-46,591",2025-01-06 15:10:00,0.0,2,15,2025-01-06
367047,SÃO PAULO,355030854A,SP,Vila Maria,"-23,502","-46,591",2025-01-06 16:10:00,0.0,2,16,2025-01-06
367048,SÃO PAULO,355030854A,SP,Vila Maria,"-23,502","-46,591",2025-01-06 17:10:00,0.0,2,17,2025-01-06
367049,SÃO PAULO,355030854A,SP,Vila Maria,"-23,502","-46,591",2025-01-06 18:10:00,0.0,2,18,2025-01-06
367050,SÃO PAULO,355030854A,SP,Vila Maria,"-23,502","-46,591",2025-01-06 19:10:00,0.0,2,19,2025-01-06
367051,SÃO PAULO,355030854A,SP,Vila Maria,"-23,502","-46,591",2025-01-06 20:10:00,0.0,2,20,2025-01-06
367052,SÃO PAULO,355030854A,SP,Vila Maria,"-23,502","-46,591",2025-01-06 21:10:00,0.0,2,21,2025-01-06
367053,SÃO PAULO,355030854A,SP,Vila Maria,"-23,502","-46,591",2025-01-06 22:10:00,0.0,2,22,2025-01-06
367054,SÃO PAULO,355030854A,SP,Vila Maria,"-23,502","-46,591",2025-01-06 23:10:00,0.0,2,23,2025-01-06
367055,SÃO PAULO,355030854A,SP,Vila Maria,"-23,502","-46,591",2025-01-07 00:10:00,0.0,2,0,2025-01-07
367056,SÃO PAULO,355030854A,SP,Vila Maria,"-23,502","-46,591",2025-01-07 01:10:00,0.0,2,1,2025-01-07
367057,SÃO PAULO,355030854A,SP,Vila Maria,"-23,502","-46,591",2025-01-07 02:10:00,0.0,2,2,2025-01-07
367058,SÃO PAULO,355030854A,SP,Vila Maria,"-23,502","-46,591",2025-01-07 03:10:00,0.0,2,3,2025-01-07
367059,SÃO PAULO,355030854A,SP,Vila Maria,"-23,502","-46,591",2025-01-07 04:10:00,0.0,2,4,2025-01-07
367060,SÃO PAULO,355030854A,SP,Vila Maria,"-23,502","-46,591",2025-01-07 05:10:00,0.0,2,5,2025-01-07
367061,SÃO PAULO,355030854A,SP,Vila Maria,"-23,502","-46,591",2025-01-07 06:10:00,0.0,2,6,2025-01-07
367062,SÃO PAULO,355030854A,SP,Vila Maria,"-23,502","-46,591",2025-01-07 07:10:00,0.0,2,7,2025-01-07
367063,SÃO PAULO,355030854A,SP,Vila Maria,"-23,502","-46,591",2025-01-07 08:10:00,0.0,2,8,2025-01-07
367064,SÃO PAULO,355030854A,SP,Vila Maria,"-23,502","-46,591",2025-01-07 09:10:00,0.0,2,9,2025-01-07
367065,SÃO PAULO,355030854A,SP,Vila Maria,"-23,502","-46,591",2025-01-07 10:10:00,0.0,2,10,2025-01-07
367066,SÃO PAULO,355030854A,SP,Vila Maria,"-23,502","-46,591",2025-01-07 11:10:00,0.0,2,11,2025-01-07
367067,SÃO PAULO,355030854A,SP,Vila Maria,"-23,502","-46,591",2025-01-07 12:10:00,0.0,2,12,2025-01-07
367068,SÃO PAULO,355030854A,SP,Vila Maria,"-23,502","-46,591",2025-01-07 13:10:00,0.0,2,13,2025-01-07
367069,SÃO PAULO,355030854A,SP,Vila Maria,"-23,502","-46,591",2025-01-07 14:10:00,0.0,2,14,2025-01-07
367070,SÃO PAULO,355030854A,SP,Vila Maria,"-23,502","-46,591",2025-01-07 15:10:00,0.0,2,15,2025-01-07
367071,SÃO PAULO,355030854A,SP,Vila Maria,"-23,502","-46,591",2025-01-07 16:10:00,0.0,2,16,2025-01-07
367072,SÃO PAULO,355030854A,SP,Vila Maria,"-23,502","-46,591",2025-01-07 17:00:00,0.2,2,17,2025-01-07
367073,SÃO PAULO,355030854A,SP,Vila Maria,"-23,502","-46,591",2025-01-07 17:10:00,0.59,2,17,2025-01-07
367074,SÃO PAULO,355030854A,SP,Vila Maria,"-23,502","-46,591",2025-01-07 17:20:00,0.39,2,17,2025-01-07
367075,SÃO PAULO,355030854A,SP,Vila Maria,"-23,502","-46,591",2025-01-07 17:30:00,0.2,2,17,2025-01-07
367076,SÃO PAULO,355030854A,SP,Vila Maria,"-23,502","-46,591",2025-01-07 17:40:00,0.2,2,17,2025-01-07
367077,SÃO PAULO,355030854A,SP,Vila Maria,"-23,502","-46,591",2025-01-07 17:50:00,0.2,2,17,2025-01-07
367078,SÃO PAULO,355030854A,SP,Vila Maria,"-23,502","-46,591",2025-01-07 18:00:00,0.2,2,18,2025-01-07
367079,SÃO PAULO,355030854A,SP,Vila Maria,"-23,502","-46,591",2025-01-07 18:10:00,0.2,2,18,2025-01-07
367080,SÃO PAULO,355030854A,SP,Vila Maria,"-23,502","-46,591",2025-01-07 18:20:00,0.2,2,18,2025-01-07
367081,SÃO PAULO,355030854A,SP,Vila Maria,"-23,502","-46,591",2025-01-07 18:30:00,0.2,2,18,2025-01-07
367082,SÃO PAULO,355030854A,SP,Vila Maria,"-23,502","-46,591",2025-01-07 18:50:00,0.2,2,18,2025-01-07
367083,SÃO PAULO,355030854A,SP,Vila Maria,"-23,502","-46,591",2025-01-07 19:00:00,0.2,2,19,2025-01-07
367084,SÃO PAULO,355030854A,SP,Vila Maria,"-23,502","-46,591",2025-01-07 19:10:00,0.0,2,19,2025-01-07
367085,SÃO PAULO,355030854A,SP,Vila Maria,"-23,502","-46,591",2025-01-07 19:20:00,0.2,2,19,2025-01-07
367086,SÃO PAULO,355030854A,SP,Vila Maria,"-23,502","-46,591",2025-01-07 19:30:00,0.2,2,19,2025-01-07
367087,SÃO PAULO,355030854A,SP,Vila Maria,"-23,502","-46,591",2025-01-07 19:40:00,0.2,2,19,2025-01-07
367088,SÃO PAULO,355030854A,SP,Vila Maria,"-23,502","-46,591",2025-01-07 19:50:00,0.2,2,19,2025-01-07
367089,SÃO PAULO,355030854A,SP,Vila Maria,"-23,502","-46,591",2025-01-07 20:10:00,0.2,2,20,2025-01-07
367090,SÃO PAULO,355030854A,SP,Vila Maria,"-23,502","-46,591",2025-01-07 20:30:00,0.2,2,20,2025-01-07
367091,SÃO PAULO,355030854A,SP,Vila Maria,"-23,502","-46,591",2025-01-07 20:50:00,0.2,2,20,2025-01-07
367092,SÃO PAULO,355030854A,SP,Vila Maria,"-23,502","-46,591",2025-01-07 21:10:00,0.2,2,21,2025-01-07
367093,SÃO PAULO,355030854A,SP,Vila Maria,"-23,502","-46,591",2025-01-07 21:30:00,0.2,2,21,2025-01-07
367094,SÃO PAULO,355030854A,SP,Vila Maria,"-23,502","-46,591",2025-01-07 22:00:00,0.2,2,22,2025-01-07
367095,SÃO PAULO,355030854A,SP,Vila Maria,"-23,502","-46,591",2025-01-07 22:10:00,0.0,2,22,2025-01-07
367096,SÃO PAULO,355030854A,SP,Vila Maria,"-23,502","-46,591",2025-01-07 22:20:00,0.2,2,22,2025-01-07
367097,SÃO PAULO,355030854A,SP,Vila Maria,"-23,502","-46,591",2025-01-07 22:50:00,0.2,2,22,2025-01-07
367098,SÃO PAULO,355030854A,SP,Vila Maria,"-23,502","-46,591",2025-01-07 23:10:00,0.0,2,23,2025-01-07
367099,SÃO PAULO,355030854A,SP,Vila Maria,"-23,502","-46,591",2025-01-07 23:20:00,0.2,2,23,2025-01-07
367100,SÃO PAULO,355030854A,SP,Vila Maria,"-23,502","-46,591",2025-01-08 00:10:00,0.0,2,0,2025-01-08
367101,SÃO PAULO,355030854A,SP,Vila Maria,"-23,502","-46,591",2025-01-08 01:10:00,0.0,2,1,2025-01-08
367102,SÃO PAULO,355030854A,SP,Vila Maria,"-23,502","-46,591",2025-01-08 02:10:00,0.0,2,2,2025-01-08
367103,SÃO PAULO,355030854A,SP,Vila Maria,"-23,502","-46,591",2025-01-08 03:10:00,0.0,2,3,2025-01-08
367104,SÃO PAULO,355030854A,SP,Vila Maria,"-23,502","-46,591",2025-01-08 04:10:00,0.0,2,4,2025-01-08
367105,SÃO PAULO,355030854A,SP,Vila Maria,"-23,502","-46,591",2025-01-08 05:10:00,0.0,2,5,2025-01-08
367106,SÃO PAULO,355030854A,SP,Vila Maria,"-23,502","-46,591",2025-01-08 06:10:00,0.0,2,6,2025-01-08
367107,SÃO PAULO,355030854A,SP,Vila Maria,"-23,502","-46,591",2025-01-08 07:10:00,0.0,2,7,2025-01-08
367108,SÃO PAULO,355030854A,SP,Vila Maria,"-23,502","-46,591",2025-01-08 08:10:00,0.0,2,8,2025-01-08
367109,SÃO PAULO,355030854A,SP,Vila Maria,"-23,502","-46,591",2025-01-08 09:10:00,0.0,2,9,2025-01-08
367110,SÃO PAULO,355030854A,SP,Vila Maria,"-23,502","-46,591",2025-01-08 10:10:00,0.0,2,10,2025-01-08
367111,SÃO PAULO,355030854A,SP,Vila Maria,"-23,502","-46,591",2025-01-08 11:10:00,0.0,2,11,2025-01-08
367112,SÃO PAULO,355030854A,SP,Vila Maria,"-23,502","-46,591",2025-01-08 12:10:00,0.0,2,12,2025-01-08
367113,SÃO PAULO,355030854A,SP,Vila Maria,"-23,502","-46,591",2025-01-08 13:10:00,0.0,2,13,2025-01-08
367114,SÃO PAULO,355030854A,SP,Vila Maria,"-23,502","-46,591",2025-01-08 14:10:00,0.0,2,14,2025-01-08
367115,SÃO PAULO,355030854A,SP,Vila Maria,"-23,502","-46,591",2025-01-08 15:10:00,0.0,2,15,2025-01-08
367116,SÃO PAULO,355030854A,SP,Vila Maria,"-23,502","-46,591",2025-01-08 16:10:00,0.0,2,16,2025-01-08
367117,SÃO PAULO,355030854A,SP,Vila Maria,"-23,502","-46,591",2025-01-08 17:10:00,0.0,2,17,2025-01-08
367118,SÃO PAULO,355030854A,SP,Vila Maria,"-23,502","-46,591",2025-01-08 18:10:00,0.98,2,18,2025-01-08
367119,SÃO PAULO,355030854A,SP,Vila Maria,"-23,502","-46,591",2025-01-08 18:20:00,1.37,2,18,2025-01-08
367120,SÃO PAULO,355030854A,SP,Vila Maria,"-23,502","-46,591",2025-01-08 18:30:00,0.79,2,18,2025-01-08
367121,SÃO PAULO,355030854A,SP,Vila Maria,"-23,502","-46,591",2025-01-08 18:40:00,0.59,2,18,2025-01-08
367122,SÃO PAULO,355030854A,SP,Vila Maria,"-23,502","-46,591",2025-01-08 18:50:00,0.39,2,18,2025-01-08
367123,SÃO PAULO,355030854A,SP,Vila Maria,"-23,502","-46,591",2025-01-08 19:00:00,0.39,2,19,2025-01-08
367124,SÃO PAULO,355030854A,SP,Vila Maria,"-23,502","-46,591",2025-01-08 19:10:00,0.2,2,19,2025-01-08
367125,SÃO PAULO,355030854A,SP,Vila Maria,"-23,502","-46,591",2025-01-08 19:20:00,0.39,2,19,2025-01-08
367126,SÃO PAULO,355030854A,SP,Vila Maria,"-23,502","-46,591",2025-01-08 19:30:00,0.39,2,19,2025-01-08
367127,SÃO PAULO,355030854A,SP,Vila Maria,"-23,502","-46,591",2025-01-08 19:40:00,0.2,2,19,2025-01-08
367128,SÃO PAULO,355030854A,SP,Vila Maria,"-23,502","-46,591",2025-01-08 19:50:00,0.39,2,19,2025-01-08
367129,SÃO PAULO,355030854A,SP,Vila Maria,"-23,502","-46,591",2025-01-08 20:00:00,0.59,2,20,2025-01-08
367130,SÃO PAULO,355030854A,SP,Vila Maria,"-23,502","-46,591",2025-01-08 20:10:00,0.2,2,20,2025-01-08
367131,SÃO PAULO,355030854A,SP,Vila Maria,"-23,502","-46,591",2025-01-08 20:20:00,0.39,2,20,2025-01-08
367132,SÃO PAULO,355030854A,SP,Vila Maria,"-23,502","-46,591",2025-01-08 20:30:00,0.2,2,20,2025-01-08
367133,SÃO PAULO,355030854A,SP,Vila Maria,"-23,502","-46,591",2025-01-08 20:40:00,0.39,2,20,2025-01-08
367134,SÃO PAULO,355030854A,SP,Vila Maria,"-23,502","-46,591",2025-01-08 20:50:00,0.2,2,20,2025-01-08
367135,SÃO PAULO,355030854A,SP,Vila Maria,"-23,502","-46,591",2025-01-08 21:00:00,0.39,2,21,2025-01-08
367136,SÃO PAULO,355030854A,SP,Vila Maria,"-23,502","-46,591",2025-01-08 21:10:00,0.2,2,21,2025-01-08
367137,SÃO PAULO,355030854A,SP,Vila Maria,"-23,502","-46,591",2025-01-08 21:20:00,0.2,2,21,2025-01-08
367138,SÃO PAULO,355030854A,SP,Vila Maria,"-23,502","-46,591",2025-01-08 21:30:00,0.2,2,21,2025-01-08
367139,SÃO PAULO,355030854A,SP,Vila Maria,"-23,502","-46,591",2025-01-08 21:40:00,0.39,2,21,2025-01-08
367140,SÃO PAULO,355030854A,SP,Vila Maria,"-23,502","-46,591",2025-01-08 21:50:00,0.2,2,21,2025-01-08
367141,SÃO PAULO,355030854A,SP,Vila Maria,"-23,502","-46,591",2025-01-08 22:00:00,0.2,2,22,2025-01-08
367142,SÃO PAULO,355030854A,SP,Vila Maria,"-23,502","-46,591",2025-01-08 22:10:00,0.2,2,22,2025-01-08
367143,SÃO PAULO,355030854A,SP,Vila Maria,"-23,502","-46,591",2025-01-08 22:20:00,0.2,2,22,2025-01-08
367144,SÃO PAULO,355030854A,SP,Vila Maria,"-23,502","-46,591",2025-01-08 22:30:00,0.2,2,22,2025-01-08
367145,SÃO PAULO,355030854A,SP,Vila Maria,"-23,502","-46,591",2025-01-08 22:40:00,0.2,2,22,2025-01-08
367146,SÃO PAULO,355030854A,SP,Vila Maria,"-23,502","-46,591",2025-01-08 23:00:00,0.2,2,23,2025-01-08
367147,SÃO PAULO,355030854A,SP,Vila Maria,"-23,502","-46,591",2025-01-08 23:10:00,0.2,2,23,2025-01-08
367148,SÃO PAULO,355030854A,SP,Vila Maria,"-23,502","-46,591",2025-01-08 23:20:00,0.2,2,23,2025-01-08
367149,SÃO PAULO,355030854A,SP,Vila Maria,"-23,502","-46,591",2025-01-08 23:40:00,0.2,2,23,2025-01-08
367150,SÃO PAULO,355030854A,SP,Vila Maria,"-23,502","-46,591",2025-01-08 23:50:00,0.2,2,23,2025-01-08
367151,SÃO PAULO,355030854A,SP,Vila Maria,"-23,502","-46,591",2025-01-09 00:00:00,0.2,2,0,2025-01-09
367152,SÃO PAULO,355030854A,SP,Vila Maria,"-23,502","-46,591",2025-01-09 00:20:00,0.2,2,0,2025-01-09
367153,SÃO PAULO,355030854A,SP,Vila Maria,"-23,502","-46,591",2025-01-09 00:30:00,0.2,2,0,2025-01-09
367154,SÃO PAULO,355030854A,SP,Vila Maria,"-23,502","-46,591",2025-01-09 00:50:00,0.2,2,0,2025-01-09
367155,SÃO PAULO,355030854A,SP,Vila Maria,"-23,502","-46,591",2025-01-09 01:10:00,0.2,2,1,2025-01-09
367156,SÃO PAULO,355030854A,SP,Vila Maria,"-23,502","-46,591",2025-01-09 01:20:00,0.2,2,1,2025-01-09
367157,SÃO PAULO,355030854A,SP,Vila Maria,"-23,502","-46,591",2025-01-09 01:40:00,0.2,2,1,2025-01-09
367158,SÃO PAULO,355030854A,SP,Vila Maria,"-23,502","-46,591",2025-01-09 02:00:00,0.2,2,2,2025-01-09
367159,SÃO PAULO,355030854A,SP,Vila Maria,"-23,502","-46,591",2025-01-09 02:10:00,0.2,2,2,2025-01-09
367160,SÃO PAULO,355030854A,SP,Vila Maria,"-23,502","-46,591",2025-01-09 02:30:00,0.2,2,2,2025-01-09
367161,SÃO PAULO,355030854A,SP,Vila Maria,"-23,502","-46,591",2025-01-09 02:40:00,0.2,2,2,2025-01-09
367162,SÃO PAULO,355030854A,SP,Vila Maria,"-23,502","-46,591",2025-01-09 03:00:00,0.2,2,3,2025-01-09
367163,SÃO PAULO,355030854A,SP,Vila Maria,"-23,502","-46,591",2025-01-09 03:10:00,0.0,2,3,2025-01-09
367164,SÃO PAULO,355030854A,SP,Vila Maria,"-23,502","-46,591",2025-01-09 03:20:00,0.2,2,3,2025-01-09
367165,SÃO PAULO,355030854A,SP,Vila Maria,"-23,502","-46,591",2025-01-09 03:40:00,0.2,2,3,2025-01-09
367166,SÃO PAULO,355030854A,SP,Vila Maria,"-23,502","-46,591",2025-01-09 04:00:00,0.2,2,4,2025-01-09
367167,SÃO PAULO,355030854A,SP,Vila Maria,"-23,502","-46,591",2025-01-09 04:10:00,0.0,2,4,2025-01-09
367168,SÃO PAULO,355030854A,SP,Vila Maria,"-23,502","-46,591",2025-01-09 04:20:00,0.2,2,4,2025-01-09
367169,SÃO PAULO,355030854A,SP,Vila Maria,"-23,502","-46,591",2025-01-09 04:40:00,0.2,2,4,2025-01-09
367170,SÃO PAULO,355030854A,SP,Vila Maria,"-23,502","-46,591",2025-01-09 05:00:00,0.2,2,5,2025-01-09
367171,SÃO PAULO,355030854A,SP,Vila Maria,"-23,502","-46,591",2025-01-09 05:10:00,0.0,2,5,2025-01-09
367172,SÃO PAULO,355030854A,SP,Vila Maria,"-23,502","-46,591",2025-01-09 05:30:00,0.2,2,5,2025-01-09
367173,SÃO PAULO,355030854A,SP,Vila Maria,"-23,502","-46,591",2025-01-09 06:10:00,0.0,2,6,2025-01-09
367174,SÃO PAULO,355030854A,SP,Vila Maria,"-23,502","-46,591",2025-01-09 07:10:00,0.0,2,7,2025-01-09
367175,SÃO PAULO,355030854A,SP,Vila Maria,"-23,502","-46,591",2025-01-09 08:10:00,0.0,2,8,2025-01-09
367176,SÃO PAULO,355030854A,SP,Vila Maria,"-23,502","-46,591",2025-01-09 09:10:00,0.0,2,9,2025-01-09
367177,SÃO PAULO,355030854A,SP,Vila Maria,"-23,502","-46,591",2025-01-09 10:10:00,0.0,2,10,2025-01-09
367178,SÃO PAULO,355030854A,SP,Vila Maria,"-23,502","-46,591",2025-01-09 11:10:00,0.0,2,11,2025-01-09
367179,SÃO PAULO,355030854A,SP,Vila Maria,"-23,502","-46,591",2025-01-09 12:10:00,0.0,2,12,2025-01-09
367180,SÃO PAULO,355030854A,SP,Vila Maria,"-23,502","-46,591",2025-01-09 13:10:00,0.0,2,13,2025-01-09
367181,SÃO PAULO,355030854A,SP,Vila Maria,"-23,502","-46,591",2025-01-09 14:10:00,0.0,2,14,2025-01-09
367182,SÃO PAULO,355030854A,SP,Vila Maria,"-23,502","-46,591",2025-01-09 15:10:00,0.0,2,15,2025-01-09
367183,SÃO PAULO,355030854A,SP,Vila Maria,"-23,502","-46,591",2025-01-09 16:10:00,0.0,2,16,2025-01-09
367184,SÃO PAULO,355030854A,SP,Vila Maria,"-23,502","-46,591",2025-01-09 17:10:00,0.0,2,17,2025-01-09
367185,SÃO PAULO,355030854A,SP,Vila Maria,"-23,502","-46,591",2025-01-09 18:10:00,0.0,2,18,2025-01-09
367186,SÃO PAULO,355030854A,SP,Vila Maria,"-23,502","-46,591",2025-01-09 19:10:00,0.0,2,19,2025-01-09
367187,SÃO PAULO,355030854A,SP,Vila Maria,"-23,502","-46,591",2025-01-09 20:10:00,0.0,2,20,2025-01-09
367188,SÃO PAULO,355030854A,SP,Vila Maria,"-23,502","-46,591",2025-01-09 21:10:00,0.0,2,21,2025-01-09
367189,SÃO PAULO,355030854A,SP,Vila Maria,"-23,502","-46,591",2025-01-09 22:10:00,0.0,2,22,2025-01-09
367190,SÃO PAULO,355030854A,SP,Vila Maria,"-23,502","-46,591",2025-01-09 23:10:00,0.0,2,23,2025-01-09
367191,SÃO PAULO,355030854A,SP,Vila Maria,"-23,502","-46,591",2025-01-10 00:10:00,0.0,2,0,2025-01-10
367192,SÃO PAULO,355030854A,SP,Vila Maria,"-23,502","-46,591",2025-01-10 01:10:00,0.0,2,1,2025-01-10
367193,SÃO PAULO,355030854A,SP,Vila Maria,"-23,502","-46,591",2025-01-10 02:10:00,0.0,2,2,2025-01-10
367194,SÃO PAULO,355030854A,SP,Vila Maria,"-23,502","-46,591",2025-01-10 03:10:00,0.0,2,3,2025-01-10
367195,SÃO PAULO,355030854A,SP,Vila Maria,"-23,502","-46,591",2025-01-10 04:10:00,0.0,2,4,2025-01-10
367196,SÃO PAULO,355030854A,SP,Vila Maria,"-23,502","-46,591",2025-01-10 05:10:00,0.0,2,5,2025-01-10
367197,SÃO PAULO,355030854A,SP,Vila Maria,"-23,502","-46,591",2025-01-10 06:10:00,0.0,2,6,2025-01-10
367198,SÃO PAULO,355030854A,SP,Vila Maria,"-23,502","-46,591",2025-01-10 07:10:00,0.0,2,7,2025-01-10
367199,SÃO PAULO,355030854A,SP,Vila Maria,"-23,502","-46,591",2025-01-10 08:10:00,0.0,2,8,2025-01-10
367200,SÃO PAULO,355030854A,SP,Vila Maria,"-23,502","-46,591",2025-01-10 09:10:00,0.0,2,9,2025-01-10
367201,SÃO PAULO,355030854A,SP,Vila Maria,"-23,502","-46,591",2025-01-10 10:10:00,0.0,2,10,2025-01-10
367202,SÃO PAULO,355030854A,SP,Vila Maria,"-23,502","-46,591",2025-01-10 11:10:00,0.0,2,11,2025-01-10
367203,SÃO PAULO,355030854A,SP,Vila Maria,"-23,502","-46,591",2025-01-10 12:10:00,0.0,2,12,2025-01-10
367204,SÃO PAULO,355030854A,SP,Vila Maria,"-23,502","-46,591",2025-01-10 13:10:00,0.0,2,13,2025-01-10
367205,SÃO PAULO,355030854A,SP,Vila Maria,"-23,502","-46,591",2025-01-10 14:10:00,0.0,2,14,2025-01-10
367206,SÃO PAULO,355030854A,SP,Vila Maria,"-23,502","-46,591",2025-01-10 15:10:00,0.0,2,15,2025-01-10
367207,SÃO PAULO,355030854A,SP,Vila Maria,"-23,502","-46,591",2025-01-10 16:10:00,0.0,2,16,2025-01-10
367208,SÃO PAULO,355030854A,SP,Vila Maria,"-23,502","-46,591",2025-01-10 17:10:00,0.0,2,17,2025-01-10
367209,SÃO PAULO,355030854A,SP,Vila Maria,"-23,502","-46,591",2025-01-10 18:10:00,0.0,2,18,2025-01-10
367210,SÃO PAULO,355030854A,SP,Vila Maria,"-23,502","-46,591",2025-01-10 19:10:00,0.0,2,19,2025-01-10
367211,SÃO PAULO,355030854A,SP,Vila Maria,"-23,502","-46,591",2025-01-10 20:10:00,0.0,2,20,2025-01-10
367212,SÃO PAULO,355030854A,SP,Vila Maria,"-23,502","-46,591",2025-01-10 21:10:00,0.0,2,21,2025-01-10
367213,SÃO PAULO,355030854A,SP,Vila Maria,"-23,502","-46,591",2025-01-10 22:10:00,0.0,2,22,2025-01-10
367214,SÃO PAULO,355030854A,SP,Vila Maria,"-23,502","-46,591",2025-01-10 23:10:00,0.0,2,23,2025-01-10
367215,SÃO PAULO,355030854A,SP,Vila Maria,"-23,502","-46,591",2025-01-11 00:10:00,0.0,2,0,2025-01-11
367216,SÃO PAULO,355030854A,SP,Vila Maria,"-23,502","-46,591",2025-01-11 01:10:00,0.0,2,1,2025-01-11
367217,SÃO PAULO,355030854A,SP,Vila Maria,"-23,502","-46,591",2025-01-11 02:10:00,0.0,2,2,2025-01-11
367218,SÃO PAULO,355030854A,SP,Vila Maria,"-23,502","-46,591",2025-01-11 03:10:00,0.0,2,3,2025-01-11
367219,SÃO PAULO,355030854A,SP,Vila Maria,"-23,502","-46,591",2025-01-11 04:10:00,0.0,2,4,2025-01-11
367220,SÃO PAULO,355030854A,SP,Vila Maria,"-23,502","-46,591",2025-01-11 05:10:00,0.0,2,5,2025-01-11
367221,SÃO PAULO,355030854A,SP,Vila Maria,"-23,502","-46,591",2025-01-11 06:10:00,0.0,2,6,2025-01-11
367222,SÃO PAULO,355030854A,SP,Vila Maria,"-23,502","-46,591",2025-01-11 07:10:00,0.0,2,7,2025-01-11
367223,SÃO PAULO,355030854A,SP,Vila Maria,"-23,502","-46,591",2025-01-11 08:10:00,0.0,2,8,2025-01-11
367224,SÃO PAULO,355030854A,SP,Vila Maria,"-23,502","-46,591",2025-01-11 09:10:00,0.0,2,9,2025-01-11
367225,SÃO PAULO,355030854A,SP,Vila Maria,"-23,502","-46,591",2025-01-11 10:10:00,0.0,2,10,2025-01-11
367226,SÃO PAULO,355030854A,SP,Vila Maria,"-23,502","-46,591",2025-01-11 11:10:00,0.0,2,11,2025-01-11
367227,SÃO PAULO,355030854A,SP,Vila Maria,"-23,502","-46,591",2025-01-11 12:10:00,0.0,2,12,2025-01-11
367228,SÃO PAULO,355030854A,SP,Vila Maria,"-23,502","-46,591",2025-01-11 13:10:00,0.0,2,13,2025-01-11
367229,SÃO PAULO,355030854A,SP,Vila Maria,"-23,502","-46,591",2025-01-11 14:10:00,0.0,2,14,2025-01-11
367230,SÃO PAULO,355030854A,SP,Vila Maria,"-23,502","-46,591",2025-01-11 15:10:00,0.0,2,15,2025-01-11
367231,SÃO PAULO,355030854A,SP,Vila Maria,"-23,502","-46,591",2025-01-11 16:10:00,0.0,2,16,2025-01-11
367232,SÃO PAULO,355030854A,SP,Vila Maria,"-23,502","-46,591",2025-01-11 17:10:00,0.0,2,17,2025-01-11
367233,SÃO PAULO,355030854A,SP,Vila Maria,"-23,502","-46,591",2025-01-11 18:10:00,0.0,2,18,2025-01-11
367234,SÃO PAULO,355030854A,SP,Vila Maria,"-23,502","-46,591",2025-01-11 19:10:00,0.0,2,19,2025-01-11
367235,SÃO PAULO,355030854A,SP,Vila Maria,"-23,502","-46,591",2025-01-11 20:10:00,0.0,2,20,2025-01-11
367236,SÃO PAULO,355030854A,SP,Vila Maria,"-23,502","-46,591",2025-01-11 21:10:00,0.0,2,21,2025-01-11
367237,SÃO PAULO,355030854A,SP,Vila Maria,"-23,502","-46,591",2025-01-11 22:10:00,0.0,2,22,2025-01-11
367238,SÃO PAULO,355030854A,SP,Vila Maria,"-23,502","-46,591",2025-01-11 23:10:00,0.0,2,23,2025-01-11
367239,SÃO PAULO,355030854A,SP,Vila Maria,"-23,502","-46,591",2025-01-12 00:10:00,0.0,2,0,2025-01-12
367240,SÃO PAULO,355030854A,SP,Vila Maria,"-23,502","-46,591",2025-01-12 01:10:00,0.0,2,1,2025-01-12
367241,SÃO PAULO,355030854A,SP,Vila Maria,"-23,502","-46,591",2025-01-12 02:10:00,0.0,2,2,2025-01-12
367242,SÃO PAULO,355030854A,SP,Vila Maria,"-23,502","-46,591",2025-01-12 03:10:00,0.0,2,3,2025-01-12
367243,SÃO PAULO,355030854A,SP,Vila Maria,"-23,502","-46,591",2025-01-12 04:10:00,0.0,2,4,2025-01-12
367244,SÃO PAULO,355030854A,SP,Vila Maria,"-23,502","-46,591",2025-01-12 05:10:00,0.0,2,5,2025-01-12
367245,SÃO PAULO,355030854A,SP,Vila Maria,"-23,502","-46,591",2025-01-12 06:10:00,0.0,2,6,2025-01-12
367246,SÃO PAULO,355030854A,SP,Vila Maria,"-23,502","-46,591",2025-01-12 07:10:00,0.0,2,7,2025-01-12
367247,SÃO PAULO,355030854A,SP,Vila Maria,"-23,502","-46,591",2025-01-12 08:10:00,0.0,2,8,2025-01-12
367248,SÃO PAULO,355030854A,SP,Vila Maria,"-23,502","-46,591",2025-01-12 09:10:00,0.0,2,9,2025-01-12
367249,SÃO PAULO,355030854A,SP,Vila Maria,"-23,502","-46,591",2025-01-12 10:10:00,0.0,2,10,2025-01-12
367250,SÃO PAULO,355030854A,SP,Vila Maria,"-23,502","-46,591",2025-01-12 11:10:00,0.0,2,11,2025-01-12
367251,SÃO PAULO,355030854A,SP,Vila Maria,"-23,502","-46,591",2025-01-12 12:10:00,0.0,2,12,2025-01-12
367252,SÃO PAULO,355030854A,SP,Vila Maria,"-23,502","-46,591",2025-01-12 13:10:00,0.0,2,13,2025-01-12
367253,SÃO PAULO,355030854A,SP,Vila Maria,"-23,502","-46,591",2025-01-12 14:10:00,0.0,2,14,2025-01-12
367254,SÃO PAULO,355030854A,SP,Vila Maria,"-23,502","-46,591",2025-01-12 15:10:00,0.0,2,15,2025-01-12
367255,SÃO PAULO,355030854A,SP,Vila Maria,"-23,502","-46,591",2025-01-12 16:10:00,0.0,2,16,2025-01-12
367256,SÃO PAULO,355030854A,SP,Vila Maria,"-23,502","-46,591",2025-01-12 17:10:00,0.0,2,17,2025-01-12
367257,SÃO PAULO,355030854A,SP,Vila Maria,"-23,502","-46,591",2025-01-12 18:10:00,0.0,2,18,2025-01-12
367258,SÃO PAULO,355030854A,SP,Vila Maria,"-23,502","-46,591",2025-01-12 19:10:00,0.0,2,19,2025-01-12
367259,SÃO PAULO,355030854A,SP,Vila Maria,"-23,502","-46,591",2025-01-12 20:10:00,0.0,2,20,2025-01-12
367260,SÃO PAULO,355030854A,SP,Vila Maria,"-23,502","-46,591",2025-01-12 21:10:00,0.0,2,21,2025-01-12
367261,SÃO PAULO,355030854A,SP,Vila Maria,"-23,502","-46,591",2025-01-12 22:10:00,0.0,2,22,2025-01-12
367262,SÃO PAULO,355030854A,SP,Vila Maria,"-23,502","-46,591",2025-01-12 23:10:00,0.0,2,23,2025-01-12
367263,SÃO PAULO,355030854A,SP,Vila Maria,"-23,502","-46,591",2025-01-13 00:10:00,0.0,3,0,2025-01-13
367264,SÃO PAULO,355030854A,SP,Vila Maria,"-23,502","-46,591",2025-01-13 01:10:00,0.0,3,1,2025-01-13
367265,SÃO PAULO,355030854A,SP,Vila Maria,"-23,502","-46,591",2025-01-13 02:10:00,0.0,3,2,2025-01-13
367266,SÃO PAULO,355030854A,SP,Vila Maria,"-23,502","-46,591",2025-01-13 03:10:00,0.0,3,3,2025-01-13
367267,SÃO PAULO,355030854A,SP,Vila Maria,"-23,502","-46,591",2025-01-13 04:10:00,0.0,3,4,2025-01-13
367268,SÃO PAULO,355030854A,SP,Vila Maria,"-23,502","-46,591",2025-01-13 05:10:00,0.0,3,5,2025-01-13
367269,SÃO PAULO,355030854A,SP,Vila Maria,"-23,502","-46,591",2025-01-13 06:10:00,0.0,3,6,2025-01-13
367270,SÃO PAULO,355030854A,SP,Vila Maria,"-23,502","-46,591",2025-01-13 07:10:00,0.0,3,7,2025-01-13
367271,SÃO PAULO,355030854A,SP,Vila Maria,"-23,502","-46,591",2025-01-13 08:10:00,0.0,3,8,2025-01-13
367272,SÃO PAULO,355030854A,SP,Vila Maria,"-23,502","-46,591",2025-01-13 09:10:00,0.0,3,9,2025-01-13
367273,SÃO PAULO,355030854A,SP,Vila Maria,"-23,502","-46,591",2025-01-13 10:10:00,0.0,3,10,2025-01-13
367274,SÃO PAULO,355030854A,SP,Vila Maria,"-23,502","-46,591",2025-01-13 11:10:00,0.0,3,11,2025-01-13
367275,SÃO PAULO,355030854A,SP,Vila Maria,"-23,502","-46,591",2025-01-13 12:10:00,0.0,3,12,2025-01-13
367276,SÃO PAULO,355030854A,SP,Vila Maria,"-23,502","-46,591",2025-01-13 13:10:00,0.0,3,13,2025-01-13
367277,SÃO PAULO,355030854A,SP,Vila Maria,"-23,502","-46,591",2025-01-13 14:10:00,0.0,3,14,2025-01-13
367278,SÃO PAULO,355030854A,SP,Vila Maria,"-23,502","-46,591",2025-01-13 15:10:00,0.0,3,15,2025-01-13
367279,SÃO PAULO,355030854A,SP,Vila Maria,"-23,502","-46,591",2025-01-13 16:10:00,0.0,3,16,2025-01-13
367280,SÃO PAULO,355030854A,SP,Vila Maria,"-23,502","-46,591",2025-01-13 17:10:00,0.0,3,17,2025-01-13
367281,SÃO PAULO,355030854A,SP,Vila Maria,"-23,502","-46,591",2025-01-13 18:10:00,0.0,3,18,2025-01-13
367282,SÃO PAULO,355030854A,SP,Vila Maria,"-23,502","-46,591",2025-01-13 19:10:00,0.0,3,19,2025-01-13
367283,SÃO PAULO,355030854A,SP,Vila Maria,"-23,502","-46,591",2025-01-13 20:10:00,0.0,3,20,2025-01-13
367284,SÃO PAULO,355030854A,SP,Vila Maria,"-23,502","-46,591",2025-01-13 21:10:00,0.0,3,21,2025-01-13
367285,SÃO PAULO,355030854A,SP,Vila Maria,"-23,502","-46,591",2025-01-13 22:10:00,0.0,3,22,2025-01-13
367286,SÃO PAULO,355030854A,SP,Vila Maria,"-23,502","-46,591",2025-01-13 23:10:00,0.0,3,23,2025-01-13
367287,SÃO PAULO,355030854A,SP,Vila Maria,"-23,502","-46,591",2025-01-14 00:10:00,0.0,3,0,2025-01-14
367288,SÃO PAULO,355030854A,SP,Vila Maria,"-23,502","-46,591",2025-01-14 01:10:00,0.0,3,1,2025-01-14
367289,SÃO PAULO,355030854A,SP,Vila Maria,"-23,502","-46,591",2025-01-14 02:10:00,0.0,3,2,2025-01-14
367290,SÃO PAULO,355030854A,SP,Vila Maria,"-23,502","-46,591",2025-01-14 03:10:00,0.0,3,3,2025-01-14
367291,SÃO PAULO,355030854A,SP,Vila Maria,"-23,502","-46,591",2025-01-14 04:10:00,0.0,3,4,2025-01-14
367292,SÃO PAULO,355030854A,SP,Vila Maria,"-23,502","-46,591",2025-01-14 05:10:00,0.0,3,5,2025-01-14
367293,SÃO PAULO,355030854A,SP,Vila Maria,"-23,502","-46,591",2025-01-14 06:10:00,0.0,3,6,2025-01-14
367294,SÃO PAULO,355030854A,SP,Vila Maria,"-23,502","-46,591",2025-01-14 07:10:00,0.0,3,7,2025-01-14
367295,SÃO PAULO,355030854A,SP,Vila Maria,"-23,502","-46,591",2025-01-14 08:10:00,0.0,3,8,2025-01-14
367296,SÃO PAULO,355030854A,SP,Vila Maria,"-23,502","-46,591",2025-01-14 09:10:00,0.0,3,9,2025-01-14
367297,SÃO PAULO,355030854A,SP,Vila Maria,"-23,502","-46,591",2025-01-14 10:10:00,0.0,3,10,2025-01-14
367298,SÃO PAULO,355030854A,SP,Vila Maria,"-23,502","-46,591",2025-01-14 11:10:00,0.0,3,11,2025-01-14
367299,SÃO PAULO,355030854A,SP,Vila Maria,"-23,502","-46,591",2025-01-14 12:10:00,0.0,3,12,2025-01-14
367300,SÃO PAULO,355030854A,SP,Vila Maria,"-23,502","-46,591",2025-01-14 13:10:00,0.0,3,13,2025-01-14
367301,SÃO PAULO,355030854A,SP,Vila Maria,"-23,502","-46,591",2025-01-14 14:10:00,0.0,3,14,2025-01-14
367302,SÃO PAULO,355030854A,SP,Vila Maria,"-23,502","-46,591",2025-01-14 15:10:00,0.0,3,15,2025-01-14
367303,SÃO PAULO,355030854A,SP,Vila Maria,"-23,502","-46,591",2025-01-14 16:10:00,0.0,3,16,2025-01-14
367304,SÃO PAULO,355030854A,SP,Vila Maria,"-23,502","-46,591",2025-01-14 17:10:00,0.0,3,17,2025-01-14
367305,SÃO PAULO,355030854A,SP,Vila Maria,"-23,502","-46,591",2025-01-14 18:10:00,0.0,3,18,2025-01-14
367306,SÃO PAULO,355030854A,SP,Vila Maria,"-23,502","-46,591",2025-01-14 19:10:00,0.0,3,19,2025-01-14
367307,SÃO PAULO,355030854A,SP,Vila Maria,"-23,502","-46,591",2025-01-14 20:10:00,0.0,3,20,2025-01-14
367308,SÃO PAULO,355030854A,SP,Vila Maria,"-23,502","-46,591",2025-01-14 21:10:00,0.0,3,21,2025-01-14
367309,SÃO PAULO,355030854A,SP,Vila Maria,"-23,502","-46,591",2025-01-14 22:10:00,0.0,3,22,2025-01-14
367310,SÃO PAULO,355030854A,SP,Vila Maria,"-23,502","-46,591",2025-01-14 23:10:00,0.0,3,23,2025-01-14
367311,SÃO PAULO,355030854A,SP,Vila Maria,"-23,502","-46,591",2025-01-15 00:10:00,0.0,3,0,2025-01-15
367312,SÃO PAULO,355030854A,SP,Vila Maria,"-23,502","-46,591",2025-01-15 01:10:00,0.0,3,1,2025-01-15
367313,SÃO PAULO,355030854A,SP,Vila Maria,"-23,502","-46,591",2025-01-15 02:10:00,0.0,3,2,2025-01-15
367314,SÃO PAULO,355030854A,SP,Vila Maria,"-23,502","-46,591",2025-01-15 03:10:00,0.0,3,3,2025-01-15
367315,SÃO PAULO,355030854A,SP,Vila Maria,"-23,502","-46,591",2025-01-15 04:10:00,0.0,3,4,2025-01-15
367316,SÃO PAULO,355030854A,SP,Vila Maria,"-23,502","-46,591",2025-01-15 05:10:00,0.0,3,5,2025-01-15
367317,SÃO PAULO,355030854A,SP,Vila Maria,"-23,502","-46,591",2025-01-15 06:10:00,0.0,3,6,2025-01-15
367318,SÃO PAULO,355030854A,SP,Vila Maria,"-23,502","-46,591",2025-01-15 07:10:00,0.0,3,7,2025-01-15
367319,SÃO PAULO,355030854A,SP,Vila Maria,"-23,502","-46,591",2025-01-15 08:10:00,0.0,3,8,2025-01-15
367320,SÃO PAULO,355030854A,SP,Vila Maria,"-23,502","-46,591",2025-01-15 09:10:00,0.0,3,9,2025-01-15
367321,SÃO PAULO,355030854A,SP,Vila Maria,"-23,502","-46,591",2025-01-15 10:10:00,0.0,3,10,2025-01-15
367322,SÃO PAULO,355030854A,SP,Vila Maria,"-23,502","-46,591",2025-01-15 11:10:00,0.0,3,11,2025-01-15
367323,SÃO PAULO,355030854A,SP,Vila Maria,"-23,502","-46,591",2025-01-15 12:10:00,0.0,3,12,2025-01-15
367324,SÃO PAULO,355030854A,SP,Vila Maria,"-23,502","-46,591",2025-01-15 13:10:00,0.0,3,13,2025-01-15
367325,SÃO PAULO,355030854A,SP,Vila Maria,"-23,502","-46,591",2025-01-15 14:10:00,0.0,3,14,2025-01-15
367326,SÃO PAULO,355030854A,SP,Vila Maria,"-23,502","-46,591",2025-01-15 15:10:00,0.0,3,15,2025-01-15
367327,SÃO PAULO,355030854A,SP,Vila Maria,"-23,502","-46,591",2025-01-15 16:10:00,0.0,3,16,2025-01-15
367328,SÃO PAULO,355030854A,SP,Vila Maria,"-23,502","-46,591",2025-01-15 17:10:00,0.0,3,17,2025-01-15
367329,SÃO PAULO,355030854A,SP,Vila Maria,"-23,502","-46,591",2025-01-15 18:10:00,0.0,3,18,2025-01-15
367330,SÃO PAULO,355030854A,SP,Vila Maria,"-23,502","-46,591",2025-01-15 19:10:00,0.0,3,19,2025-01-15
367331,SÃO PAULO,355030854A,SP,Vila Maria,"-23,502","-46,591",2025-01-15 20:10:00,0.0,3,20,2025-01-15
367332,SÃO PAULO,355030854A,SP,Vila Maria,"-23,502","-46,591",2025-01-15 21:10:00,0.0,3,21,2025-01-15
367333,SÃO PAULO,355030854A,SP,Vila Maria,"-23,502","-46,591",2025-01-15 22:10:00,0.0,3,22,2025-01-15
367334,SÃO PAULO,355030854A,SP,Vila Maria,"-23,502","-46,591",2025-01-15 23:10:00,0.0,3,23,2025-01-15
367335,SÃO PAULO,355030854A,SP,Vila Maria,"-23,502","-46,591",2025-01-16 00:10:00,0.0,3,0,2025-01-16
367336,SÃO PAULO,355030854A,SP,Vila Maria,"-23,502","-46,591",2025-01-16 01:10:00,0.0,3,1,2025-01-16
367337,SÃO PAULO,355030854A,SP,Vila Maria,"-23,502","-46,591",2025-01-16 02:10:00,0.0,3,2,2025-01-16
367338,SÃO PAULO,355030854A,SP,Vila Maria,"-23,502","-46,591",2025-01-16 03:10:00,0.0,3,3,2025-01-16
367339,SÃO PAULO,355030854A,SP,Vila Maria,"-23,502","-46,591",2025-01-16 04:10:00,0.0,3,4,2025-01-16
367340,SÃO PAULO,355030854A,SP,Vila Maria,"-23,502","-46,591",2025-01-16 05:10:00,0.0,3,5,2025-01-16
367341,SÃO PAULO,355030854A,SP,Vila Maria,"-23,502","-46,591",2025-01-16 06:10:00,0.0,3,6,2025-01-16
367342,SÃO PAULO,355030854A,SP,Vila Maria,"-23,502","-46,591",2025-01-16 07:10:00,0.0,3,7,2025-01-16
367343,SÃO PAULO,355030854A,SP,Vila Maria,"-23,502","-46,591",2025-01-16 08:10:00,0.0,3,8,2025-01-16
367344,SÃO PAULO,355030854A,SP,Vila Maria,"-23,502","-46,591",2025-01-16 09:10:00,0.0,3,9,2025-01-16
367345,SÃO PAULO,355030854A,SP,Vila Maria,"-23,502","-46,591",2025-01-16 10:10:00,0.0,3,10,2025-01-16
367346,SÃO PAULO,355030854A,SP,Vila Maria,"-23,502","-46,591",2025-01-16 11:10:00,0.0,3,11,2025-01-16
367347,SÃO PAULO,355030854A,SP,Vila Maria,"-23,502","-46,591",2025-01-16 12:10:00,0.0,3,12,2025-01-16
367348,SÃO PAULO,355030854A,SP,Vila Maria,"-23,502","-46,591",2025-01-16 13:10:00,0.0,3,13,2025-01-16
367349,SÃO PAULO,355030854A,SP,Vila Maria,"-23,502","-46,591",2025-01-16 14:10:00,0.0,3,14,2025-01-16
367350,SÃO PAULO,355030854A,SP,Vila Maria,"-23,502","-46,591",2025-01-16 15:10:00,0.0,3,15,2025-01-16
367351,SÃO PAULO,355030854A,SP,Vila Maria,"-23,502","-46,591",2025-01-16 16:10:00,0.0,3,16,2025-01-16
367352,SÃO PAULO,355030854A,SP,Vila Maria,"-23,502","-46,591",2025-01-16 17:10:00,0.0,3,17,2025-01-16
367353,SÃO PAULO,355030854A,SP,Vila Maria,"-23,502","-46,591",2025-01-16 18:10:00,0.0,3,18,2025-01-16
367354,SÃO PAULO,355030854A,SP,Vila Maria,"-23,502","-46,591",2025-01-16 19:10:00,0.0,3,19,2025-01-16
367355,SÃO PAULO,355030854A,SP,Vila Maria,"-23,502","-46,591",2025-01-16 20:10:00,0.0,3,20,2025-01-16
367356,SÃO PAULO,355030854A,SP,Vila Maria,"-23,502","-46,591",2025-01-16 20:40:00,0.59,3,20,2025-01-16
367357,SÃO PAULO,355030854A,SP,Vila Maria,"-23,502","-46,591",2025-01-16 20:50:00,1.18,3,20,2025-01-16
367358,SÃO PAULO,355030854A,SP,Vila Maria,"-23,502","-46,591",2025-01-16 21:00:00,0.59,3,21,2025-01-16
367359,SÃO PAULO,355030854A,SP,Vila Maria,"-23,502","-46,591",2025-01-16 22:10:00,0.0,3,22,2025-01-16
367360,SÃO PAULO,355030854A,SP,Vila Maria,"-23,502","-46,591",2025-01-16 22:50:00,0.2,3,22,2025-01-16
367361,SÃO PAULO,355030854A,SP,Vila Maria,"-23,502","-46,591",2025-01-16 23:00:00,0.2,3,23,2025-01-16
367362,SÃO PAULO,355030854A,SP,Vila Maria,"-23,502","-46,591",2025-01-16 23:10:00,0.39,3,23,2025-01-16
367363,SÃO PAULO,355030854A,SP,Vila Maria,"-23,502","-46,591",2025-01-16 23:20:00,0.2,3,23,2025-01-16
367364,SÃO PAULO,355030854A,SP,Vila Maria,"-23,502","-46,591",2025-01-16 23:30:00,0.2,3,23,2025-01-16
367365,SÃO PAULO,355030854A,SP,Vila Maria,"-23,502","-46,591",2025-01-16 23:40:00,0.2,3,23,2025-01-16
367366,SÃO PAULO,355030854A,SP,Vila Maria,"-23,502","-46,591",2025-01-16 23:50:00,0.2,3,23,2025-01-16
367367,SÃO PAULO,355030854A,SP,Vila Maria,"-23,502","-46,591",2025-01-17 00:00:00,0.2,3,0,2025-01-17
367368,SÃO PAULO,355030854A,SP,Vila Maria,"-23,502","-46,591",2025-01-17 00:10:00,0.2,3,0,2025-01-17
367369,SÃO PAULO,355030854A,SP,Vila Maria,"-23,502","-46,591",2025-01-17 00:20:00,0.59,3,0,2025-01-17
367370,SÃO PAULO,355030854A,SP,Vila Maria,"-23,502","-46,591",2025-01-17 00:30:00,0.59,3,0,2025-01-17
367371,SÃO PAULO,355030854A,SP,Vila Maria,"-23,502","-46,591",2025-01-17 00:40:00,0.59,3,0,2025-01-17
367372,SÃO PAULO,355030854A,SP,Vila Maria,"-23,502","-46,591",2025-01-17 00:50:00,0.59,3,0,2025-01-17
367373,SÃO PAULO,355030854A,SP,Vila Maria,"-23,502","-46,591",2025-01-17 01:00:00,0.39,3,1,2025-01-17
367374,SÃO PAULO,355030854A,SP,Vila Maria,"-23,502","-46,591",2025-01-17 01:10:00,0.59,3,1,2025-01-17
367375,SÃO PAULO,355030854A,SP,Vila Maria,"-23,502","-46,591",2025-01-17 01:20:00,0.59,3,1,2025-01-17
367376,SÃO PAULO,355030854A,SP,Vila Maria,"-23,502","-46,591",2025-01-17 01:30:00,0.39,3,1,2025-01-17
367377,SÃO PAULO,355030854A,SP,Vila Maria,"-23,502","-46,591",2025-01-17 01:40:00,0.59,3,1,2025-01-17
367378,SÃO PAULO,355030854A,SP,Vila Maria,"-23,502","-46,591",2025-01-17 01:50:00,0.39,3,1,2025-01-17
367379,SÃO PAULO,355030854A,SP,Vila Maria,"-23,502","-46,591",2025-01-17 02:00:00,0.59,3,2,2025-01-17
367380,SÃO PAULO,355030854A,SP,Vila Maria,"-23,502","-46,591",2025-01-17 02:10:00,0.39,3,2,2025-01-17
367381,SÃO PAULO,355030854A,SP,Vila Maria,"-23,502","-46,591",2025-01-17 02:20:00,0.2,3,2,2025-01-17
367382,SÃO PAULO,355030854A,SP,Vila Maria,"-23,502","-46,591",2025-01-17 02:30:00,0.2,3,2,2025-01-17
367383,SÃO PAULO,355030854A,SP,Vila Maria,"-23,502","-46,591",2025-01-17 02:40:00,0.39,3,2,2025-01-17
367384,SÃO PAULO,355030854A,SP,Vila Maria,"-23,502","-46,591",2025-01-17 02:50:00,0.2,3,2,2025-01-17
367385,SÃO PAULO,355030854A,SP,Vila Maria,"-23,502","-46,591",2025-01-17 03:00:00,0.39,3,3,2025-01-17
367386,SÃO PAULO,355030854A,SP,Vila Maria,"-23,502","-46,591",2025-01-17 03:10:00,0.2,3,3,2025-01-17
367387,SÃO PAULO,355030854A,SP,Vila Maria,"-23,502","-46,591",2025-01-17 03:20:00,0.2,3,3,2025-01-17
367388,SÃO PAULO,355030854A,SP,Vila Maria,"-23,502","-46,591",2025-01-17 03:30:00,0.39,3,3,2025-01-17
367389,SÃO PAULO,355030854A,SP,Vila Maria,"-23,502","-46,591",2025-01-17 03:40:00,0.2,3,3,2025-01-17
367390,SÃO PAULO,355030854A,SP,Vila Maria,"-23,502","-46,591",2025-01-17 03:50:00,0.2,3,3,2025-01-17
367391,SÃO PAULO,355030854A,SP,Vila Maria,"-23,502","-46,591",2025-01-17 04:00:00,0.39,3,4,2025-01-17
367392,SÃO PAULO,355030854A,SP,Vila Maria,"-23,502","-46,591",2025-01-17 04:10:00,0.2,3,4,2025-01-17
367393,SÃO PAULO,355030854A,SP,Vila Maria,"-23,502","-46,591",2025-01-17 04:20:00,0.2,3,4,2025-01-17
367394,SÃO PAULO,355030854A,SP,Vila Maria,"-23,502","-46,591",2025-01-17 04:30:00,0.2,3,4,2025-01-17
367395,SÃO PAULO,355030854A,SP,Vila Maria,"-23,502","-46,591",2025-01-17 04:40:00,0.39,3,4,2025-01-17
367396,SÃO PAULO,355030854A,SP,Vila Maria,"-23,502","-46,591",2025-01-17 04:50:00,0.2,3,4,2025-01-17
367397,SÃO PAULO,355030854A,SP,Vila Maria,"-23,502","-46,591",2025-01-17 05:00:00,0.2,3,5,2025-01-17
367398,SÃO PAULO,355030854A,SP,Vila Maria,"-23,502","-46,591",2025-01-17 05:10:00,0.2,3,5,2025-01-17
367399,SÃO PAULO,355030854A,SP,Vila Maria,"-23,502","-46,591",2025-01-17 05:20:00,0.39,3,5,2025-01-17
367400,SÃO PAULO,355030854A,SP,Vila Maria,"-23,502","-46,591",2025-01-17 05:30:00,0.2,3,5,2025-01-17
367401,SÃO PAULO,355030854A,SP,Vila Maria,"-23,502","-46,591",2025-01-17 05:40:00,0.39,3,5,2025-01-17
367402,SÃO PAULO,355030854A,SP,Vila Maria,"-23,502","-46,591",2025-01-17 05:50:00,0.2,3,5,2025-01-17
367403,SÃO PAULO,355030854A,SP,Vila Maria,"-23,502","-46,591",2025-01-17 06:00:00,0.39,3,6,2025-01-17
367404,SÃO PAULO,355030854A,SP,Vila Maria,"-23,502","-46,591",2025-01-17 06:10:00,0.2,3,6,2025-01-17
367405,SÃO PAULO,355030854A,SP,Vila Maria,"-23,502","-46,591",2025-01-17 06:20:00,0.39,3,6,2025-01-17
367406,SÃO PAULO,355030854A,SP,Vila Maria,"-23,502","-46,591",2025-01-17 06:30:00,0.39,3,6,2025-01-17
367407,SÃO PAULO,355030854A,SP,Vila Maria,"-23,502","-46,591",2025-01-17 06:40:00,0.39,3,6,2025-01-17
367408,SÃO PAULO,355030854A,SP,Vila Maria,"-23,502","-46,591",2025-01-17 06:50:00,0.39,3,6,2025-01-17
367409,SÃO PAULO,355030854A,SP,Vila Maria,"-23,502","-46,591",2025-01-17 07:00:00,0.2,3,7,2025-01-17
367410,SÃO PAULO,355030854A,SP,Vila Maria,"-23,502","-46,591",2025-01-17 07:10:00,0.39,3,7,2025-01-17
367411,SÃO PAULO,355030854A,SP,Vila Maria,"-23,502","-46,591",2025-01-17 07:20:00,0.39,3,7,2025-01-17
367412,SÃO PAULO,355030854A,SP,Vila Maria,"-23,502","-46,591",2025-01-17 07:30:00,0.39,3,7,2025-01-17
367413,SÃO PAULO,355030854A,SP,Vila Maria,"-23,502","-46,591",2025-01-17 07:40:00,0.39,3,7,2025-01-17
367414,SÃO PAULO,355030854A,SP,Vila Maria,"-23,502","-46,591",2025-01-17 07:50:00,0.39,3,7,2025-01-17
367415,SÃO PAULO,355030854A,SP,Vila Maria,"-23,502","-46,591",2025-01-17 08:00:00,0.39,3,8,2025-01-17
367416,SÃO PAULO,355030854A,SP,Vila Maria,"-23,502","-46,591",2025-01-17 08:10:00,0.39,3,8,2025-01-17
367417,SÃO PAULO,355030854A,SP,Vila Maria,"-23,502","-46,591",2025-01-17 08:20:00,0.39,3,8,2025-01-17
367418,SÃO PAULO,355030854A,SP,Vila Maria,"-23,502","-46,591",2025-01-17 08:30:00,0.39,3,8,2025-01-17
367419,SÃO PAULO,355030854A,SP,Vila Maria,"-23,502","-46,591",2025-01-17 08:40:00,0.39,3,8,2025-01-17
367420,SÃO PAULO,355030854A,SP,Vila Maria,"-23,502","-46,591",2025-01-17 08:50:00,0.39,3,8,2025-01-17
367421,SÃO PAULO,355030854A,SP,Vila Maria,"-23,502","-46,591",2025-01-17 09:00:00,0.2,3,9,2025-01-17
367422,SÃO PAULO,355030854A,SP,Vila Maria,"-23,502","-46,591",2025-01-17 09:10:00,0.39,3,9,2025-01-17
367423,SÃO PAULO,355030854A,SP,Vila Maria,"-23,502","-46,591",2025-01-17 09:20:00,0.39,3,9,2025-01-17
367424,SÃO PAULO,355030854A,SP,Vila Maria,"-23,502","-46,591",2025-01-17 09:30:00,0.39,3,9,2025-01-17
367425,SÃO PAULO,355030854A,SP,Vila Maria,"-23,502","-46,591",2025-01-17 09:40:00,0.2,3,9,2025-01-17
367426,SÃO PAULO,355030854A,SP,Vila Maria,"-23,502","-46,591",2025-01-17 09:50:00,0.39,3,9,2025-01-17
367427,SÃO PAULO,355030854A,SP,Vila Maria,"-23,502","-46,591",2025-01-17 10:00:00,0.39,3,10,2025-01-17
367428,SÃO PAULO,355030854A,SP,Vila Maria,"-23,502","-46,591",2025-01-17 10:10:00,0.2,3,10,2025-01-17
367429,SÃO PAULO,355030854A,SP,Vila Maria,"-23,502","-46,591",2025-01-17 10:20:00,0.39,3,10,2025-01-17
367430,SÃO PAULO,355030854A,SP,Vila Maria,"-23,502","-46,591",2025-01-17 10:30:00,0.2,3,10,2025-01-17
367431,SÃO PAULO,355030854A,SP,Vila Maria,"-23,502","-46,591",2025-01-17 10:40:00,0.2,3,10,2025-01-17
367432,SÃO PAULO,355030854A,SP,Vila Maria,"-23,502","-46,591",2025-01-17 10:50:00,0.39,3,10,2025-01-17
367433,SÃO PAULO,355030854A,SP,Vila Maria,"-23,502","-46,591",2025-01-17 11:00:00,0.2,3,11,2025-01-17
367434,SÃO PAULO,355030854A,SP,Vila Maria,"-23,502","-46,591",2025-01-17 11:10:00,0.2,3,11,2025-01-17
367435,SÃO PAULO,355030854A,SP,Vila Maria,"-23,502","-46,591",2025-01-17 11:20:00,0.2,3,11,2025-01-17
367436,SÃO PAULO,355030854A,SP,Vila Maria,"-23,502","-46,591",2025-01-17 11:30:00,0.2,3,11,2025-01-17
367437,SÃO PAULO,355030854A,SP,Vila Maria,"-23,502","-46,591",2025-01-17 11:40:00,0.2,3,11,2025-01-17
367438,SÃO PAULO,355030854A,SP,Vila Maria,"-23,502","-46,591",2025-01-17 11:50:00,0.2,3,11,2025-01-17
367439,SÃO PAULO,355030854A,SP,Vila Maria,"-23,502","-46,591",2025-01-17 12:00:00,0.2,3,12,2025-01-17
367440,SÃO PAULO,355030854A,SP,Vila Maria,"-23,502","-46,591",2025-01-17 12:10:00,0.2,3,12,2025-01-17
367441,SÃO PAULO,355030854A,SP,Vila Maria,"-23,502","-46,591",2025-01-17 12:20:00,0.2,3,12,2025-01-17
367442,SÃO PAULO,355030854A,SP,Vila Maria,"-23,502","-46,591",2025-01-17 12:30:00,0.2,3,12,2025-01-17
367443,SÃO PAULO,355030854A,SP,Vila Maria,"-23,502","-46,591",2025-01-17 12:40:00,0.2,3,12,2025-01-17
367444,SÃO PAULO,355030854A,SP,Vila Maria,"-23,502","-46,591",2025-01-17 12:50:00,0.2,3,12,2025-01-17
367445,SÃO PAULO,355030854A,SP,Vila Maria,"-23,502","-46,591",2025-01-17 13:10:00,0.2,3,13,2025-01-17
367446,SÃO PAULO,355030854A,SP,Vila Maria,"-23,502","-46,591",2025-01-17 13:20:00,0.2,3,13,2025-01-17
367447,SÃO PAULO,355030854A,SP,Vila Maria,"-23,502","-46,591",2025-01-17 13:30:00,0.2,3,13,2025-01-17
367448,SÃO PAULO,355030854A,SP,Vila Maria,"-23,502","-46,591",2025-01-17 13:40:00,0.2,3,13,2025-01-17
367449,SÃO PAULO,355030854A,SP,Vila Maria,"-23,502","-46,591",2025-01-17 14:00:00,0.2,3,14,2025-01-17
367450,SÃO PAULO,355030854A,SP,Vila Maria,"-23,502","-46,591",2025-01-17 14:10:00,0.0,3,14,2025-01-17
367451,SÃO PAULO,355030854A,SP,Vila Maria,"-23,502","-46,591",2025-01-17 14:20:00,0.2,3,14,2025-01-17
367452,SÃO PAULO,355030854A,SP,Vila Maria,"-23,502","-46,591",2025-01-17 14:30:00,0.2,3,14,2025-01-17
367453,SÃO PAULO,355030854A,SP,Vila Maria,"-23,502","-46,591",2025-01-17 14:50:00,0.2,3,14,2025-01-17
367454,SÃO PAULO,355030854A,SP,Vila Maria,"-23,502","-46,591",2025-01-17 15:10:00,0.2,3,15,2025-01-17
367455,SÃO PAULO,355030854A,SP,Vila Maria,"-23,502","-46,591",2025-01-17 15:20:00,0.2,3,15,2025-01-17
367456,SÃO PAULO,355030854A,SP,Vila Maria,"-23,502","-46,591",2025-01-17 15:30:00,0.2,3,15,2025-01-17
367457,SÃO PAULO,355030854A,SP,Vila Maria,"-23,502","-46,591",2025-01-17 15:50:00,0.2,3,15,2025-01-17
367458,SÃO PAULO,355030854A,SP,Vila Maria,"-23,502","-46,591",2025-01-17 16:00:00,0.2,3,16,2025-01-17
367459,SÃO PAULO,355030854A,SP,Vila Maria,"-23,502","-46,591",2025-01-17 16:10:00,0.2,3,16,2025-01-17
367460,SÃO PAULO,355030854A,SP,Vila Maria,"-23,502","-46,591",2025-01-17 16:30:00,0.2,3,16,2025-01-17
367461,SÃO PAULO,355030854A,SP,Vila Maria,"-23,502","-46,591",2025-01-17 16:40:00,0.2,3,16,2025-01-17
367462,SÃO PAULO,355030854A,SP,Vila Maria,"-23,502","-46,591",2025-01-17 17:00:00,0.2,3,17,2025-01-17
367463,SÃO PAULO,355030854A,SP,Vila Maria,"-23,502","-46,591",2025-01-17 17:10:00,0.0,3,17,2025-01-17
367464,SÃO PAULO,355030854A,SP,Vila Maria,"-23,502","-46,591",2025-01-17 17:20:00,0.2,3,17,2025-01-17
367465,SÃO PAULO,355030854A,SP,Vila Maria,"-23,502","-46,591",2025-01-17 17:30:00,0.2,3,17,2025-01-17
367466,SÃO PAULO,355030854A,SP,Vila Maria,"-23,502","-46,591",2025-01-17 17:50:00,0.2,3,17,2025-01-17
367467,SÃO PAULO,355030854A,SP,Vila Maria,"-23,502","-46,591",2025-01-17 18:10:00,0.2,3,18,2025-01-17
367468,SÃO PAULO,355030854A,SP,Vila Maria,"-23,502","-46,591",2025-01-17 18:50:00,0.2,3,18,2025-01-17
367469,SÃO PAULO,355030854A,SP,Vila Maria,"-23,502","-46,591",2025-01-17 19:10:00,0.0,3,19,2025-01-17
367470,SÃO PAULO,355030854A,SP,Vila Maria,"-23,502","-46,591",2025-01-17 19:30:00,0.2,3,19,2025-01-17
367471,SÃO PAULO,355030854A,SP,Vila Maria,"-23,502","-46,591",2025-01-17 20:10:00,0.0,3,20,2025-01-17
367472,SÃO PAULO,355030854A,SP,Vila Maria,"-23,502","-46,591",2025-01-17 21:10:00,0.0,3,21,2025-01-17
367473,SÃO PAULO,355030854A,SP,Vila Maria,"-23,502","-46,591",2025-01-17 22:10:00,0.0,3,22,2025-01-17
367474,SÃO PAULO,355030854A,SP,Vila Maria,"-23,502","-46,591",2025-01-17 23:10:00,0.0,3,23,2025-01-17
367475,SÃO PAULO,355030854A,SP,Vila Maria,"-23,502","-46,591",2025-01-18 00:10:00,0.0,3,0,2025-01-18
367476,SÃO PAULO,355030854A,SP,Vila Maria,"-23,502","-46,591",2025-01-18 01:10:00,0.0,3,1,2025-01-18
367477,SÃO PAULO,355030854A,SP,Vila Maria,"-23,502","-46,591",2025-01-18 02:10:00,0.0,3,2,2025-01-18
367478,SÃO PAULO,355030854A,SP,Vila Maria,"-23,502","-46,591",2025-01-18 02:40:00,0.2,3,2,2025-01-18
367479,SÃO PAULO,355030854A,SP,Vila Maria,"-23,502","-46,591",2025-01-18 03:10:00,0.0,3,3,2025-01-18
367480,SÃO PAULO,355030854A,SP,Vila Maria,"-23,502","-46,591",2025-01-18 04:00:00,0.2,3,4,2025-01-18
367481,SÃO PAULO,355030854A,SP,Vila Maria,"-23,502","-46,591",2025-01-18 04:10:00,0.0,3,4,2025-01-18
367482,SÃO PAULO,355030854A,SP,Vila Maria,"-23,502","-46,591",2025-01-18 05:00:00,0.2,3,5,2025-01-18
367483,SÃO PAULO,355030854A,SP,Vila Maria,"-23,502","-46,591",2025-01-18 06:10:00,0.2,3,6,2025-01-18
367484,SÃO PAULO,355030854A,SP,Vila Maria,"-23,502","-46,591",2025-01-18 07:00:00,0.2,3,7,2025-01-18
367485,SÃO PAULO,355030854A,SP,Vila Maria,"-23,502","-46,591",2025-01-18 08:10:00,0.0,3,8,2025-01-18
367486,SÃO PAULO,355030854A,SP,Vila Maria,"-23,502","-46,591",2025-01-18 09:10:00,0.0,3,9,2025-01-18
367487,SÃO PAULO,355030854A,SP,Vila Maria,"-23,502","-46,591",2025-01-18 10:10:00,0.0,3,10,2025-01-18
367488,SÃO PAULO,355030854A,SP,Vila Maria,"-23,502","-46,591",2025-01-18 11:10:00,0.0,3,11,2025-01-18
367489,SÃO PAULO,355030854A,SP,Vila Maria,"-23,502","-46,591",2025-01-18 12:10:00,0.0,3,12,2025-01-18
367490,SÃO PAULO,355030854A,SP,Vila Maria,"-23,502","-46,591",2025-01-18 13:10:00,0.0,3,13,2025-01-18
367491,SÃO PAULO,355030854A,SP,Vila Maria,"-23,502","-46,591",2025-01-18 14:10:00,0.0,3,14,2025-01-18
367492,SÃO PAULO,355030854A,SP,Vila Maria,"-23,502","-46,591",2025-01-18 15:10:00,0.0,3,15,2025-01-18
367493,SÃO PAULO,355030854A,SP,Vila Maria,"-23,502","-46,591",2025-01-18 16:10:00,0.0,3,16,2025-01-18
367494,SÃO PAULO,355030854A,SP,Vila Maria,"-23,502","-46,591",2025-01-18 17:10:00,0.0,3,17,2025-01-18
367495,SÃO PAULO,355030854A,SP,Vila Maria,"-23,502","-46,591",2025-01-18 18:10:00,0.0,3,18,2025-01-18
367496,SÃO PAULO,355030854A,SP,Vila Maria,"-23,502","-46,591",2025-01-18 19:10:00,0.0,3,19,2025-01-18
367497,SÃO PAULO,355030854A,SP,Vila Maria,"-23,502","-46,591",2025-01-18 20:10:00,0.0,3,20,2025-01-18
367498,SÃO PAULO,355030854A,SP,Vila Maria,"-23,502","-46,591",2025-01-18 21:10:00,0.0,3,21,2025-01-18
367499,SÃO PAULO,355030854A,SP,Vila Maria,"-23,502","-46,591",2025-01-18 22:10:00,0.0,3,22,2025-01-18
367500,SÃO PAULO,355030854A,SP,Vila Maria,"-23,502","-46,591",2025-01-18 23:10:00,0.0,3,23,2025-01-18
367501,SÃO PAULO,355030854A,SP,Vila Maria,"-23,502","-46,591",2025-01-19 00:10:00,0.0,3,0,2025-01-19
367502,SÃO PAULO,355030854A,SP,Vila Maria,"-23,502","-46,591",2025-01-19 01:10:00,0.0,3,1,2025-01-19
367503,SÃO PAULO,355030854A,SP,Vila Maria,"-23,502","-46,591",2025-01-19 02:10:00,0.0,3,2,2025-01-19
367504,SÃO PAULO,355030854A,SP,Vila Maria,"-23,502","-46,591",2025-01-19 03:10:00,0.0,3,3,2025-01-19
367505,SÃO PAULO,355030854A,SP,Vila Maria,"-23,502","-46,591",2025-01-19 04:10:00,0.0,3,4,2025-01-19
367506,SÃO PAULO,355030854A,SP,Vila Maria,"-23,502","-46,591",2025-01-19 05:10:00,0.0,3,5,2025-01-19
367507,SÃO PAULO,355030854A,SP,Vila Maria,"-23,502","-46,591",2025-01-19 06:10:00,0.0,3,6,2025-01-19
367508,SÃO PAULO,355030854A,SP,Vila Maria,"-23,502","-46,591",2025-01-19 07:10:00,0.0,3,7,2025-01-19
367509,SÃO PAULO,355030854A,SP,Vila Maria,"-23,502","-46,591",2025-01-19 08:10:00,0.0,3,8,2025-01-19
367510,SÃO PAULO,355030854A,SP,Vila Maria,"-23,502","-46,591",2025-01-19 09:10:00,0.0,3,9,2025-01-19
367511,SÃO PAULO,355030854A,SP,Vila Maria,"-23,502","-46,591",2025-01-19 10:10:00,0.0,3,10,2025-01-19
367512,SÃO PAULO,355030854A,SP,Vila Maria,"-23,502","-46,591",2025-01-19 11:10:00,0.0,3,11,2025-01-19
367513,SÃO PAULO,355030854A,SP,Vila Maria,"-23,502","-46,591",2025-01-19 12:10:00,0.0,3,12,2025-01-19
367514,SÃO PAULO,355030854A,SP,Vila Maria,"-23,502","-46,591",2025-01-19 13:10:00,0.0,3,13,2025-01-19
367515,SÃO PAULO,355030854A,SP,Vila Maria,"-23,502","-46,591",2025-01-19 14:10:00,0.0,3,14,2025-01-19
367516,SÃO PAULO,355030854A,SP,Vila Maria,"-23,502","-46,591",2025-01-19 15:10:00,0.2,3,15,2025-01-19
367517,SÃO PAULO,355030854A,SP,Vila Maria,"-23,502","-46,591",2025-01-19 15:20:00,0.0,3,15,2025-01-19
367518,SÃO PAULO,355030854A,SP,Vila Maria,"-23,502","-46,591",2025-01-19 16:10:00,0.0,3,16,2025-01-19
367519,SÃO PAULO,355030854A,SP,Vila Maria,"-23,502","-46,591",2025-01-19 17:10:00,0.0,3,17,2025-01-19
367520,SÃO PAULO,355030854A,SP,Vila Maria,"-23,502","-46,591",2025-01-19 18:00:00,0.59,3,18,2025-01-19
367521,SÃO PAULO,355030854A,SP,Vila Maria,"-23,502","-46,591",2025-01-19 18:10:00,0.39,3,18,2025-01-19
367522,SÃO PAULO,355030854A,SP,Vila Maria,"-23,502","-46,591",2025-01-19 18:20:00,0.2,3,18,2025-01-19
367523,SÃO PAULO,355030854A,SP,Vila Maria,"-23,502","-46,591",2025-01-19 18:30:00,0.2,3,18,2025-01-19
367524,SÃO PAULO,355030854A,SP,Vila Maria,"-23,502","-46,591",2025-01-19 18:50:00,0.2,3,18,2025-01-19
367525,SÃO PAULO,355030854A,SP,Vila Maria,"-23,502","-46,591",2025-01-19 19:10:00,0.2,3,19,2025-01-19
367526,SÃO PAULO,355030854A,SP,Vila Maria,"-23,502","-46,591",2025-01-19 19:40:00,0.2,3,19,2025-01-19
367527,SÃO PAULO,355030854A,SP,Vila Maria,"-23,502","-46,591",2025-01-19 20:10:00,0.0,3,20,2025-01-19
367528,SÃO PAULO,355030854A,SP,Vila Maria,"-23,502","-46,591",2025-01-19 21:10:00,0.0,3,21,2025-01-19
367529,SÃO PAULO,355030854A,SP,Vila Maria,"-23,502","-46,591",2025-01-19 22:10:00,0.0,3,22,2025-01-19
367530,SÃO PAULO,355030854A,SP,Vila Maria,"-23,502","-46,591",2025-01-19 23:10:00,0.0,3,23,2025-01-19
367531,SÃO PAULO,355030854A,SP,Vila Maria,"-23,502","-46,591",2025-01-20 00:10:00,0.0,4,0,2025-01-20
367532,SÃO PAULO,355030854A,SP,Vila Maria,"-23,502","-46,591",2025-01-20 01:10:00,0.0,4,1,2025-01-20
367533,SÃO PAULO,355030854A,SP,Vila Maria,"-23,502","-46,591",2025-01-20 02:10:00,0.0,4,2,2025-01-20
367534,SÃO PAULO,355030854A,SP,Vila Maria,"-23,502","-46,591",2025-01-20 03:10:00,0.0,4,3,2025-01-20
367535,SÃO PAULO,355030854A,SP,Vila Maria,"-23,502","-46,591",2025-01-20 04:10:00,0.0,4,4,2025-01-20
367536,SÃO PAULO,355030854A,SP,Vila Maria,"-23,502","-46,591",2025-01-20 05:10:00,0.0,4,5,2025-01-20
367537,SÃO PAULO,355030854A,SP,Vila Maria,"-23,502","-46,591",2025-01-20 06:10:00,0.0,4,6,2025-01-20
367538,SÃO PAULO,355030854A,SP,Vila Maria,"-23,502","-46,591",2025-01-20 07:10:00,0.0,4,7,2025-01-20
367539,SÃO PAULO,355030854A,SP,Vila Maria,"-23,502","-46,591",2025-01-20 08:10:00,0.0,4,8,2025-01-20
367540,SÃO PAULO,355030854A,SP,Vila Maria,"-23,502","-46,591",2025-01-20 09:10:00,0.0,4,9,2025-01-20
367541,SÃO PAULO,355030854A,SP,Vila Maria,"-23,502","-46,591",2025-01-20 10:10:00,0.0,4,10,2025-01-20
367542,SÃO PAULO,355030854A,SP,Vila Maria,"-23,502","-46,591",2025-01-20 11:10:00,0.0,4,11,2025-01-20
367543,SÃO PAULO,355030854A,SP,Vila Maria,"-23,502","-46,591",2025-01-20 12:10:00,0.0,4,12,2025-01-20
367544,SÃO PAULO,355030854A,SP,Vila Maria,"-23,502","-46,591",2025-01-20 13:10:00,0.0,4,13,2025-01-20
367545,SÃO PAULO,355030854A,SP,Vila Maria,"-23,502","-46,591",2025-01-20 14:10:00,0.0,4,14,2025-01-20
367546,SÃO PAULO,355030854A,SP,Vila Maria,"-23,502","-46,591",2025-01-20 15:10:00,0.0,4,15,2025-01-20
367547,SÃO PAULO,355030854A,SP,Vila Maria,"-23,502","-46,591",2025-01-20 16:10:00,0.0,4,16,2025-01-20
367548,SÃO PAULO,355030854A,SP,Vila Maria,"-23,502","-46,591",2025-01-20 17:10:00,0.0,4,17,2025-01-20
367549,SÃO PAULO,355030854A,SP,Vila Maria,"-23,502","-46,591",2025-01-20 18:10:00,0.0,4,18,2025-01-20
367550,SÃO PAULO,355030854A,SP,Vila Maria,"-23,502","-46,591",2025-01-20 19:10:00,0.0,4,19,2025-01-20
367551,SÃO PAULO,355030854A,SP,Vila Maria,"-23,502","-46,591",2025-01-20 20:10:00,0.0,4,20,2025-01-20
367552,SÃO PAULO,355030854A,SP,Vila Maria,"-23,502","-46,591",2025-01-20 21:10:00,0.0,4,21,2025-01-20
367553,SÃO PAULO,355030854A,SP,Vila Maria,"-23,502","-46,591",2025-01-20 22:10:00,0.0,4,22,2025-01-20
367554,SÃO PAULO,355030854A,SP,Vila Maria,"-23,502","-46,591",2025-01-20 23:10:00,0.0,4,23,2025-01-20
367555,SÃO PAULO,355030854A,SP,Vila Maria,"-23,502","-46,591",2025-01-21 00:10:00,0.0,4,0,2025-01-21
367556,SÃO PAULO,355030854A,SP,Vila Maria,"-23,502","-46,591",2025-01-21 01:10:00,0.0,4,1,2025-01-21
367557,SÃO PAULO,355030854A,SP,Vila Maria,"-23,502","-46,591",2025-01-21 02:10:00,0.0,4,2,2025-01-21
367558,SÃO PAULO,355030854A,SP,Vila Maria,"-23,502","-46,591",2025-01-21 03:10:00,0.0,4,3,2025-01-21
367559,SÃO PAULO,355030854A,SP,Vila Maria,"-23,502","-46,591",2025-01-21 04:10:00,0.0,4,4,2025-01-21
367560,SÃO PAULO,355030854A,SP,Vila Maria,"-23,502","-46,591",2025-01-21 05:10:00,0.0,4,5,2025-01-21
367561,SÃO PAULO,355030854A,SP,Vila Maria,"-23,502","-46,591",2025-01-21 06:10:00,0.0,4,6,2025-01-21
367562,SÃO PAULO,355030854A,SP,Vila Maria,"-23,502","-46,591",2025-01-21 07:10:00,0.0,4,7,2025-01-21
367563,SÃO PAULO,355030854A,SP,Vila Maria,"-23,502","-46,591",2025-01-21 08:10:00,0.0,4,8,2025-01-21
367564,SÃO PAULO,355030854A,SP,Vila Maria,"-23,502","-46,591",2025-01-21 09:10:00,0.0,4,9,2025-01-21
367565,SÃO PAULO,355030854A,SP,Vila Maria,"-23,502","-46,591",2025-01-21 10:10:00,0.0,4,10,2025-01-21
367566,SÃO PAULO,355030854A,SP,Vila Maria,"-23,502","-46,591",2025-01-21 11:10:00,0.0,4,11,2025-01-21
367567,SÃO PAULO,355030854A,SP,Vila Maria,"-23,502","-46,591",2025-01-21 12:10:00,0.0,4,12,2025-01-21
367568,SÃO PAULO,355030854A,SP,Vila Maria,"-23,502","-46,591",2025-01-21 13:10:00,0.0,4,13,2025-01-21
367569,SÃO PAULO,355030854A,SP,Vila Maria,"-23,502","-46,591",2025-01-21 14:10:00,0.0,4,14,2025-01-21
367570,SÃO PAULO,355030854A,SP,Vila Maria,"-23,502","-46,591",2025-01-21 15:10:00,0.0,4,15,2025-01-21
367571,SÃO PAULO,355030854A,SP,Vila Maria,"-23,502","-46,591",2025-01-21 16:10:00,0.0,4,16,2025-01-21
367572,SÃO PAULO,355030854A,SP,Vila Maria,"-23,502","-46,591",2025-01-21 17:10:00,0.0,4,17,2025-01-21
367573,SÃO PAULO,355030854A,SP,Vila Maria,"-23,502","-46,591",2025-01-21 18:10:00,0.0,4,18,2025-01-21
367574,SÃO PAULO,355030854A,SP,Vila Maria,"-23,502","-46,591",2025-01-21 19:10:00,0.0,4,19,2025-01-21
367575,SÃO PAULO,355030854A,SP,Vila Maria,"-23,502","-46,591",2025-01-21 20:10:00,0.0,4,20,2025-01-21
367576,SÃO PAULO,355030854A,SP,Vila Maria,"-23,502","-46,591",2025-01-21 21:10:00,0.0,4,21,2025-01-21
367577,SÃO PAULO,355030854A,SP,Vila Maria,"-23,502","-46,591",2025-01-21 22:10:00,0.0,4,22,2025-01-21
367578,SÃO PAULO,355030854A,SP,Vila Maria,"-23,502","-46,591",2025-01-21 23:10:00,0.0,4,23,2025-01-21
367579,SÃO PAULO,355030854A,SP,Vila Maria,"-23,502","-46,591",2025-01-22 00:10:00,0.0,4,0,2025-01-22
367580,SÃO PAULO,355030854A,SP,Vila Maria,"-23,502","-46,591",2025-01-22 01:10:00,0.0,4,1,2025-01-22
367581,SÃO PAULO,355030854A,SP,Vila Maria,"-23,502","-46,591",2025-01-22 02:10:00,0.0,4,2,2025-01-22
367582,SÃO PAULO,355030854A,SP,Vila Maria,"-23,502","-46,591",2025-01-22 03:10:00,0.0,4,3,2025-01-22
367583,SÃO PAULO,355030854A,SP,Vila Maria,"-23,502","-46,591",2025-01-22 04:10:00,0.0,4,4,2025-01-22
367584,SÃO PAULO,355030854A,SP,Vila Maria,"-23,502","-46,591",2025-01-22 05:10:00,0.0,4,5,2025-01-22
367585,SÃO PAULO,355030854A,SP,Vila Maria,"-23,502","-46,591",2025-01-22 06:10:00,0.0,4,6,2025-01-22
367586,SÃO PAULO,355030854A,SP,Vila Maria,"-23,502","-46,591",2025-01-22 07:10:00,0.0,4,7,2025-01-22
367587,SÃO PAULO,355030854A,SP,Vila Maria,"-23,502","-46,591",2025-01-22 08:10:00,0.0,4,8,2025-01-22
367588,SÃO PAULO,355030854A,SP,Vila Maria,"-23,502","-46,591",2025-01-22 09:10:00,0.0,4,9,2025-01-22
367589,SÃO PAULO,355030854A,SP,Vila Maria,"-23,502","-46,591",2025-01-22 10:10:00,0.0,4,10,2025-01-22
367590,SÃO PAULO,355030854A,SP,Vila Maria,"-23,502","-46,591",2025-01-22 11:10:00,0.0,4,11,2025-01-22
367591,SÃO PAULO,355030854A,SP,Vila Maria,"-23,502","-46,591",2025-01-22 12:10:00,0.0,4,12,2025-01-22
367592,SÃO PAULO,355030854A,SP,Vila Maria,"-23,502","-46,591",2025-01-22 13:10:00,0.0,4,13,2025-01-22
367593,SÃO PAULO,355030854A,SP,Vila Maria,"-23,502","-46,591",2025-01-22 14:10:00,0.0,4,14,2025-01-22
367594,SÃO PAULO,355030854A,SP,Vila Maria,"-23,502","-46,591",2025-01-22 15:10:00,0.0,4,15,2025-01-22
367595,SÃO PAULO,355030854A,SP,Vila Maria,"-23,502","-46,591",2025-01-22 16:10:00,0.0,4,16,2025-01-22
367596,SÃO PAULO,355030854A,SP,Vila Maria,"-23,502","-46,591",2025-01-22 17:10:00,0.0,4,17,2025-01-22
367597,SÃO PAULO,355030854A,SP,Vila Maria,"-23,502","-46,591",2025-01-22 18:10:00,0.0,4,18,2025-01-22
367598,SÃO PAULO,355030854A,SP,Vila Maria,"-23,502","-46,591",2025-01-22 19:10:00,0.0,4,19,2025-01-22
367599,SÃO PAULO,355030854A,SP,Vila Maria,"-23,502","-46,591",2025-01-22 20:10:00,0.0,4,20,2025-01-22
367600,SÃO PAULO,355030854A,SP,Vila Maria,"-23,502","-46,591",2025-01-22 21:10:00,0.0,4,21,2025-01-22
367601,SÃO PAULO,355030854A,SP,Vila Maria,"-23,502","-46,591",2025-01-22 21:30:00,0.98,4,21,2025-01-22
367602,SÃO PAULO,355030854A,SP,Vila Maria,"-23,502","-46,591",2025-01-22 21:40:00,0.59,4,21,2025-01-22
367603,SÃO PAULO,355030854A,SP,Vila Maria,"-23,502","-46,591",2025-01-22 21:50:00,0.39,4,21,2025-01-22
367604,SÃO PAULO,355030854A,SP,Vila Maria,"-23,502","-46,591",2025-01-22 22:00:00,0.39,4,22,2025-01-22
367605,SÃO PAULO,355030854A,SP,Vila Maria,"-23,502","-46,591",2025-01-22 22:10:00,0.2,4,22,2025-01-22
367606,SÃO PAULO,355030854A,SP,Vila Maria,"-23,502","-46,591",2025-01-22 22:20:00,0.2,4,22,2025-01-22
367607,SÃO PAULO,355030854A,SP,Vila Maria,"-23,502","-46,591",2025-01-22 22:30:00,0.2,4,22,2025-01-22
367608,SÃO PAULO,355030854A,SP,Vila Maria,"-23,502","-46,591",2025-01-22 22:40:00,0.2,4,22,2025-01-22
367609,SÃO PAULO,355030854A,SP,Vila Maria,"-23,502","-46,591",2025-01-22 22:50:00,0.2,4,22,2025-01-22
367610,SÃO PAULO,355030854A,SP,Vila Maria,"-23,502","-46,591",2025-01-22 23:00:00,0.2,4,23,2025-01-22
367611,SÃO PAULO,355030854A,SP,Vila Maria,"-23,502","-46,591",2025-01-22 23:10:00,0.2,4,23,2025-01-22
367612,SÃO PAULO,355030854A,SP,Vila Maria,"-23,502","-46,591",2025-01-22 23:20:00,0.2,4,23,2025-01-22
367613,SÃO PAULO,355030854A,SP,Vila Maria,"-23,502","-46,591",2025-01-22 23:30:00,0.2,4,23,2025-01-22
367614,SÃO PAULO,355030854A,SP,Vila Maria,"-23,502","-46,591",2025-01-22 23:50:00,0.2,4,23,2025-01-22
367615,SÃO PAULO,355030854A,SP,Vila Maria,"-23,502","-46,591",2025-01-23 00:00:00,0.2,4,0,2025-01-23
367616,SÃO PAULO,355030854A,SP,Vila Maria,"-23,502","-46,591",2025-01-23 00:10:00,0.0,4,0,2025-01-23
367617,SÃO PAULO,355030854A,SP,Vila Maria,"-23,502","-46,591",2025-01-23 00:20:00,0.2,4,0,2025-01-23
367618,SÃO PAULO,355030854A,SP,Vila Maria,"-23,502","-46,591",2025-01-23 00:40:00,0.2,4,0,2025-01-23
367619,SÃO PAULO,355030854A,SP,Vila Maria,"-23,502","-46,591",2025-01-23 01:00:00,0.2,4,1,2025-01-23
367620,SÃO PAULO,355030854A,SP,Vila Maria,"-23,502","-46,591",2025-01-23 01:10:00,0.0,4,1,2025-01-23
367621,SÃO PAULO,355030854A,SP,Vila Maria,"-23,502","-46,591",2025-01-23 01:20:00,0.2,4,1,2025-01-23
367622,SÃO PAULO,355030854A,SP,Vila Maria,"-23,502","-46,591",2025-01-23 01:50:00,0.2,4,1,2025-01-23
367623,SÃO PAULO,355030854A,SP,Vila Maria,"-23,502","-46,591",2025-01-23 02:10:00,0.0,4,2,2025-01-23
367624,SÃO PAULO,355030854A,SP,Vila Maria,"-23,502","-46,591",2025-01-23 03:10:00,0.0,4,3,2025-01-23
367625,SÃO PAULO,355030854A,SP,Vila Maria,"-23,502","-46,591",2025-01-23 04:10:00,0.0,4,4,2025-01-23
367626,SÃO PAULO,355030854A,SP,Vila Maria,"-23,502","-46,591",2025-01-23 05:10:00,0.0,4,5,2025-01-23
367627,SÃO PAULO,355030854A,SP,Vila Maria,"-23,502","-46,591",2025-01-23 06:10:00,0.0,4,6,2025-01-23
367628,SÃO PAULO,355030854A,SP,Vila Maria,"-23,502","-46,591",2025-01-23 07:10:00,0.0,4,7,2025-01-23
367629,SÃO PAULO,355030854A,SP,Vila Maria,"-23,502","-46,591",2025-01-23 08:10:00,0.0,4,8,2025-01-23
367630,SÃO PAULO,355030854A,SP,Vila Maria,"-23,502","-46,591",2025-01-23 09:10:00,0.0,4,9,2025-01-23
367631,SÃO PAULO,355030854A,SP,Vila Maria,"-23,502","-46,591",2025-01-23 10:10:00,0.0,4,10,2025-01-23
367632,SÃO PAULO,355030854A,SP,Vila Maria,"-23,502","-46,591",2025-01-23 11:10:00,0.0,4,11,2025-01-23
367633,SÃO PAULO,355030854A,SP,Vila Maria,"-23,502","-46,591",2025-01-23 12:10:00,0.0,4,12,2025-01-23
367634,SÃO PAULO,355030854A,SP,Vila Maria,"-23,502","-46,591",2025-01-23 13:10:00,0.0,4,13,2025-01-23
367635,SÃO PAULO,355030854A,SP,Vila Maria,"-23,502","-46,591",2025-01-23 14:10:00,0.0,4,14,2025-01-23
367636,SÃO PAULO,355030854A,SP,Vila Maria,"-23,502","-46,591",2025-01-23 15:10:00,0.0,4,15,2025-01-23
367637,SÃO PAULO,355030854A,SP,Vila Maria,"-23,502","-46,591",2025-01-23 16:10:00,0.0,4,16,2025-01-23
367638,SÃO PAULO,355030854A,SP,Vila Maria,"-23,502","-46,591",2025-01-23 17:10:00,0.0,4,17,2025-01-23
367639,SÃO PAULO,355030854A,SP,Vila Maria,"-23,502","-46,591",2025-01-23 18:10:00,0.0,4,18,2025-01-23
367640,SÃO PAULO,355030854A,SP,Vila Maria,"-23,502","-46,591",2025-01-23 19:10:00,0.0,4,19,2025-01-23
367641,SÃO PAULO,355030854A,SP,Vila Maria,"-23,502","-46,591",2025-01-23 20:10:00,0.0,4,20,2025-01-23
367642,SÃO PAULO,355030854A,SP,Vila Maria,"-23,502","-46,591",2025-01-23 21:10:00,0.0,4,21,2025-01-23
367643,SÃO PAULO,355030854A,SP,Vila Maria,"-23,502","-46,591",2025-01-23 22:10:00,0.0,4,22,2025-01-23
367644,SÃO PAULO,355030854A,SP,Vila Maria,"-23,502","-46,591",2025-01-23 23:10:00,0.0,4,23,2025-01-23
367645,SÃO PAULO,355030854A,SP,Vila Maria,"-23,502","-46,591",2025-01-24 00:10:00,0.0,4,0,2025-01-24
367646,SÃO PAULO,355030854A,SP,Vila Maria,"-23,502","-46,591",2025-01-24 01:10:00,0.0,4,1,2025-01-24
367647,SÃO PAULO,355030854A,SP,Vila Maria,"-23,502","-46,591",2025-01-24 02:10:00,0.0,4,2,2025-01-24
367648,SÃO PAULO,355030854A,SP,Vila Maria,"-23,502","-46,591",2025-01-24 03:10:00,0.0,4,3,2025-01-24
367649,SÃO PAULO,355030854A,SP,Vila Maria,"-23,502","-46,591",2025-01-24 04:10:00,0.0,4,4,2025-01-24
367650,SÃO PAULO,355030854A,SP,Vila Maria,"-23,502","-46,591",2025-01-24 05:10:00,0.0,4,5,2025-01-24
367651,SÃO PAULO,355030854A,SP,Vila Maria,"-23,502","-46,591",2025-01-24 06:10:00,0.0,4,6,2025-01-24
367652,SÃO PAULO,355030854A,SP,Vila Maria,"-23,502","-46,591",2025-01-24 07:10:00,0.0,4,7,2025-01-24
367653,SÃO PAULO,355030854A,SP,Vila Maria,"-23,502","-46,591",2025-01-24 08:10:00,0.0,4,8,2025-01-24
367654,SÃO PAULO,355030854A,SP,Vila Maria,"-23,502","-46,591",2025-01-24 09:10:00,0.0,4,9,2025-01-24
367655,SÃO PAULO,355030854A,SP,Vila Maria,"-23,502","-46,591",2025-01-24 10:10:00,0.0,4,10,2025-01-24
367656,SÃO PAULO,355030854A,SP,Vila Maria,"-23,502","-46,591",2025-01-24 11:10:00,0.0,4,11,2025-01-24
367657,SÃO PAULO,355030854A,SP,Vila Maria,"-23,502","-46,591",2025-01-24 12:10:00,0.0,4,12,2025-01-24
367658,SÃO PAULO,355030854A,SP,Vila Maria,"-23,502","-46,591",2025-01-24 13:10:00,0.0,4,13,2025-01-24
367659,SÃO PAULO,355030854A,SP,Vila Maria,"-23,502","-46,591",2025-01-24 14:10:00,0.0,4,14,2025-01-24
367660,SÃO PAULO,355030854A,SP,Vila Maria,"-23,502","-46,591",2025-01-24 15:10:00,0.0,4,15,2025-01-24
367661,SÃO PAULO,355030854A,SP,Vila Maria,"-23,502","-46,591",2025-01-24 16:10:00,0.0,4,16,2025-01-24
367662,SÃO PAULO,355030854A,SP,Vila Maria,"-23,502","-46,591",2025-01-24 17:10:00,0.0,4,17,2025-01-24
367663,SÃO PAULO,355030854A,SP,Vila Maria,"-23,502","-46,591",2025-01-24 18:10:00,0.0,4,18,2025-01-24
367664,SÃO PAULO,355030854A,SP,Vila Maria,"-23,502","-46,591",2025-01-24 18:50:00,1.57,4,18,2025-01-24
367665,SÃO PAULO,355030854A,SP,Vila Maria,"-23,502","-46,591",2025-01-24 19:00:00,1.57,4,19,2025-01-24
367666,SÃO PAULO,355030854A,SP,Vila Maria,"-23,502","-46,591",2025-01-24 19:10:00,1.37,4,19,2025-01-24
367667,SÃO PAULO,355030854A,SP,Vila Maria,"-23,502","-46,591",2025-01-24 19:20:00,1.18,4,19,2025-01-24
367668,SÃO PAULO,355030854A,SP,Vila Maria,"-23,502","-46,591",2025-01-24 19:30:00,1.18,4,19,2025-01-24
367669,SÃO PAULO,355030854A,SP,Vila Maria,"-23,502","-46,591",2025-01-24 19:40:00,0.98,4,19,2025-01-24
367670,SÃO PAULO,355030854A,SP,Vila Maria,"-23,502","-46,591",2025-01-24 19:50:00,0.98,4,19,2025-01-24
367671,SÃO PAULO,355030854A,SP,Vila Maria,"-23,502","-46,591",2025-01-24 20:10:00,0.79,4,20,2025-01-24
367672,SÃO PAULO,355030854A,SP,Vila Maria,"-23,502","-46,591",2025-01-24 20:20:00,0.98,4,20,2025-01-24
367673,SÃO PAULO,355030854A,SP,Vila Maria,"-23,502","-46,591",2025-01-24 20:30:00,0.79,4,20,2025-01-24
367674,SÃO PAULO,355030854A,SP,Vila Maria,"-23,502","-46,591",2025-01-24 20:40:00,0.79,4,20,2025-01-24
367675,SÃO PAULO,355030854A,SP,Vila Maria,"-23,502","-46,591",2025-01-24 20:50:00,0.79,4,20,2025-01-24
367676,SÃO PAULO,355030854A,SP,Vila Maria,"-23,502","-46,591",2025-01-24 21:00:00,0.79,4,21,2025-01-24
367677,SÃO PAULO,355030854A,SP,Vila Maria,"-23,502","-46,591",2025-01-24 21:10:00,0.79,4,21,2025-01-24
367678,SÃO PAULO,355030854A,SP,Vila Maria,"-23,502","-46,591",2025-01-24 21:20:00,0.59,4,21,2025-01-24
367679,SÃO PAULO,355030854A,SP,Vila Maria,"-23,502","-46,591",2025-01-24 21:30:00,0.79,4,21,2025-01-24
367680,SÃO PAULO,355030854A,SP,Vila Maria,"-23,502","-46,591",2025-01-24 21:40:00,0.79,4,21,2025-01-24
367681,SÃO PAULO,355030854A,SP,Vila Maria,"-23,502","-46,591",2025-01-24 21:50:00,0.59,4,21,2025-01-24
367682,SÃO PAULO,355030854A,SP,Vila Maria,"-23,502","-46,591",2025-01-24 22:00:00,0.59,4,22,2025-01-24
367683,SÃO PAULO,355030854A,SP,Vila Maria,"-23,502","-46,591",2025-01-24 22:10:00,0.59,4,22,2025-01-24
367684,SÃO PAULO,355030854A,SP,Vila Maria,"-23,502","-46,591",2025-01-24 22:20:00,0.59,4,22,2025-01-24
367685,SÃO PAULO,355030854A,SP,Vila Maria,"-23,502","-46,591",2025-01-24 22:30:00,0.59,4,22,2025-01-24
367686,SÃO PAULO,355030854A,SP,Vila Maria,"-23,502","-46,591",2025-01-24 22:40:00,0.59,4,22,2025-01-24
367687,SÃO PAULO,355030854A,SP,Vila Maria,"-23,502","-46,591",2025-01-24 22:50:00,0.59,4,22,2025-01-24
367688,SÃO PAULO,355030854A,SP,Vila Maria,"-23,502","-46,591",2025-01-24 23:00:00,0.59,4,23,2025-01-24
367689,SÃO PAULO,355030854A,SP,Vila Maria,"-23,502","-46,591",2025-01-24 23:10:00,0.39,4,23,2025-01-24
367690,SÃO PAULO,355030854A,SP,Vila Maria,"-23,502","-46,591",2025-01-24 23:20:00,0.59,4,23,2025-01-24
367691,SÃO PAULO,355030854A,SP,Vila Maria,"-23,502","-46,591",2025-01-24 23:30:00,0.39,4,23,2025-01-24
367692,SÃO PAULO,355030854A,SP,Vila Maria,"-23,502","-46,591",2025-01-24 23:40:00,0.59,4,23,2025-01-24
367693,SÃO PAULO,355030854A,SP,Vila Maria,"-23,502","-46,591",2025-01-24 23:50:00,0.39,4,23,2025-01-24
367694,SÃO PAULO,355030854A,SP,Vila Maria,"-23,502","-46,591",2025-01-25 00:00:00,0.39,4,0,2025-01-25
367695,SÃO PAULO,355030854A,SP,Vila Maria,"-23,502","-46,591",2025-01-25 00:10:00,0.59,4,0,2025-01-25
367696,SÃO PAULO,355030854A,SP,Vila Maria,"-23,502","-46,591",2025-01-25 00:20:00,0.39,4,0,2025-01-25
367697,SÃO PAULO,355030854A,SP,Vila Maria,"-23,502","-46,591",2025-01-25 00:30:00,0.39,4,0,2025-01-25
367698,SÃO PAULO,355030854A,SP,Vila Maria,"-23,502","-46,591",2025-01-25 00:40:00,0.39,4,0,2025-01-25
367699,SÃO PAULO,355030854A,SP,Vila Maria,"-23,502","-46,591",2025-01-25 00:50:00,0.39,4,0,2025-01-25
367700,SÃO PAULO,355030854A,SP,Vila Maria,"-23,502","-46,591",2025-01-25 01:00:00,0.39,4,1,2025-01-25
367701,SÃO PAULO,355030854A,SP,Vila Maria,"-23,502","-46,591",2025-01-25 01:10:00,0.39,4,1,2025-01-25
367702,SÃO PAULO,355030854A,SP,Vila Maria,"-23,502","-46,591",2025-01-25 01:20:00,0.39,4,1,2025-01-25
367703,SÃO PAULO,355030854A,SP,Vila Maria,"-23,502","-46,591",2025-01-25 01:30:00,0.39,4,1,2025-01-25
367704,SÃO PAULO,355030854A,SP,Vila Maria,"-23,502","-46,591",2025-01-25 01:40:00,0.39,4,1,2025-01-25
367705,SÃO PAULO,355030854A,SP,Vila Maria,"-23,502","-46,591",2025-01-25 01:50:00,0.39,4,1,2025-01-25
367706,SÃO PAULO,355030854A,SP,Vila Maria,"-23,502","-46,591",2025-01-25 02:00:00,0.59,4,2,2025-01-25
367707,SÃO PAULO,355030854A,SP,Vila Maria,"-23,502","-46,591",2025-01-25 02:10:00,0.39,4,2,2025-01-25
367708,SÃO PAULO,355030854A,SP,Vila Maria,"-23,502","-46,591",2025-01-25 02:20:00,0.59,4,2,2025-01-25
367709,SÃO PAULO,355030854A,SP,Vila Maria,"-23,502","-46,591",2025-01-25 02:30:00,0.39,4,2,2025-01-25
367710,SÃO PAULO,355030854A,SP,Vila Maria,"-23,502","-46,591",2025-01-25 02:40:00,0.39,4,2,2025-01-25
367711,SÃO PAULO,355030854A,SP,Vila Maria,"-23,502","-46,591",2025-01-25 02:50:00,0.39,4,2,2025-01-25
367712,SÃO PAULO,355030854A,SP,Vila Maria,"-23,502","-46,591",2025-01-25 03:00:00,0.39,4,3,2025-01-25
367713,SÃO PAULO,355030854A,SP,Vila Maria,"-23,502","-46,591",2025-01-25 03:10:00,0.39,4,3,2025-01-25
367714,SÃO PAULO,355030854A,SP,Vila Maria,"-23,502","-46,591",2025-01-25 03:20:00,0.39,4,3,2025-01-25
367715,SÃO PAULO,355030854A,SP,Vila Maria,"-23,502","-46,591",2025-01-25 03:30:00,0.39,4,3,2025-01-25
367716,SÃO PAULO,355030854A,SP,Vila Maria,"-23,502","-46,591",2025-01-25 03:40:00,0.39,4,3,2025-01-25
367717,SÃO PAULO,355030854A,SP,Vila Maria,"-23,502","-46,591",2025-01-25 03:50:00,0.59,4,3,2025-01-25
367718,SÃO PAULO,355030854A,SP,Vila Maria,"-23,502","-46,591",2025-01-25 04:00:00,0.39,4,4,2025-01-25
367719,SÃO PAULO,355030854A,SP,Vila Maria,"-23,502","-46,591",2025-01-25 04:10:00,0.39,4,4,2025-01-25
367720,SÃO PAULO,355030854A,SP,Vila Maria,"-23,502","-46,591",2025-01-25 04:20:00,0.59,4,4,2025-01-25
367721,SÃO PAULO,355030854A,SP,Vila Maria,"-23,502","-46,591",2025-01-25 04:30:00,0.39,4,4,2025-01-25
367722,SÃO PAULO,355030854A,SP,Vila Maria,"-23,502","-46,591",2025-01-25 04:40:00,0.39,4,4,2025-01-25
367723,SÃO PAULO,355030854A,SP,Vila Maria,"-23,502","-46,591",2025-01-25 04:50:00,0.39,4,4,2025-01-25
367724,SÃO PAULO,355030854A,SP,Vila Maria,"-23,502","-46,591",2025-01-25 05:00:00,0.59,4,5,2025-01-25
367725,SÃO PAULO,355030854A,SP,Vila Maria,"-23,502","-46,591",2025-01-25 05:10:00,0.39,4,5,2025-01-25
367726,SÃO PAULO,355030854A,SP,Vila Maria,"-23,502","-46,591",2025-01-25 05:20:00,0.39,4,5,2025-01-25
367727,SÃO PAULO,355030854A,SP,Vila Maria,"-23,502","-46,591",2025-01-25 05:30:00,0.39,4,5,2025-01-25
367728,SÃO PAULO,355030854A,SP,Vila Maria,"-23,502","-46,591",2025-01-25 05:40:00,0.39,4,5,2025-01-25
367729,SÃO PAULO,355030854A,SP,Vila Maria,"-23,502","-46,591",2025-01-25 05:50:00,0.39,4,5,2025-01-25
367730,SÃO PAULO,355030854A,SP,Vila Maria,"-23,502","-46,591",2025-01-25 06:00:00,0.39,4,6,2025-01-25
367731,SÃO PAULO,355030854A,SP,Vila Maria,"-23,502","-46,591",2025-01-25 06:10:00,0.39,4,6,2025-01-25
367732,SÃO PAULO,355030854A,SP,Vila Maria,"-23,502","-46,591",2025-01-25 06:20:00,0.39,4,6,2025-01-25
367733,SÃO PAULO,355030854A,SP,Vila Maria,"-23,502","-46,591",2025-01-25 06:30:00,0.39,4,6,2025-01-25
367734,SÃO PAULO,355030854A,SP,Vila Maria,"-23,502","-46,591",2025-01-25 06:40:00,0.39,4,6,2025-01-25
367735,SÃO PAULO,355030854A,SP,Vila Maria,"-23,502","-46,591",2025-01-25 06:50:00,0.39,4,6,2025-01-25
367736,SÃO PAULO,355030854A,SP,Vila Maria,"-23,502","-46,591",2025-01-25 07:00:00,0.39,4,7,2025-01-25
367737,SÃO PAULO,355030854A,SP,Vila Maria,"-23,502","-46,591",2025-01-25 07:10:00,0.2,4,7,2025-01-25
367738,SÃO PAULO,355030854A,SP,Vila Maria,"-23,502","-46,591",2025-01-25 07:20:00,0.39,4,7,2025-01-25
367739,SÃO PAULO,355030854A,SP,Vila Maria,"-23,502","-46,591",2025-01-25 07:30:00,0.39,4,7,2025-01-25
367740,SÃO PAULO,355030854A,SP,Vila Maria,"-23,502","-46,591",2025-01-25 07:40:00,0.2,4,7,2025-01-25
367741,SÃO PAULO,355030854A,SP,Vila Maria,"-23,502","-46,591",2025-01-25 07:50:00,0.39,4,7,2025-01-25
367742,SÃO PAULO,355030854A,SP,Vila Maria,"-23,502","-46,591",2025-01-25 08:00:00,0.39,4,8,2025-01-25
367743,SÃO PAULO,355030854A,SP,Vila Maria,"-23,502","-46,591",2025-01-25 08:10:00,0.39,4,8,2025-01-25
367744,SÃO PAULO,355030854A,SP,Vila Maria,"-23,502","-46,591",2025-01-25 08:20:00,0.39,4,8,2025-01-25
367745,SÃO PAULO,355030854A,SP,Vila Maria,"-23,502","-46,591",2025-01-25 08:30:00,0.59,4,8,2025-01-25
367746,SÃO PAULO,355030854A,SP,Vila Maria,"-23,502","-46,591",2025-01-25 08:40:00,0.39,4,8,2025-01-25
367747,SÃO PAULO,355030854A,SP,Vila Maria,"-23,502","-46,591",2025-01-25 08:50:00,0.39,4,8,2025-01-25
367748,SÃO PAULO,355030854A,SP,Vila Maria,"-23,502","-46,591",2025-01-25 09:00:00,0.39,4,9,2025-01-25
367749,SÃO PAULO,355030854A,SP,Vila Maria,"-23,502","-46,591",2025-01-25 09:10:00,0.39,4,9,2025-01-25
367750,SÃO PAULO,355030854A,SP,Vila Maria,"-23,502","-46,591",2025-01-25 09:20:00,0.59,4,9,2025-01-25
367751,SÃO PAULO,355030854A,SP,Vila Maria,"-23,502","-46,591",2025-01-25 09:30:00,0.39,4,9,2025-01-25
367752,SÃO PAULO,355030854A,SP,Vila Maria,"-23,502","-46,591",2025-01-25 09:40:00,0.2,4,9,2025-01-25
367753,SÃO PAULO,355030854A,SP,Vila Maria,"-23,502","-46,591",2025-01-25 09:50:00,0.39,4,9,2025-01-25
367754,SÃO PAULO,355030854A,SP,Vila Maria,"-23,502","-46,591",2025-01-25 10:00:00,0.39,4,10,2025-01-25
367755,SÃO PAULO,355030854A,SP,Vila Maria,"-23,502","-46,591",2025-01-25 10:10:00,0.39,4,10,2025-01-25
367756,SÃO PAULO,355030854A,SP,Vila Maria,"-23,502","-46,591",2025-01-25 10:20:00,0.39,4,10,2025-01-25
367757,SÃO PAULO,355030854A,SP,Vila Maria,"-23,502","-46,591",2025-01-25 10:30:00,0.39,4,10,2025-01-25
367758,SÃO PAULO,355030854A,SP,Vila Maria,"-23,502","-46,591",2025-01-25 10:40:00,0.39,4,10,2025-01-25
367759,SÃO PAULO,355030854A,SP,Vila Maria,"-23,502","-46,591",2025-01-25 10:50:00,0.2,4,10,2025-01-25
367760,SÃO PAULO,355030854A,SP,Vila Maria,"-23,502","-46,591",2025-01-25 11:00:00,0.39,4,11,2025-01-25
367761,SÃO PAULO,355030854A,SP,Vila Maria,"-23,502","-46,591",2025-01-25 11:10:00,0.39,4,11,2025-01-25
367762,SÃO PAULO,355030854A,SP,Vila Maria,"-23,502","-46,591",2025-01-25 11:20:00,0.2,4,11,2025-01-25
367763,SÃO PAULO,355030854A,SP,Vila Maria,"-23,502","-46,591",2025-01-25 11:30:00,0.39,4,11,2025-01-25
367764,SÃO PAULO,355030854A,SP,Vila Maria,"-23,502","-46,591",2025-01-25 11:40:00,0.2,4,11,2025-01-25
367765,SÃO PAULO,355030854A,SP,Vila Maria,"-23,502","-46,591",2025-01-25 11:50:00,0.39,4,11,2025-01-25
367766,SÃO PAULO,355030854A,SP,Vila Maria,"-23,502","-46,591",2025-01-25 12:00:00,0.2,4,12,2025-01-25
367767,SÃO PAULO,355030854A,SP,Vila Maria,"-23,502","-46,591",2025-01-25 12:10:00,0.39,4,12,2025-01-25
367768,SÃO PAULO,355030854A,SP,Vila Maria,"-23,502","-46,591",2025-01-25 12:20:00,0.2,4,12,2025-01-25
367769,SÃO PAULO,355030854A,SP,Vila Maria,"-23,502","-46,591",2025-01-25 12:30:00,0.2,4,12,2025-01-25
367770,SÃO PAULO,355030854A,SP,Vila Maria,"-23,502","-46,591",2025-01-25 12:40:00,0.2,4,12,2025-01-25
367771,SÃO PAULO,355030854A,SP,Vila Maria,"-23,502","-46,591",2025-01-25 12:50:00,0.2,4,12,2025-01-25
367772,SÃO PAULO,355030854A,SP,Vila Maria,"-23,502","-46,591",2025-01-25 13:00:00,0.39,4,13,2025-01-25
367773,SÃO PAULO,355030854A,SP,Vila Maria,"-23,502","-46,591",2025-01-25 13:10:00,0.2,4,13,2025-01-25
367774,SÃO PAULO,355030854A,SP,Vila Maria,"-23,502","-46,591",2025-01-25 13:20:00,0.2,4,13,2025-01-25
367775,SÃO PAULO,355030854A,SP,Vila Maria,"-23,502","-46,591",2025-01-25 13:40:00,0.2,4,13,2025-01-25
367776,SÃO PAULO,355030854A,SP,Vila Maria,"-23,502","-46,591",2025-01-25 13:50:00,0.2,4,13,2025-01-25
367777,SÃO PAULO,355030854A,SP,Vila Maria,"-23,502","-46,591",2025-01-25 14:00:00,0.2,4,14,2025-01-25
367778,SÃO PAULO,355030854A,SP,Vila Maria,"-23,502","-46,591",2025-01-25 14:10:00,0.0,4,14,2025-01-25
367779,SÃO PAULO,355030854A,SP,Vila Maria,"-23,502","-46,591",2025-01-25 14:20:00,0.2,4,14,2025-01-25
367780,SÃO PAULO,355030854A,SP,Vila Maria,"-23,502","-46,591",2025-01-25 14:30:00,0.2,4,14,2025-01-25
367781,SÃO PAULO,355030854A,SP,Vila Maria,"-23,502","-46,591",2025-01-25 14:40:00,0.2,4,14,2025-01-25
367782,SÃO PAULO,355030854A,SP,Vila Maria,"-23,502","-46,591",2025-01-25 15:00:00,0.2,4,15,2025-01-25
367783,SÃO PAULO,355030854A,SP,Vila Maria,"-23,502","-46,591",2025-01-25 15:20:00,0.2,4,15,2025-01-25
367784,SÃO PAULO,355030854A,SP,Vila Maria,"-23,502","-46,591",2025-01-25 15:30:00,0.2,4,15,2025-01-25
367785,SÃO PAULO,355030854A,SP,Vila Maria,"-23,502","-46,591",2025-01-25 15:50:00,0.2,4,15,2025-01-25
367786,SÃO PAULO,355030854A,SP,Vila Maria,"-23,502","-46,591",2025-01-25 16:00:00,0.2,4,16,2025-01-25
367787,SÃO PAULO,355030854A,SP,Vila Maria,"-23,502","-46,591",2025-01-25 16:10:00,0.2,4,16,2025-01-25
367788,SÃO PAULO,355030854A,SP,Vila Maria,"-23,502","-46,591",2025-01-25 16:30:00,0.2,4,16,2025-01-25
367789,SÃO PAULO,355030854A,SP,Vila Maria,"-23,502","-46,591",2025-01-25 16:40:00,0.2,4,16,2025-01-25
367790,SÃO PAULO,355030854A,SP,Vila Maria,"-23,502","-46,591",2025-01-25 16:50:00,0.2,4,16,2025-01-25
367791,SÃO PAULO,355030854A,SP,Vila Maria,"-23,502","-46,591",2025-01-25 17:10:00,0.2,4,17,2025-01-25
367792,SÃO PAULO,355030854A,SP,Vila Maria,"-23,502","-46,591",2025-01-25 17:20:00,0.2,4,17,2025-01-25
367793,SÃO PAULO,355030854A,SP,Vila Maria,"-23,502","-46,591",2025-01-25 17:30:00,0.2,4,17,2025-01-25
367794,SÃO PAULO,355030854A,SP,Vila Maria,"-23,502","-46,591",2025-01-25 17:50:00,0.2,4,17,2025-01-25
367795,SÃO PAULO,355030854A,SP,Vila Maria,"-23,502","-46,591",2025-01-25 18:00:00,0.2,4,18,2025-01-25
367796,SÃO PAULO,355030854A,SP,Vila Maria,"-23,502","-46,591",2025-01-25 18:10:00,0.2,4,18,2025-01-25
367797,SÃO PAULO,355030854A,SP,Vila Maria,"-23,502","-46,591",2025-01-25 18:20:00,0.2,4,18,2025-01-25
367798,SÃO PAULO,355030854A,SP,Vila Maria,"-23,502","-46,591",2025-01-25 18:30:00,0.2,4,18,2025-01-25
367799,SÃO PAULO,355030854A,SP,Vila Maria,"-23,502","-46,591",2025-01-25 18:40:00,0.2,4,18,2025-01-25
367800,SÃO PAULO,355030854A,SP,Vila Maria,"-23,502","-46,591",2025-01-25 18:50:00,0.2,4,18,2025-01-25
367801,SÃO PAULO,355030854A,SP,Vila Maria,"-23,502","-46,591",2025-01-25 19:00:00,0.2,4,19,2025-01-25
367802,SÃO PAULO,355030854A,SP,Vila Maria,"-23,502","-46,591",2025-01-25 19:10:00,0.2,4,19,2025-01-25
367803,SÃO PAULO,355030854A,SP,Vila Maria,"-23,502","-46,591",2025-01-25 19:20:00,0.2,4,19,2025-01-25
367804,SÃO PAULO,355030854A,SP,Vila Maria,"-23,502","-46,591",2025-01-25 19:30:00,0.2,4,19,2025-01-25
367805,SÃO PAULO,355030854A,SP,Vila Maria,"-23,502","-46,591",2025-01-25 19:40:00,0.2,4,19,2025-01-25
367806,SÃO PAULO,355030854A,SP,Vila Maria,"-23,502","-46,591",2025-01-25 19:50:00,0.2,4,19,2025-01-25
367807,SÃO PAULO,355030854A,SP,Vila Maria,"-23,502","-46,591",2025-01-25 20:10:00,0.2,4,20,2025-01-25
367808,SÃO PAULO,355030854A,SP,Vila Maria,"-23,502","-46,591",2025-01-25 20:20:00,0.2,4,20,2025-01-25
367809,SÃO PAULO,355030854A,SP,Vila Maria,"-23,502","-46,591",2025-01-25 20:30:00,0.2,4,20,2025-01-25
367810,SÃO PAULO,355030854A,SP,Vila Maria,"-23,502","-46,591",2025-01-25 20:40:00,0.2,4,20,2025-01-25
367811,SÃO PAULO,355030854A,SP,Vila Maria,"-23,502","-46,591",2025-01-25 21:00:00,0.2,4,21,2025-01-25
367812,SÃO PAULO,355030854A,SP,Vila Maria,"-23,502","-46,591",2025-01-25 21:10:00,0.2,4,21,2025-01-25
367813,SÃO PAULO,355030854A,SP,Vila Maria,"-23,502","-46,591",2025-01-25 21:20:00,0.2,4,21,2025-01-25
367814,SÃO PAULO,355030854A,SP,Vila Maria,"-23,502","-46,591",2025-01-25 21:30:00,0.2,4,21,2025-01-25
367815,SÃO PAULO,355030854A,SP,Vila Maria,"-23,502","-46,591",2025-01-25 21:50:00,0.2,4,21,2025-01-25
367816,SÃO PAULO,355030854A,SP,Vila Maria,"-23,502","-46,591",2025-01-25 22:00:00,0.2,4,22,2025-01-25
367817,SÃO PAULO,355030854A,SP,Vila Maria,"-23,502","-46,591",2025-01-25 22:10:00,0.0,4,22,2025-01-25
367818,SÃO PAULO,355030854A,SP,Vila Maria,"-23,502","-46,591",2025-01-25 22:20:00,0.2,4,22,2025-01-25
367819,SÃO PAULO,355030854A,SP,Vila Maria,"-23,502","-46,591",2025-01-25 22:30:00,0.2,4,22,2025-01-25
367820,SÃO PAULO,355030854A,SP,Vila Maria,"-23,502","-46,591",2025-01-25 22:50:00,0.2,4,22,2025-01-25
367821,SÃO PAULO,355030854A,SP,Vila Maria,"-23,502","-46,591",2025-01-25 23:10:00,0.2,4,23,2025-01-25
367822,SÃO PAULO,355030854A,SP,Vila Maria,"-23,502","-46,591",2025-01-25 23:40:00,0.2,4,23,2025-01-25
367823,SÃO PAULO,355030854A,SP,Vila Maria,"-23,502","-46,591",2025-01-26 00:00:00,0.2,4,0,2025-01-26
367824,SÃO PAULO,355030854A,SP,Vila Maria,"-23,502","-46,591",2025-01-26 00:10:00,0.0,4,0,2025-01-26
367825,SÃO PAULO,355030854A,SP,Vila Maria,"-23,502","-46,591",2025-01-26 00:20:00,0.2,4,0,2025-01-26
367826,SÃO PAULO,355030854A,SP,Vila Maria,"-23,502","-46,591",2025-01-26 00:40:00,0.2,4,0,2025-01-26
367827,SÃO PAULO,355030854A,SP,Vila Maria,"-23,502","-46,591",2025-01-26 01:10:00,0.2,4,1,2025-01-26
367828,SÃO PAULO,355030854A,SP,Vila Maria,"-23,502","-46,591",2025-01-26 01:40:00,0.2,4,1,2025-01-26
367829,SÃO PAULO,355030854A,SP,Vila Maria,"-23,502","-46,591",2025-01-26 02:00:00,0.2,4,2,2025-01-26
367830,SÃO PAULO,355030854A,SP,Vila Maria,"-23,502","-46,591",2025-01-26 02:10:00,0.0,4,2,2025-01-26
367831,SÃO PAULO,355030854A,SP,Vila Maria,"-23,502","-46,591",2025-01-26 02:30:00,0.2,4,2,2025-01-26
367832,SÃO PAULO,355030854A,SP,Vila Maria,"-23,502","-46,591",2025-01-26 03:00:00,0.2,4,3,2025-01-26
367833,SÃO PAULO,355030854A,SP,Vila Maria,"-23,502","-46,591",2025-01-26 03:10:00,0.0,4,3,2025-01-26
367834,SÃO PAULO,355030854A,SP,Vila Maria,"-23,502","-46,591",2025-01-26 03:20:00,0.2,4,3,2025-01-26
367835,SÃO PAULO,355030854A,SP,Vila Maria,"-23,502","-46,591",2025-01-26 03:50:00,0.2,4,3,2025-01-26
367836,SÃO PAULO,355030854A,SP,Vila Maria,"-23,502","-46,591",2025-01-26 04:10:00,0.2,4,4,2025-01-26
367837,SÃO PAULO,355030854A,SP,Vila Maria,"-23,502","-46,591",2025-01-26 04:30:00,0.2,4,4,2025-01-26
367838,SÃO PAULO,355030854A,SP,Vila Maria,"-23,502","-46,591",2025-01-26 04:50:00,0.2,4,4,2025-01-26
367839,SÃO PAULO,355030854A,SP,Vila Maria,"-23,502","-46,591",2025-01-26 05:10:00,0.2,4,5,2025-01-26
367840,SÃO PAULO,355030854A,SP,Vila Maria,"-23,502","-46,591",2025-01-26 05:40:00,0.2,4,5,2025-01-26
367841,SÃO PAULO,355030854A,SP,Vila Maria,"-23,502","-46,591",2025-01-26 06:00:00,0.2,4,6,2025-01-26
367842,SÃO PAULO,355030854A,SP,Vila Maria,"-23,502","-46,591",2025-01-26 06:10:00,0.0,4,6,2025-01-26
367843,SÃO PAULO,355030854A,SP,Vila Maria,"-23,502","-46,591",2025-01-26 06:20:00,0.2,4,6,2025-01-26
367844,SÃO PAULO,355030854A,SP,Vila Maria,"-23,502","-46,591",2025-01-26 06:40:00,0.2,4,6,2025-01-26
367845,SÃO PAULO,355030854A,SP,Vila Maria,"-23,502","-46,591",2025-01-26 07:00:00,0.2,4,7,2025-01-26
367846,SÃO PAULO,355030854A,SP,Vila Maria,"-23,502","-46,591",2025-01-26 07:10:00,0.0,4,7,2025-01-26
367847,SÃO PAULO,355030854A,SP,Vila Maria,"-23,502","-46,591",2025-01-26 07:20:00,0.2,4,7,2025-01-26
367848,SÃO PAULO,355030854A,SP,Vila Maria,"-23,502","-46,591",2025-01-26 07:30:00,0.2,4,7,2025-01-26
367849,SÃO PAULO,355030854A,SP,Vila Maria,"-23,502","-46,591",2025-01-26 07:50:00,0.2,4,7,2025-01-26
367850,SÃO PAULO,355030854A,SP,Vila Maria,"-23,502","-46,591",2025-01-26 08:10:00,0.2,4,8,2025-01-26
367851,SÃO PAULO,355030854A,SP,Vila Maria,"-23,502","-46,591",2025-01-26 08:40:00,0.2,4,8,2025-01-26
367852,SÃO PAULO,355030854A,SP,Vila Maria,"-23,502","-46,591",2025-01-26 09:00:00,0.2,4,9,2025-01-26
367853,SÃO PAULO,355030854A,SP,Vila Maria,"-23,502","-46,591",2025-01-26 09:10:00,0.0,4,9,2025-01-26
367854,SÃO PAULO,355030854A,SP,Vila Maria,"-23,502","-46,591",2025-01-26 09:30:00,0.2,4,9,2025-01-26
367855,SÃO PAULO,355030854A,SP,Vila Maria,"-23,502","-46,591",2025-01-26 09:50:00,0.2,4,9,2025-01-26
367856,SÃO PAULO,355030854A,SP,Vila Maria,"-23,502","-46,591",2025-01-26 10:10:00,0.0,4,10,2025-01-26
367857,SÃO PAULO,355030854A,SP,Vila Maria,"-23,502","-46,591",2025-01-26 10:20:00,0.2,4,10,2025-01-26
367858,SÃO PAULO,355030854A,SP,Vila Maria,"-23,502","-46,591",2025-01-26 10:50:00,0.2,4,10,2025-01-26
367859,SÃO PAULO,355030854A,SP,Vila Maria,"-23,502","-46,591",2025-01-26 11:10:00,0.0,4,11,2025-01-26
367860,SÃO PAULO,355030854A,SP,Vila Maria,"-23,502","-46,591",2025-01-26 11:20:00,0.2,4,11,2025-01-26
367861,SÃO PAULO,355030854A,SP,Vila Maria,"-23,502","-46,591",2025-01-26 11:50:00,0.2,4,11,2025-01-26
367862,SÃO PAULO,355030854A,SP,Vila Maria,"-23,502","-46,591",2025-01-26 12:10:00,0.2,4,12,2025-01-26
367863,SÃO PAULO,355030854A,SP,Vila Maria,"-23,502","-46,591",2025-01-26 12:40:00,0.2,4,12,2025-01-26
367864,SÃO PAULO,355030854A,SP,Vila Maria,"-23,502","-46,591",2025-01-26 13:00:00,0.2,4,13,2025-01-26
367865,SÃO PAULO,355030854A,SP,Vila Maria,"-23,502","-46,591",2025-01-26 13:10:00,0.0,4,13,2025-01-26
367866,SÃO PAULO,355030854A,SP,Vila Maria,"-23,502","-46,591",2025-01-26 13:30:00,0.2,4,13,2025-01-26
367867,SÃO PAULO,355030854A,SP,Vila Maria,"-23,502","-46,591",2025-01-26 14:00:00,0.2,4,14,2025-01-26
367868,SÃO PAULO,355030854A,SP,Vila Maria,"-23,502","-46,591",2025-01-26 14:20:00,0.2,4,14,2025-01-26
367869,SÃO PAULO,355030854A,SP,Vila Maria,"-23,502","-46,591",2025-01-26 14:50:00,0.2,4,14,2025-01-26
367870,SÃO PAULO,355030854A,SP,Vila Maria,"-23,502","-46,591",2025-01-26 15:10:00,0.0,4,15,2025-01-26
367871,SÃO PAULO,355030854A,SP,Vila Maria,"-23,502","-46,591",2025-01-26 15:30:00,0.2,4,15,2025-01-26
367872,SÃO PAULO,355030854A,SP,Vila Maria,"-23,502","-46,591",2025-01-26 16:00:00,0.2,4,16,2025-01-26
367873,SÃO PAULO,355030854A,SP,Vila Maria,"-23,502","-46,591",2025-01-26 16:10:00,0.0,4,16,2025-01-26
367874,SÃO PAULO,355030854A,SP,Vila Maria,"-23,502","-46,591",2025-01-26 16:40:00,0.2,4,16,2025-01-26
367875,SÃO PAULO,355030854A,SP,Vila Maria,"-23,502","-46,591",2025-01-26 17:10:00,0.0,4,17,2025-01-26
367876,SÃO PAULO,355030854A,SP,Vila Maria,"-23,502","-46,591",2025-01-26 17:20:00,0.2,4,17,2025-01-26
367877,SÃO PAULO,355030854A,SP,Vila Maria,"-23,502","-46,591",2025-01-26 18:00:00,0.2,4,18,2025-01-26
367878,SÃO PAULO,355030854A,SP,Vila Maria,"-23,502","-46,591",2025-01-26 18:10:00,0.0,4,18,2025-01-26
367879,SÃO PAULO,355030854A,SP,Vila Maria,"-23,502","-46,591",2025-01-26 18:40:00,0.2,4,18,2025-01-26
367880,SÃO PAULO,355030854A,SP,Vila Maria,"-23,502","-46,591",2025-01-26 19:10:00,0.0,4,19,2025-01-26
367881,SÃO PAULO,355030854A,SP,Vila Maria,"-23,502","-46,591",2025-01-26 19:20:00,0.2,4,19,2025-01-26
367882,SÃO PAULO,355030854A,SP,Vila Maria,"-23,502","-46,591",2025-01-26 20:00:00,0.2,4,20,2025-01-26
367883,SÃO PAULO,355030854A,SP,Vila Maria,"-23,502","-46,591",2025-01-26 20:10:00,0.0,4,20,2025-01-26
367884,SÃO PAULO,355030854A,SP,Vila Maria,"-23,502","-46,591",2025-01-26 20:40:00,0.2,4,20,2025-01-26
367885,SÃO PAULO,355030854A,SP,Vila Maria,"-23,502","-46,591",2025-01-26 21:10:00,0.0,4,21,2025-01-26
367886,SÃO PAULO,355030854A,SP,Vila Maria,"-23,502","-46,591",2025-01-26 21:20:00,0.2,4,21,2025-01-26
367887,SÃO PAULO,355030854A,SP,Vila Maria,"-23,502","-46,591",2025-01-26 21:50:00,0.2,4,21,2025-01-26
367888,SÃO PAULO,355030854A,SP,Vila Maria,"-23,502","-46,591",2025-01-26 22:10:00,0.0,4,22,2025-01-26
367889,SÃO PAULO,355030854A,SP,Vila Maria,"-23,502","-46,591",2025-01-26 22:20:00,0.2,4,22,2025-01-26
367890,SÃO PAULO,355030854A,SP,Vila Maria,"-23,502","-46,591",2025-01-26 22:50:00,0.2,4,22,2025-01-26
367891,SÃO PAULO,355030854A,SP,Vila Maria,"-23,502","-46,591",2025-01-26 23:10:00,0.0,4,23,2025-01-26
367892,SÃO PAULO,355030854A,SP,Vila Maria,"-23,502","-46,591",2025-01-26 23:20:00,0.2,4,23,2025-01-26
367893,SÃO PAULO,355030854A,SP,Vila Maria,"-23,502","-46,591",2025-01-26 23:40:00,0.2,4,23,2025-01-26
367894,SÃO PAULO,355030854A,SP,Vila Maria,"-23,502","-46,591",2025-01-27 00:00:00,0.2,5,0,2025-01-27
367895,SÃO PAULO,355030854A,SP,Vila Maria,"-23,502","-46,591",2025-01-27 00:20:00,0.0,5,0,2025-01-27
367896,SÃO PAULO,355030854A,SP,Vila Maria,"-23,502","-46,591",2025-01-27 00:30:00,0.2,5,0,2025-01-27
367897,SÃO PAULO,355030854A,SP,Vila Maria,"-23,502","-46,591",2025-01-27 00:50:00,0.2,5,0,2025-01-27
367898,SÃO PAULO,355030854A,SP,Vila Maria,"-23,502","-46,591",2025-01-27 01:10:00,0.2,5,1,2025-01-27
367899,SÃO PAULO,355030854A,SP,Vila Maria,"-23,502","-46,591",2025-01-27 01:30:00,0.2,5,1,2025-01-27
367900,SÃO PAULO,355030854A,SP,Vila Maria,"-23,502","-46,591",2025-01-27 01:40:00,0.2,5,1,2025-01-27
367901,SÃO PAULO,355030854A,SP,Vila Maria,"-23,502","-46,591",2025-01-27 02:00:00,0.2,5,2,2025-01-27
367902,SÃO PAULO,355030854A,SP,Vila Maria,"-23,502","-46,591",2025-01-27 02:10:00,0.2,5,2,2025-01-27
367903,SÃO PAULO,355030854A,SP,Vila Maria,"-23,502","-46,591",2025-01-27 02:30:00,0.2,5,2,2025-01-27
367904,SÃO PAULO,355030854A,SP,Vila Maria,"-23,502","-46,591",2025-01-27 02:40:00,0.2,5,2,2025-01-27
367905,SÃO PAULO,355030854A,SP,Vila Maria,"-23,502","-46,591",2025-01-27 03:00:00,0.2,5,3,2025-01-27
367906,SÃO PAULO,355030854A,SP,Vila Maria,"-23,502","-46,591",2025-01-27 03:30:00,0.2,5,3,2025-01-27
367907,SÃO PAULO,355030854A,SP,Vila Maria,"-23,502","-46,591",2025-01-27 03:40:00,0.2,5,3,2025-01-27
367908,SÃO PAULO,355030854A,SP,Vila Maria,"-23,502","-46,591",2025-01-27 04:00:00,0.2,5,4,2025-01-27
367909,SÃO PAULO,355030854A,SP,Vila Maria,"-23,502","-46,591",2025-01-27 04:10:00,0.0,5,4,2025-01-27
367910,SÃO PAULO,355030854A,SP,Vila Maria,"-23,502","-46,591",2025-01-27 04:20:00,0.2,5,4,2025-01-27
367911,SÃO PAULO,355030854A,SP,Vila Maria,"-23,502","-46,591",2025-01-27 04:40:00,0.2,5,4,2025-01-27
367912,SÃO PAULO,355030854A,SP,Vila Maria,"-23,502","-46,591",2025-01-27 04:50:00,0.2,5,4,2025-01-27
367913,SÃO PAULO,355030854A,SP,Vila Maria,"-23,502","-46,591",2025-01-27 05:10:00,0.2,5,5,2025-01-27
367914,SÃO PAULO,355030854A,SP,Vila Maria,"-23,502","-46,591",2025-01-27 05:30:00,0.2,5,5,2025-01-27
367915,SÃO PAULO,355030854A,SP,Vila Maria,"-23,502","-46,591",2025-01-27 05:50:00,0.2,5,5,2025-01-27
367916,SÃO PAULO,355030854A,SP,Vila Maria,"-23,502","-46,591",2025-01-27 06:10:00,0.2,5,6,2025-01-27
367917,SÃO PAULO,355030854A,SP,Vila Maria,"-23,502","-46,591",2025-01-27 06:30:00,0.2,5,6,2025-01-27
367918,SÃO PAULO,355030854A,SP,Vila Maria,"-23,502","-46,591",2025-01-27 06:40:00,0.2,5,6,2025-01-27
367919,SÃO PAULO,355030854A,SP,Vila Maria,"-23,502","-46,591",2025-01-27 07:00:00,0.2,5,7,2025-01-27
367920,SÃO PAULO,355030854A,SP,Vila Maria,"-23,502","-46,591",2025-01-27 07:10:00,0.2,5,7,2025-01-27
367921,SÃO PAULO,355030854A,SP,Vila Maria,"-23,502","-46,591",2025-01-27 07:30:00,0.2,5,7,2025-01-27
367922,SÃO PAULO,355030854A,SP,Vila Maria,"-23,502","-46,591",2025-01-27 07:40:00,0.2,5,7,2025-01-27
367923,SÃO PAULO,355030854A,SP,Vila Maria,"-23,502","-46,591",2025-01-27 07:50:00,0.2,5,7,2025-01-27
367924,SÃO PAULO,355030854A,SP,Vila Maria,"-23,502","-46,591",2025-01-27 08:00:00,0.2,5,8,2025-01-27
367925,SÃO PAULO,355030854A,SP,Vila Maria,"-23,502","-46,591",2025-01-27 08:10:00,0.2,5,8,2025-01-27
367926,SÃO PAULO,355030854A,SP,Vila Maria,"-23,502","-46,591",2025-01-27 08:20:00,0.2,5,8,2025-01-27
367927,SÃO PAULO,355030854A,SP,Vila Maria,"-23,502","-46,591",2025-01-27 08:30:00,0.2,5,8,2025-01-27
367928,SÃO PAULO,355030854A,SP,Vila Maria,"-23,502","-46,591",2025-01-27 08:50:00,0.2,5,8,2025-01-27
367929,SÃO PAULO,355030854A,SP,Vila Maria,"-23,502","-46,591",2025-01-27 09:00:00,0.2,5,9,2025-01-27
367930,SÃO PAULO,355030854A,SP,Vila Maria,"-23,502","-46,591",2025-01-27 09:10:00,0.2,5,9,2025-01-27
367931,SÃO PAULO,355030854A,SP,Vila Maria,"-23,502","-46,591",2025-01-27 09:20:00,0.2,5,9,2025-01-27
367932,SÃO PAULO,355030854A,SP,Vila Maria,"-23,502","-46,591",2025-01-27 09:30:00,0.2,5,9,2025-01-27
367933,SÃO PAULO,355030854A,SP,Vila Maria,"-23,502","-46,591",2025-01-27 09:40:00,0.2,5,9,2025-01-27
367934,SÃO PAULO,355030854A,SP,Vila Maria,"-23,502","-46,591",2025-01-27 09:50:00,0.2,5,9,2025-01-27
367935,SÃO PAULO,355030854A,SP,Vila Maria,"-23,502","-46,591",2025-01-27 10:00:00,0.2,5,10,2025-01-27
367936,SÃO PAULO,355030854A,SP,Vila Maria,"-23,502","-46,591",2025-01-27 10:20:00,0.2,5,10,2025-01-27
367937,SÃO PAULO,355030854A,SP,Vila Maria,"-23,502","-46,591",2025-01-27 10:30:00,0.2,5,10,2025-01-27
367938,SÃO PAULO,355030854A,SP,Vila Maria,"-23,502","-46,591",2025-01-27 10:40:00,0.2,5,10,2025-01-27
367939,SÃO PAULO,355030854A,SP,Vila Maria,"-23,502","-46,591",2025-01-27 10:50:00,0.2,5,10,2025-01-27
367940,SÃO PAULO,355030854A,SP,Vila Maria,"-23,502","-46,591",2025-01-27 11:10:00,0.2,5,11,2025-01-27
367941,SÃO PAULO,355030854A,SP,Vila Maria,"-23,502","-46,591",2025-01-27 11:20:00,0.2,5,11,2025-01-27
367942,SÃO PAULO,355030854A,SP,Vila Maria,"-23,502","-46,591",2025-01-27 11:30:00,0.2,5,11,2025-01-27
367943,SÃO PAULO,355030854A,SP,Vila Maria,"-23,502","-46,591",2025-01-27 11:50:00,0.2,5,11,2025-01-27
367944,SÃO PAULO,355030854A,SP,Vila Maria,"-23,502","-46,591",2025-01-27 12:00:00,0.2,5,12,2025-01-27
367945,SÃO PAULO,355030854A,SP,Vila Maria,"-23,502","-46,591",2025-01-27 12:10:00,0.2,5,12,2025-01-27
367946,SÃO PAULO,355030854A,SP,Vila Maria,"-23,502","-46,591",2025-01-27 12:20:00,0.2,5,12,2025-01-27
367947,SÃO PAULO,355030854A,SP,Vila Maria,"-23,502","-46,591",2025-01-27 12:40:00,0.2,5,12,2025-01-27
367948,SÃO PAULO,355030854A,SP,Vila Maria,"-23,502","-46,591",2025-01-27 12:50:00,0.2,5,12,2025-01-27
367949,SÃO PAULO,355030854A,SP,Vila Maria,"-23,502","-46,591",2025-01-27 13:00:00,0.2,5,13,2025-01-27
367950,SÃO PAULO,355030854A,SP,Vila Maria,"-23,502","-46,591",2025-01-27 13:10:00,0.2,5,13,2025-01-27
367951,SÃO PAULO,355030854A,SP,Vila Maria,"-23,502","-46,591",2025-01-27 13:30:00,0.2,5,13,2025-01-27
367952,SÃO PAULO,355030854A,SP,Vila Maria,"-23,502","-46,591",2025-01-27 13:50:00,0.2,5,13,2025-01-27
367953,SÃO PAULO,355030854A,SP,Vila Maria,"-23,502","-46,591",2025-01-27 14:10:00,0.2,5,14,2025-01-27
367954,SÃO PAULO,355030854A,SP,Vila Maria,"-23,502","-46,591",2025-01-27 14:20:00,0.2,5,14,2025-01-27
367955,SÃO PAULO,355030854A,SP,Vila Maria,"-23,502","-46,591",2025-01-27 14:30:00,0.2,5,14,2025-01-27
367956,SÃO PAULO,355030854A,SP,Vila Maria,"-23,502","-46,591",2025-01-27 14:50:00,0.2,5,14,2025-01-27
367957,SÃO PAULO,355030854A,SP,Vila Maria,"-23,502","-46,591",2025-01-27 15:00:00,0.2,5,15,2025-01-27
367958,SÃO PAULO,355030854A,SP,Vila Maria,"-23,502","-46,591",2025-01-27 15:10:00,0.0,5,15,2025-01-27
367959,SÃO PAULO,355030854A,SP,Vila Maria,"-23,502","-46,591",2025-01-27 15:30:00,0.2,5,15,2025-01-27
367960,SÃO PAULO,355030854A,SP,Vila Maria,"-23,502","-46,591",2025-01-27 15:40:00,0.2,5,15,2025-01-27
367961,SÃO PAULO,355030854A,SP,Vila Maria,"-23,502","-46,591",2025-01-27 15:50:00,0.2,5,15,2025-01-27
367962,SÃO PAULO,355030854A,SP,Vila Maria,"-23,502","-46,591",2025-01-27 16:10:00,0.2,5,16,2025-01-27
367963,SÃO PAULO,355030854A,SP,Vila Maria,"-23,502","-46,591",2025-01-27 16:20:00,0.2,5,16,2025-01-27
367964,SÃO PAULO,355030854A,SP,Vila Maria,"-23,502","-46,591",2025-01-27 16:40:00,0.2,5,16,2025-01-27
367965,SÃO PAULO,355030854A,SP,Vila Maria,"-23,502","-46,591",2025-01-27 16:50:00,0.2,5,16,2025-01-27
367966,SÃO PAULO,355030854A,SP,Vila Maria,"-23,502","-46,591",2025-01-27 17:00:00,0.2,5,17,2025-01-27
367967,SÃO PAULO,355030854A,SP,Vila Maria,"-23,502","-46,591",2025-01-27 17:20:00,0.2,5,17,2025-01-27
367968,SÃO PAULO,355030854A,SP,Vila Maria,"-23,502","-46,591",2025-01-27 17:30:00,0.2,5,17,2025-01-27
367969,SÃO PAULO,355030854A,SP,Vila Maria,"-23,502","-46,591",2025-01-27 17:50:00,0.2,5,17,2025-01-27
367970,SÃO PAULO,355030854A,SP,Vila Maria,"-23,502","-46,591",2025-01-27 18:00:00,0.2,5,18,2025-01-27
367971,SÃO PAULO,355030854A,SP,Vila Maria,"-23,502","-46,591",2025-01-27 18:10:00,0.2,5,18,2025-01-27
367972,SÃO PAULO,355030854A,SP,Vila Maria,"-23,502","-46,591",2025-01-27 18:30:00,0.2,5,18,2025-01-27
367973,SÃO PAULO,355030854A,SP,Vila Maria,"-23,502","-46,591",2025-01-27 18:50:00,0.2,5,18,2025-01-27
367974,SÃO PAULO,355030854A,SP,Vila Maria,"-23,502","-46,591",2025-01-27 19:10:00,0.2,5,19,2025-01-27
367975,SÃO PAULO,355030854A,SP,Vila Maria,"-23,502","-46,591",2025-01-27 19:30:00,0.2,5,19,2025-01-27
367976,SÃO PAULO,355030854A,SP,Vila Maria,"-23,502","-46,591",2025-01-27 19:50:00,0.2,5,19,2025-01-27
367977,SÃO PAULO,355030854A,SP,Vila Maria,"-23,502","-46,591",2025-01-27 20:10:00,0.2,5,20,2025-01-27
367978,SÃO PAULO,355030854A,SP,Vila Maria,"-23,502","-46,591",2025-01-27 20:30:00,0.2,5,20,2025-01-27
367979,SÃO PAULO,355030854A,SP,Vila Maria,"-23,502","-46,591",2025-01-27 20:50:00,0.2,5,20,2025-01-27
367980,SÃO PAULO,355030854A,SP,Vila Maria,"-23,502","-46,591",2025-01-27 21:10:00,0.2,5,21,2025-01-27
367981,SÃO PAULO,355030854A,SP,Vila Maria,"-23,502","-46,591",2025-01-27 21:20:00,0.2,5,21,2025-01-27
367982,SÃO PAULO,355030854A,SP,Vila Maria,"-23,502","-46,591",2025-01-27 21:40:00,0.2,5,21,2025-01-27
367983,SÃO PAULO,355030854A,SP,Vila Maria,"-23,502","-46,591",2025-01-27 21:50:00,0.2,5,21,2025-01-27
367984,SÃO PAULO,355030854A,SP,Vila Maria,"-23,502","-46,591",2025-01-27 22:00:00,0.2,5,22,2025-01-27
367985,SÃO PAULO,355030854A,SP,Vila Maria,"-23,502","-46,591",2025-01-27 22:10:00,0.0,5,22,2025-01-27
367986,SÃO PAULO,355030854A,SP,Vila Maria,"-23,502","-46,591",2025-01-27 22:20:00,0.2,5,22,2025-01-27
367987,SÃO PAULO,355030854A,SP,Vila Maria,"-23,502","-46,591",2025-01-27 22:30:00,0.2,5,22,2025-01-27
367988,SÃO PAULO,355030854A,SP,Vila Maria,"-23,502","-46,591",2025-01-27 22:40:00,0.2,5,22,2025-01-27
367989,SÃO PAULO,355030854A,SP,Vila Maria,"-23,502","-46,591",2025-01-27 23:00:00,0.2,5,23,2025-01-27
367990,SÃO PAULO,355030854A,SP,Vila Maria,"-23,502","-46,591",2025-01-27 23:10:00,0.2,5,23,2025-01-27
367991,SÃO PAULO,355030854A,SP,Vila Maria,"-23,502","-46,591",2025-01-27 23:30:00,0.2,5,23,2025-01-27
367992,SÃO PAULO,355030854A,SP,Vila Maria,"-23,502","-46,591",2025-01-27 23:40:00,0.2,5,23,2025-01-27
367993,SÃO PAULO,355030854A,SP,Vila Maria,"-23,502","-46,591",2025-01-28 00:00:00,0.2,5,0,2025-01-28
367994,SÃO PAULO,355030854A,SP,Vila Maria,"-23,502","-46,591",2025-01-28 00:10:00,0.2,5,0,2025-01-28
367995,SÃO PAULO,355030854A,SP,Vila Maria,"-23,502","-46,591",2025-01-28 00:20:00,0.2,5,0,2025-01-28
367996,SÃO PAULO,355030854A,SP,Vila Maria,"-23,502","-46,591",2025-01-28 00:30:00,0.2,5,0,2025-01-28
367997,SÃO PAULO,355030854A,SP,Vila Maria,"-23,502","-46,591",2025-01-28 00:40:00,0.2,5,0,2025-01-28
367998,SÃO PAULO,355030854A,SP,Vila Maria,"-23,502","-46,591",2025-01-28 00:50:00,0.2,5,0,2025-01-28
367999,SÃO PAULO,355030854A,SP,Vila Maria,"-23,502","-46,591",2025-01-28 01:00:00,0.2,5,1,2025-01-28
368000,SÃO PAULO,355030854A,SP,Vila Maria,"-23,502","-46,591",2025-01-28 01:10:00,0.2,5,1,2025-01-28
368001,SÃO PAULO,355030854A,SP,Vila Maria,"-23,502","-46,591",2025-01-28 01:20:00,0.2,5,1,2025-01-28
368002,SÃO PAULO,355030854A,SP,Vila Maria,"-23,502","-46,591",2025-01-28 01:30:00,0.2,5,1,2025-01-28
368003,SÃO PAULO,355030854A,SP,Vila Maria,"-23,502","-46,591",2025-01-28 01:40:00,0.2,5,1,2025-01-28
368004,SÃO PAULO,355030854A,SP,Vila Maria,"-23,502","-46,591",2025-01-28 01:50:00,0.2,5,1,2025-01-28
368005,SÃO PAULO,355030854A,SP,Vila Maria,"-23,502","-46,591",2025-01-28 02:00:00,0.2,5,2,2025-01-28
368006,SÃO PAULO,355030854A,SP,Vila Maria,"-23,502","-46,591",2025-01-28 02:10:00,0.2,5,2,2025-01-28
368007,SÃO PAULO,355030854A,SP,Vila Maria,"-23,502","-46,591",2025-01-28 02:20:00,0.2,5,2,2025-01-28
368008,SÃO PAULO,355030854A,SP,Vila Maria,"-23,502","-46,591",2025-01-28 02:30:00,0.2,5,2,2025-01-28
368009,SÃO PAULO,355030854A,SP,Vila Maria,"-23,502","-46,591",2025-01-28 02:40:00,0.2,5,2,2025-01-28
368010,SÃO PAULO,355030854A,SP,Vila Maria,"-23,502","-46,591",2025-01-28 03:00:00,0.2,5,3,2025-01-28
368011,SÃO PAULO,355030854A,SP,Vila Maria,"-23,502","-46,591",2025-01-28 03:10:00,0.2,5,3,2025-01-28
368012,SÃO PAULO,355030854A,SP,Vila Maria,"-23,502","-46,591",2025-01-28 03:20:00,0.2,5,3,2025-01-28
368013,SÃO PAULO,355030854A,SP,Vila Maria,"-23,502","-46,591",2025-01-28 03:30:00,0.2,5,3,2025-01-28
368014,SÃO PAULO,355030854A,SP,Vila Maria,"-23,502","-46,591",2025-01-28 03:50:00,0.2,5,3,2025-01-28
368015,SÃO PAULO,355030854A,SP,Vila Maria,"-23,502","-46,591",2025-01-28 04:00:00,0.2,5,4,2025-01-28
368016,SÃO PAULO,355030854A,SP,Vila Maria,"-23,502","-46,591",2025-01-28 04:10:00,0.2,5,4,2025-01-28
368017,SÃO PAULO,355030854A,SP,Vila Maria,"-23,502","-46,591",2025-01-28 04:20:00,0.2,5,4,2025-01-28
368018,SÃO PAULO,355030854A,SP,Vila Maria,"-23,502","-46,591",2025-01-28 04:30:00,0.2,5,4,2025-01-28
368019,SÃO PAULO,355030854A,SP,Vila Maria,"-23,502","-46,591",2025-01-28 04:40:00,0.2,5,4,2025-01-28
368020,SÃO PAULO,355030854A,SP,Vila Maria,"-23,502","-46,591",2025-01-28 04:50:00,0.2,5,4,2025-01-28
368021,SÃO PAULO,355030854A,SP,Vila Maria,"-23,502","-46,591",2025-01-28 05:10:00,0.2,5,5,2025-01-28
368022,SÃO PAULO,355030854A,SP,Vila Maria,"-23,502","-46,591",2025-01-28 05:20:00,0.2,5,5,2025-01-28
368023,SÃO PAULO,355030854A,SP,Vila Maria,"-23,502","-46,591",2025-01-28 05:30:00,0.2,5,5,2025-01-28
368024,SÃO PAULO,355030854A,SP,Vila Maria,"-23,502","-46,591",2025-01-28 05:50:00,0.2,5,5,2025-01-28
368025,SÃO PAULO,355030854A,SP,Vila Maria,"-23,502","-46,591",2025-01-28 06:00:00,0.2,5,6,2025-01-28
368026,SÃO PAULO,355030854A,SP,Vila Maria,"-23,502","-46,591",2025-01-28 06:10:00,0.2,5,6,2025-01-28
368027,SÃO PAULO,355030854A,SP,Vila Maria,"-23,502","-46,591",2025-01-28 06:30:00,0.2,5,6,2025-01-28
368028,SÃO PAULO,355030854A,SP,Vila Maria,"-23,502","-46,591",2025-01-28 06:40:00,0.2,5,6,2025-01-28
368029,SÃO PAULO,355030854A,SP,Vila Maria,"-23,502","-46,591",2025-01-28 07:00:00,0.2,5,7,2025-01-28
368030,SÃO PAULO,355030854A,SP,Vila Maria,"-23,502","-46,591",2025-01-28 07:10:00,0.2,5,7,2025-01-28
368031,SÃO PAULO,355030854A,SP,Vila Maria,"-23,502","-46,591",2025-01-28 07:30:00,0.2,5,7,2025-01-28
368032,SÃO PAULO,355030854A,SP,Vila Maria,"-23,502","-46,591",2025-01-28 07:50:00,0.2,5,7,2025-01-28
368033,SÃO PAULO,355030854A,SP,Vila Maria,"-23,502","-46,591",2025-01-28 08:10:00,0.2,5,8,2025-01-28
368034,SÃO PAULO,355030854A,SP,Vila Maria,"-23,502","-46,591",2025-01-28 08:30:00,0.2,5,8,2025-01-28
368035,SÃO PAULO,355030854A,SP,Vila Maria,"-23,502","-46,591",2025-01-28 08:40:00,0.2,5,8,2025-01-28
368036,SÃO PAULO,355030854A,SP,Vila Maria,"-23,502","-46,591",2025-01-28 09:00:00,0.2,5,9,2025-01-28
368037,SÃO PAULO,355030854A,SP,Vila Maria,"-23,502","-46,591",2025-01-28 09:20:00,0.2,5,9,2025-01-28
368038,SÃO PAULO,355030854A,SP,Vila Maria,"-23,502","-46,591",2025-01-28 09:40:00,0.2,5,9,2025-01-28
368039,SÃO PAULO,355030854A,SP,Vila Maria,"-23,502","-46,591",2025-01-28 10:00:00,0.2,5,10,2025-01-28
368040,SÃO PAULO,355030854A,SP,Vila Maria,"-23,502","-46,591",2025-01-28 10:10:00,0.0,5,10,2025-01-28
368041,SÃO PAULO,355030854A,SP,Vila Maria,"-23,502","-46,591",2025-01-28 10:20:00,0.2,5,10,2025-01-28
368042,SÃO PAULO,355030854A,SP,Vila Maria,"-23,502","-46,591",2025-01-28 10:30:00,0.2,5,10,2025-01-28
368043,SÃO PAULO,355030854A,SP,Vila Maria,"-23,502","-46,591",2025-01-28 10:50:00,0.2,5,10,2025-01-28
368044,SÃO PAULO,355030854A,SP,Vila Maria,"-23,502","-46,591",2025-01-28 11:10:00,0.2,5,11,2025-01-28
368045,SÃO PAULO,355030854A,SP,Vila Maria,"-23,502","-46,591",2025-01-28 11:20:00,0.2,5,11,2025-01-28
368046,SÃO PAULO,355030854A,SP,Vila Maria,"-23,502","-46,591",2025-01-28 11:40:00,0.2,5,11,2025-01-28
368047,SÃO PAULO,355030854A,SP,Vila Maria,"-23,502","-46,591",2025-01-28 12:00:00,0.2,5,12,2025-01-28
368048,SÃO PAULO,355030854A,SP,Vila Maria,"-23,502","-46,591",2025-01-28 12:10:00,0.0,5,12,2025-01-28
368049,SÃO PAULO,355030854A,SP,Vila Maria,"-23,502","-46,591",2025-01-28 12:20:00,0.2,5,12,2025-01-28
368050,SÃO PAULO,355030854A,SP,Vila Maria,"-23,502","-46,591",2025-01-28 12:30:00,0.2,5,12,2025-01-28
368051,SÃO PAULO,355030854A,SP,Vila Maria,"-23,502","-46,591",2025-01-28 12:50:00,0.2,5,12,2025-01-28
368052,SÃO PAULO,355030854A,SP,Vila Maria,"-23,502","-46,591",2025-01-28 13:10:00,0.2,5,13,2025-01-28
368053,SÃO PAULO,355030854A,SP,Vila Maria,"-23,502","-46,591",2025-01-28 13:30:00,0.2,5,13,2025-01-28
368054,SÃO PAULO,355030854A,SP,Vila Maria,"-23,502","-46,591",2025-01-28 13:40:00,0.2,5,13,2025-01-28
368055,SÃO PAULO,355030854A,SP,Vila Maria,"-23,502","-46,591",2025-01-28 14:00:00,0.2,5,14,2025-01-28
368056,SÃO PAULO,355030854A,SP,Vila Maria,"-23,502","-46,591",2025-01-28 14:10:00,0.0,5,14,2025-01-28
368057,SÃO PAULO,355030854A,SP,Vila Maria,"-23,502","-46,591",2025-01-28 14:20:00,0.2,5,14,2025-01-28
368058,SÃO PAULO,355030854A,SP,Vila Maria,"-23,502","-46,591",2025-01-28 14:40:00,0.2,5,14,2025-01-28
368059,SÃO PAULO,355030854A,SP,Vila Maria,"-23,502","-46,591",2025-01-28 15:00:00,0.2,5,15,2025-01-28
368060,SÃO PAULO,355030854A,SP,Vila Maria,"-23,502","-46,591",2025-01-28 15:10:00,0.0,5,15,2025-01-28
368061,SÃO PAULO,355030854A,SP,Vila Maria,"-23,502","-46,591",2025-01-28 15:20:00,0.2,5,15,2025-01-28
368062,SÃO PAULO,355030854A,SP,Vila Maria,"-23,502","-46,591",2025-01-28 15:40:00,0.2,5,15,2025-01-28
368063,SÃO PAULO,355030854A,SP,Vila Maria,"-23,502","-46,591",2025-01-28 16:00:00,0.2,5,16,2025-01-28
368064,SÃO PAULO,355030854A,SP,Vila Maria,"-23,502","-46,591",2025-01-28 16:10:00,0.2,5,16,2025-01-28
368065,SÃO PAULO,355030854A,SP,Vila Maria,"-23,502","-46,591",2025-01-28 16:30:00,0.2,5,16,2025-01-28
368066,SÃO PAULO,355030854A,SP,Vila Maria,"-23,502","-46,591",2025-01-28 16:50:00,0.2,5,16,2025-01-28
368067,SÃO PAULO,355030854A,SP,Vila Maria,"-23,502","-46,591",2025-01-28 17:10:00,0.2,5,17,2025-01-28
368068,SÃO PAULO,355030854A,SP,Vila Maria,"-23,502","-46,591",2025-01-28 17:30:00,0.2,5,17,2025-01-28
368069,SÃO PAULO,355030854A,SP,Vila Maria,"-23,502","-46,591",2025-01-28 17:50:00,0.2,5,17,2025-01-28
368070,SÃO PAULO,355030854A,SP,Vila Maria,"-23,502","-46,591",2025-01-28 18:10:00,0.2,5,18,2025-01-28
368071,SÃO PAULO,355030854A,SP,Vila Maria,"-23,502","-46,591",2025-01-28 18:30:00,0.2,5,18,2025-01-28
368072,SÃO PAULO,355030854A,SP,Vila Maria,"-23,502","-46,591",2025-01-28 18:40:00,0.2,5,18,2025-01-28
368073,SÃO PAULO,355030854A,SP,Vila Maria,"-23,502","-46,591",2025-01-28 19:00:00,0.2,5,19,2025-01-28
368074,SÃO PAULO,355030854A,SP,Vila Maria,"-23,502","-46,591",2025-01-28 19:10:00,0.0,5,19,2025-01-28
368075,SÃO PAULO,355030854A,SP,Vila Maria,"-23,502","-46,591",2025-01-28 19:20:00,0.2,5,19,2025-01-28
368076,SÃO PAULO,355030854A,SP,Vila Maria,"-23,502","-46,591",2025-01-28 19:30:00,0.2,5,19,2025-01-28
368077,SÃO PAULO,355030854A,SP,Vila Maria,"-23,502","-46,591",2025-01-28 19:50:00,0.2,5,19,2025-01-28
368078,SÃO PAULO,355030854A,SP,Vila Maria,"-23,502","-46,591",2025-01-28 20:10:00,0.0,5,20,2025-01-28
368079,SÃO PAULO,355030854A,SP,Vila Maria,"-23,502","-46,591",2025-01-28 20:20:00,0.2,5,20,2025-01-28
368080,SÃO PAULO,355030854A,SP,Vila Maria,"-23,502","-46,591",2025-01-28 20:40:00,0.2,5,20,2025-01-28
368081,SÃO PAULO,355030854A,SP,Vila Maria,"-23,502","-46,591",2025-01-28 21:00:00,0.2,5,21,2025-01-28
368082,SÃO PAULO,355030854A,SP,Vila Maria,"-23,502","-46,591",2025-01-28 21:10:00,0.0,5,21,2025-01-28
368083,SÃO PAULO,355030854A,SP,Vila Maria,"-23,502","-46,591",2025-01-28 21:20:00,0.2,5,21,2025-01-28
368084,SÃO PAULO,355030854A,SP,Vila Maria,"-23,502","-46,591",2025-01-28 21:40:00,0.2,5,21,2025-01-28
368085,SÃO PAULO,355030854A,SP,Vila Maria,"-23,502","-46,591",2025-01-28 22:00:00,0.2,5,22,2025-01-28
368086,SÃO PAULO,355030854A,SP,Vila Maria,"-23,502","-46,591",2025-01-28 22:10:00,0.0,5,22,2025-01-28
368087,SÃO PAULO,355030854A,SP,Vila Maria,"-23,502","-46,591",2025-01-28 22:20:00,0.2,5,22,2025-01-28
368088,SÃO PAULO,355030854A,SP,Vila Maria,"-23,502","-46,591",2025-01-28 22:40:00,0.2,5,22,2025-01-28
368089,SÃO PAULO,355030854A,SP,Vila Maria,"-23,502","-46,591",2025-01-28 23:00:00,0.2,5,23,2025-01-28
368090,SÃO PAULO,355030854A,SP,Vila Maria,"-23,502","-46,591",2025-01-28 23:10:00,0.0,5,23,2025-01-28
368091,SÃO PAULO,355030854A,SP,Vila Maria,"-23,502","-46,591",2025-01-28 23:20:00,0.2,5,23,2025-01-28
368092,SÃO PAULO,355030854A,SP,Vila Maria,"-23,502","-46,591",2025-01-28 23:40:00,0.2,5,23,2025-01-28
368093,SÃO PAULO,355030854A,SP,Vila Maria,"-23,502","-46,591",2025-01-29 00:10:00,0.2,5,0,2025-01-29
368094,SÃO PAULO,355030854A,SP,Vila Maria,"-23,502","-46,591",2025-01-29 00:30:00,0.2,5,0,2025-01-29
368095,SÃO PAULO,355030854A,SP,Vila Maria,"-23,502","-46,591",2025-01-29 00:50:00,0.2,5,0,2025-01-29
368096,SÃO PAULO,355030854A,SP,Vila Maria,"-23,502","-46,591",2025-01-29 01:10:00,0.2,5,1,2025-01-29
368097,SÃO PAULO,355030854A,SP,Vila Maria,"-23,502","-46,591",2025-01-29 01:40:00,0.2,5,1,2025-01-29
368098,SÃO PAULO,355030854A,SP,Vila Maria,"-23,502","-46,591",2025-01-29 02:00:00,0.2,5,2,2025-01-29
368099,SÃO PAULO,355030854A,SP,Vila Maria,"-23,502","-46,591",2025-01-29 02:10:00,0.2,5,2,2025-01-29
368100,SÃO PAULO,355030854A,SP,Vila Maria,"-23,502","-46,591",2025-01-29 02:30:00,0.2,5,2,2025-01-29
368101,SÃO PAULO,355030854A,SP,Vila Maria,"-23,502","-46,591",2025-01-29 02:50:00,0.2,5,2,2025-01-29
368102,SÃO PAULO,355030854A,SP,Vila Maria,"-23,502","-46,591",2025-01-29 03:00:00,0.2,5,3,2025-01-29
368103,SÃO PAULO,355030854A,SP,Vila Maria,"-23,502","-46,591",2025-01-29 03:20:00,0.2,5,3,2025-01-29
368104,SÃO PAULO,355030854A,SP,Vila Maria,"-23,502","-46,591",2025-01-29 03:40:00,0.2,5,3,2025-01-29
368105,SÃO PAULO,355030854A,SP,Vila Maria,"-23,502","-46,591",2025-01-29 04:00:00,0.2,5,4,2025-01-29
368106,SÃO PAULO,355030854A,SP,Vila Maria,"-23,502","-46,591",2025-01-29 04:10:00,0.0,5,4,2025-01-29
368107,SÃO PAULO,355030854A,SP,Vila Maria,"-23,502","-46,591",2025-01-29 04:30:00,0.2,5,4,2025-01-29
368108,SÃO PAULO,355030854A,SP,Vila Maria,"-23,502","-46,591",2025-01-29 04:50:00,0.2,5,4,2025-01-29
368109,SÃO PAULO,355030854A,SP,Vila Maria,"-23,502","-46,591",2025-01-29 05:10:00,0.2,5,5,2025-01-29
368110,SÃO PAULO,355030854A,SP,Vila Maria,"-23,502","-46,591",2025-01-29 05:30:00,0.2,5,5,2025-01-29
368111,SÃO PAULO,355030854A,SP,Vila Maria,"-23,502","-46,591",2025-01-29 06:00:00,0.2,5,6,2025-01-29
368112,SÃO PAULO,355030854A,SP,Vila Maria,"-23,502","-46,591",2025-01-29 06:20:00,0.2,5,6,2025-01-29
368113,SÃO PAULO,355030854A,SP,Vila Maria,"-23,502","-46,591",2025-01-29 06:40:00,0.2,5,6,2025-01-29
368114,SÃO PAULO,355030854A,SP,Vila Maria,"-23,502","-46,591",2025-01-29 07:00:00,0.2,5,7,2025-01-29
368115,SÃO PAULO,355030854A,SP,Vila Maria,"-23,502","-46,591",2025-01-29 07:10:00,0.0,5,7,2025-01-29
368116,SÃO PAULO,355030854A,SP,Vila Maria,"-23,502","-46,591",2025-01-29 07:20:00,0.2,5,7,2025-01-29
368117,SÃO PAULO,355030854A,SP,Vila Maria,"-23,502","-46,591",2025-01-29 07:40:00,0.2,5,7,2025-01-29
368118,SÃO PAULO,355030854A,SP,Vila Maria,"-23,502","-46,591",2025-01-29 08:00:00,0.2,5,8,2025-01-29
368119,SÃO PAULO,355030854A,SP,Vila Maria,"-23,502","-46,591",2025-01-29 08:10:00,0.2,5,8,2025-01-29
368120,SÃO PAULO,355030854A,SP,Vila Maria,"-23,502","-46,591",2025-01-29 08:30:00,0.2,5,8,2025-01-29
368121,SÃO PAULO,355030854A,SP,Vila Maria,"-23,502","-46,591",2025-01-29 08:50:00,0.2,5,8,2025-01-29
368122,SÃO PAULO,355030854A,SP,Vila Maria,"-23,502","-46,591",2025-01-29 09:00:00,0.2,5,9,2025-01-29
368123,SÃO PAULO,355030854A,SP,Vila Maria,"-23,502","-46,591",2025-01-29 09:10:00,0.0,5,9,2025-01-29
368124,SÃO PAULO,355030854A,SP,Vila Maria,"-23,502","-46,591",2025-01-29 09:20:00,0.2,5,9,2025-01-29
368125,SÃO PAULO,355030854A,SP,Vila Maria,"-23,502","-46,591",2025-01-29 09:30:00,0.2,5,9,2025-01-29
368126,SÃO PAULO,355030854A,SP,Vila Maria,"-23,502","-46,591",2025-01-29 09:40:00,0.2,5,9,2025-01-29
368127,SÃO PAULO,355030854A,SP,Vila Maria,"-23,502","-46,591",2025-01-29 10:00:00,0.2,5,10,2025-01-29
368128,SÃO PAULO,355030854A,SP,Vila Maria,"-23,502","-46,591",2025-01-29 10:10:00,0.2,5,10,2025-01-29
368129,SÃO PAULO,355030854A,SP,Vila Maria,"-23,502","-46,591",2025-01-29 10:30:00,0.2,5,10,2025-01-29
368130,SÃO PAULO,355030854A,SP,Vila Maria,"-23,502","-46,591",2025-01-29 10:40:00,0.2,5,10,2025-01-29
368131,SÃO PAULO,355030854A,SP,Vila Maria,"-23,502","-46,591",2025-01-29 11:00:00,0.2,5,11,2025-01-29
368132,SÃO PAULO,355030854A,SP,Vila Maria,"-23,502","-46,591",2025-01-29 11:10:00,0.2,5,11,2025-01-29
368133,SÃO PAULO,355030854A,SP,Vila Maria,"-23,502","-46,591",2025-01-29 11:30:00,0.2,5,11,2025-01-29
368134,SÃO PAULO,355030854A,SP,Vila Maria,"-23,502","-46,591",2025-01-29 11:40:00,0.2,5,11,2025-01-29
368135,SÃO PAULO,355030854A,SP,Vila Maria,"-23,502","-46,591",2025-01-29 12:00:00,0.2,5,12,2025-01-29
368136,SÃO PAULO,355030854A,SP,Vila Maria,"-23,502","-46,591",2025-01-29 12:10:00,0.0,5,12,2025-01-29
368137,SÃO PAULO,355030854A,SP,Vila Maria,"-23,502","-46,591",2025-01-29 12:20:00,0.2,5,12,2025-01-29
368138,SÃO PAULO,355030854A,SP,Vila Maria,"-23,502","-46,591",2025-01-29 12:40:00,0.2,5,12,2025-01-29
368139,SÃO PAULO,355030854A,SP,Vila Maria,"-23,502","-46,591",2025-01-29 13:00:00,0.2,5,13,2025-01-29
368140,SÃO PAULO,355030854A,SP,Vila Maria,"-23,502","-46,591",2025-01-29 13:10:00,0.2,5,13,2025-01-29
368141,SÃO PAULO,355030854A,SP,Vila Maria,"-23,502","-46,591",2025-01-29 13:30:00,0.2,5,13,2025-01-29
368142,SÃO PAULO,355030854A,SP,Vila Maria,"-23,502","-46,591",2025-01-29 13:50:00,0.2,5,13,2025-01-29
368143,SÃO PAULO,355030854A,SP,Vila Maria,"-23,502","-46,591",2025-01-29 14:10:00,0.2,5,14,2025-01-29
368144,SÃO PAULO,355030854A,SP,Vila Maria,"-23,502","-46,591",2025-01-29 14:40:00,0.2,5,14,2025-01-29
368145,SÃO PAULO,355030854A,SP,Vila Maria,"-23,502","-46,591",2025-01-29 15:10:00,0.0,5,15,2025-01-29
368146,SÃO PAULO,355030854A,SP,Vila Maria,"-23,502","-46,591",2025-01-29 15:40:00,0.2,5,15,2025-01-29
368147,SÃO PAULO,355030854A,SP,Vila Maria,"-23,502","-46,591",2025-01-29 16:00:00,0.2,5,16,2025-01-29
368148,SÃO PAULO,355030854A,SP,Vila Maria,"-23,502","-46,591",2025-01-29 16:10:00,0.0,5,16,2025-01-29
368149,SÃO PAULO,355030854A,SP,Vila Maria,"-23,502","-46,591",2025-01-29 16:30:00,0.2,5,16,2025-01-29
368150,SÃO PAULO,355030854A,SP,Vila Maria,"-23,502","-46,591",2025-01-29 17:00:00,0.2,5,17,2025-01-29
368151,SÃO PAULO,355030854A,SP,Vila Maria,"-23,502","-46,591",2025-01-29 17:10:00,0.0,5,17,2025-01-29
368152,SÃO PAULO,355030854A,SP,Vila Maria,"-23,502","-46,591",2025-01-29 17:30:00,0.2,5,17,2025-01-29
368153,SÃO PAULO,355030854A,SP,Vila Maria,"-23,502","-46,591",2025-01-29 18:00:00,0.2,5,18,2025-01-29
368154,SÃO PAULO,355030854A,SP,Vila Maria,"-23,502","-46,591",2025-01-29 18:10:00,0.0,5,18,2025-01-29
368155,SÃO PAULO,355030854A,SP,Vila Maria,"-23,502","-46,591",2025-01-29 18:30:00,0.2,5,18,2025-01-29
368156,SÃO PAULO,355030854A,SP,Vila Maria,"-23,502","-46,591",2025-01-29 18:50:00,0.2,5,18,2025-01-29
368157,SÃO PAULO,355030854A,SP,Vila Maria,"-23,502","-46,591",2025-01-29 19:10:00,0.2,5,19,2025-01-29
368158,SÃO PAULO,355030854A,SP,Vila Maria,"-23,502","-46,591",2025-01-29 19:40:00,0.2,5,19,2025-01-29
368159,SÃO PAULO,355030854A,SP,Vila Maria,"-23,502","-46,591",2025-01-29 19:50:00,0.2,5,19,2025-01-29
368160,SÃO PAULO,355030854A,SP,Vila Maria,"-23,502","-46,591",2025-01-29 20:10:00,0.2,5,20,2025-01-29
368161,SÃO PAULO,355030854A,SP,Vila Maria,"-23,502","-46,591",2025-01-29 20:20:00,0.2,5,20,2025-01-29
368162,SÃO PAULO,355030854A,SP,Vila Maria,"-23,502","-46,591",2025-01-29 20:30:00,0.2,5,20,2025-01-29
368163,SÃO PAULO,355030854A,SP,Vila Maria,"-23,502","-46,591",2025-01-29 20:40:00,0.2,5,20,2025-01-29
368164,SÃO PAULO,355030854A,SP,Vila Maria,"-23,502","-46,591",2025-01-29 20:50:00,0.2,5,20,2025-01-29
368165,SÃO PAULO,355030854A,SP,Vila Maria,"-23,502","-46,591",2025-01-29 21:10:00,0.2,5,21,2025-01-29
368166,SÃO PAULO,355030854A,SP,Vila Maria,"-23,502","-46,591",2025-01-29 21:20:00,0.2,5,21,2025-01-29
368167,SÃO PAULO,355030854A,SP,Vila Maria,"-23,502","-46,591",2025-01-29 21:30:00,0.2,5,21,2025-01-29
368168,SÃO PAULO,355030854A,SP,Vila Maria,"-23,502","-46,591",2025-01-29 21:40:00,0.2,5,21,2025-01-29
368169,SÃO PAULO,355030854A,SP,Vila Maria,"-23,502","-46,591",2025-01-29 22:10:00,0.39,5,22,2025-01-29
368170,SÃO PAULO,355030854A,SP,Vila Maria,"-23,502","-46,591",2025-01-29 22:20:00,0.2,5,22,2025-01-29
368171,SÃO PAULO,355030854A,SP,Vila Maria,"-23,502","-46,591",2025-01-29 22:30:00,0.2,5,22,2025-01-29
368172,SÃO PAULO,355030854A,SP,Vila Maria,"-23,502","-46,591",2025-01-29 22:40:00,0.2,5,22,2025-01-29
368173,SÃO PAULO,355030854A,SP,Vila Maria,"-23,502","-46,591",2025-01-29 22:50:00,0.2,5,22,2025-01-29
368174,SÃO PAULO,355030854A,SP,Vila Maria,"-23,502","-46,591",2025-01-29 23:00:00,0.2,5,23,2025-01-29
368175,SÃO PAULO,355030854A,SP,Vila Maria,"-23,502","-46,591",2025-01-29 23:10:00,0.2,5,23,2025-01-29
368176,SÃO PAULO,355030854A,SP,Vila Maria,"-23,502","-46,591",2025-01-29 23:20:00,0.39,5,23,2025-01-29
368177,SÃO PAULO,355030854A,SP,Vila Maria,"-23,502","-46,591",2025-01-29 23:30:00,0.2,5,23,2025-01-29
368178,SÃO PAULO,355030854A,SP,Vila Maria,"-23,502","-46,591",2025-01-29 23:40:00,0.2,5,23,2025-01-29
368179,SÃO PAULO,355030854A,SP,Vila Maria,"-23,502","-46,591",2025-01-29 23:50:00,0.2,5,23,2025-01-29
368180,SÃO PAULO,355030854A,SP,Vila Maria,"-23,502","-46,591",2025-01-30 00:00:00,0.2,5,0,2025-01-30
368181,SÃO PAULO,355030854A,SP,Vila Maria,"-23,502","-46,591",2025-01-30 00:10:00,0.39,5,0,2025-01-30
368182,SÃO PAULO,355030854A,SP,Vila Maria,"-23,502","-46,591",2025-01-30 00:20:00,0.2,5,0,2025-01-30
368183,SÃO PAULO,355030854A,SP,Vila Maria,"-23,502","-46,591",2025-01-30 00:30:00,0.2,5,0,2025-01-30
368184,SÃO PAULO,355030854A,SP,Vila Maria,"-23,502","-46,591",2025-01-30 00:40:00,0.2,5,0,2025-01-30
368185,SÃO PAULO,355030854A,SP,Vila Maria,"-23,502","-46,591",2025-01-30 00:50:00,0.2,5,0,2025-01-30
368186,SÃO PAULO,355030854A,SP,Vila Maria,"-23,502","-46,591",2025-01-30 01:00:00,0.2,5,1,2025-01-30
368187,SÃO PAULO,355030854A,SP,Vila Maria,"-23,502","-46,591",2025-01-30 01:10:00,0.39,5,1,2025-01-30
368188,SÃO PAULO,355030854A,SP,Vila Maria,"-23,502","-46,591",2025-01-30 01:20:00,0.2,5,1,2025-01-30
368189,SÃO PAULO,355030854A,SP,Vila Maria,"-23,502","-46,591",2025-01-30 01:40:00,0.2,5,1,2025-01-30
368190,SÃO PAULO,355030854A,SP,Vila Maria,"-23,502","-46,591",2025-01-30 01:50:00,0.2,5,1,2025-01-30
368191,SÃO PAULO,355030854A,SP,Vila Maria,"-23,502","-46,591",2025-01-30 02:00:00,0.2,5,2,2025-01-30
368192,SÃO PAULO,355030854A,SP,Vila Maria,"-23,502","-46,591",2025-01-30 02:10:00,0.2,5,2,2025-01-30
368193,SÃO PAULO,355030854A,SP,Vila Maria,"-23,502","-46,591",2025-01-30 02:30:00,0.2,5,2,2025-01-30
368194,SÃO PAULO,355030854A,SP,Vila Maria,"-23,502","-46,591",2025-01-30 02:40:00,0.2,5,2,2025-01-30
368195,SÃO PAULO,355030854A,SP,Vila Maria,"-23,502","-46,591",2025-01-30 02:50:00,0.2,5,2,2025-01-30
368196,SÃO PAULO,355030854A,SP,Vila Maria,"-23,502","-46,591",2025-01-30 03:00:00,0.2,5,3,2025-01-30
368197,SÃO PAULO,355030854A,SP,Vila Maria,"-23,502","-46,591",2025-01-30 03:10:00,0.39,5,3,2025-01-30
368198,SÃO PAULO,355030854A,SP,Vila Maria,"-23,502","-46,591",2025-01-30 03:40:00,0.2,5,3,2025-01-30
368199,SÃO PAULO,355030854A,SP,Vila Maria,"-23,502","-46,591",2025-01-30 03:50:00,0.2,5,3,2025-01-30
368200,SÃO PAULO,355030854A,SP,Vila Maria,"-23,502","-46,591",2025-01-30 04:00:00,0.2,5,4,2025-01-30
368201,SÃO PAULO,355030854A,SP,Vila Maria,"-23,502","-46,591",2025-01-30 04:10:00,0.2,5,4,2025-01-30
368202,SÃO PAULO,355030854A,SP,Vila Maria,"-23,502","-46,591",2025-01-30 04:20:00,0.2,5,4,2025-01-30
368203,SÃO PAULO,355030854A,SP,Vila Maria,"-23,502","-46,591",2025-01-30 04:30:00,0.2,5,4,2025-01-30
368204,SÃO PAULO,355030854A,SP,Vila Maria,"-23,502","-46,591",2025-01-30 04:40:00,0.2,5,4,2025-01-30
368205,SÃO PAULO,355030854A,SP,Vila Maria,"-23,502","-46,591",2025-01-30 04:50:00,0.39,5,4,2025-01-30
368206,SÃO PAULO,355030854A,SP,Vila Maria,"-23,502","-46,591",2025-01-30 05:00:00,0.2,5,5,2025-01-30
368207,SÃO PAULO,355030854A,SP,Vila Maria,"-23,502","-46,591",2025-01-30 05:10:00,0.2,5,5,2025-01-30
368208,SÃO PAULO,355030854A,SP,Vila Maria,"-23,502","-46,591",2025-01-30 05:20:00,0.2,5,5,2025-01-30
368209,SÃO PAULO,355030854A,SP,Vila Maria,"-23,502","-46,591",2025-01-30 05:30:00,0.2,5,5,2025-01-30
368210,SÃO PAULO,355030854A,SP,Vila Maria,"-23,502","-46,591",2025-01-30 05:40:00,0.2,5,5,2025-01-30
368211,SÃO PAULO,355030854A,SP,Vila Maria,"-23,502","-46,591",2025-01-30 05:50:00,0.2,5,5,2025-01-30
368212,SÃO PAULO,355030854A,SP,Vila Maria,"-23,502","-46,591",2025-01-30 06:00:00,0.2,5,6,2025-01-30
368213,SÃO PAULO,355030854A,SP,Vila Maria,"-23,502","-46,591",2025-01-30 06:10:00,0.39,5,6,2025-01-30
368214,SÃO PAULO,355030854A,SP,Vila Maria,"-23,502","-46,591",2025-01-30 06:20:00,0.2,5,6,2025-01-30
368215,SÃO PAULO,355030854A,SP,Vila Maria,"-23,502","-46,591",2025-01-30 06:30:00,0.2,5,6,2025-01-30
368216,SÃO PAULO,355030854A,SP,Vila Maria,"-23,502","-46,591",2025-01-30 06:40:00,0.2,5,6,2025-01-30
368217,SÃO PAULO,355030854A,SP,Vila Maria,"-23,502","-46,591",2025-01-30 06:50:00,0.39,5,6,2025-01-30
368218,SÃO PAULO,355030854A,SP,Vila Maria,"-23,502","-46,591",2025-01-30 07:00:00,0.2,5,7,2025-01-30
368219,SÃO PAULO,355030854A,SP,Vila Maria,"-23,502","-46,591",2025-01-30 07:10:00,0.2,5,7,2025-01-30
368220,SÃO PAULO,355030854A,SP,Vila Maria,"-23,502","-46,591",2025-01-30 07:20:00,0.2,5,7,2025-01-30
368221,SÃO PAULO,355030854A,SP,Vila Maria,"-23,502","-46,591",2025-01-30 07:30:00,0.2,5,7,2025-01-30
368222,SÃO PAULO,355030854A,SP,Vila Maria,"-23,502","-46,591",2025-01-30 07:40:00,0.2,5,7,2025-01-30
368223,SÃO PAULO,355030854A,SP,Vila Maria,"-23,502","-46,591",2025-01-30 07:50:00,0.39,5,7,2025-01-30
368224,SÃO PAULO,355030854A,SP,Vila Maria,"-23,502","-46,591",2025-01-30 08:00:00,0.2,5,8,2025-01-30
368225,SÃO PAULO,355030854A,SP,Vila Maria,"-23,502","-46,591",2025-01-30 08:10:00,0.2,5,8,2025-01-30
368226,SÃO PAULO,355030854A,SP,Vila Maria,"-23,502","-46,591",2025-01-30 08:20:00,0.2,5,8,2025-01-30
368227,SÃO PAULO,355030854A,SP,Vila Maria,"-23,502","-46,591",2025-01-30 08:30:00,0.2,5,8,2025-01-30
368228,SÃO PAULO,355030854A,SP,Vila Maria,"-23,502","-46,591",2025-01-30 08:40:00,0.39,5,8,2025-01-30
368229,SÃO PAULO,355030854A,SP,Vila Maria,"-23,502","-46,591",2025-01-30 08:50:00,0.2,5,8,2025-01-30
368230,SÃO PAULO,355030854A,SP,Vila Maria,"-23,502","-46,591",2025-01-30 09:00:00,0.2,5,9,2025-01-30
368231,SÃO PAULO,355030854A,SP,Vila Maria,"-23,502","-46,591",2025-01-30 09:10:00,0.2,5,9,2025-01-30
368232,SÃO PAULO,355030854A,SP,Vila Maria,"-23,502","-46,591",2025-01-30 09:20:00,0.2,5,9,2025-01-30
368233,SÃO PAULO,355030854A,SP,Vila Maria,"-23,502","-46,591",2025-01-30 09:30:00,0.2,5,9,2025-01-30
368234,SÃO PAULO,355030854A,SP,Vila Maria,"-23,502","-46,591",2025-01-30 09:40:00,0.39,5,9,2025-01-30
368235,SÃO PAULO,355030854A,SP,Vila Maria,"-23,502","-46,591",2025-01-30 09:50:00,0.2,5,9,2025-01-30
368236,SÃO PAULO,355030854A,SP,Vila Maria,"-23,502","-46,591",2025-01-30 10:00:00,0.2,5,10,2025-01-30
368237,SÃO PAULO,355030854A,SP,Vila Maria,"-23,502","-46,591",2025-01-30 10:10:00,0.2,5,10,2025-01-30
368238,SÃO PAULO,355030854A,SP,Vila Maria,"-23,502","-46,591",2025-01-30 10:20:00,0.2,5,10,2025-01-30
368239,SÃO PAULO,355030854A,SP,Vila Maria,"-23,502","-46,591",2025-01-30 10:30:00,0.2,5,10,2025-01-30
368240,SÃO PAULO,355030854A,SP,Vila Maria,"-23,502","-46,591",2025-01-30 10:40:00,0.2,5,10,2025-01-30
368241,SÃO PAULO,355030854A,SP,Vila Maria,"-23,502","-46,591",2025-01-30 10:50:00,0.2,5,10,2025-01-30
368242,SÃO PAULO,355030854A,SP,Vila Maria,"-23,502","-46,591",2025-01-30 11:00:00,0.2,5,11,2025-01-30
368243,SÃO PAULO,355030854A,SP,Vila Maria,"-23,502","-46,591",2025-01-30 11:10:00,0.2,5,11,2025-01-30
368244,SÃO PAULO,355030854A,SP,Vila Maria,"-23,502","-46,591",2025-01-30 11:40:00,0.2,5,11,2025-01-30
368245,SÃO PAULO,355030854A,SP,Vila Maria,"-23,502","-46,591",2025-01-30 11:50:00,0.2,5,11,2025-01-30
368246,SÃO PAULO,355030854A,SP,Vila Maria,"-23,502","-46,591",2025-01-30 12:00:00,0.2,5,12,2025-01-30
368247,SÃO PAULO,355030854A,SP,Vila Maria,"-23,502","-46,591",2025-01-30 12:10:00,0.2,5,12,2025-01-30
368248,SÃO PAULO,355030854A,SP,Vila Maria,"-23,502","-46,591",2025-01-30 12:30:00,0.2,5,12,2025-01-30
368249,SÃO PAULO,355030854A,SP,Vila Maria,"-23,502","-46,591",2025-01-30 13:00:00,0.2,5,13,2025-01-30
368250,SÃO PAULO,355030854A,SP,Vila Maria,"-23,502","-46,591",2025-01-30 13:10:00,0.2,5,13,2025-01-30
368251,SÃO PAULO,355030854A,SP,Vila Maria,"-23,502","-46,591",2025-01-30 13:20:00,0.2,5,13,2025-01-30
368252,SÃO PAULO,355030854A,SP,Vila Maria,"-23,502","-46,591",2025-01-30 13:30:00,0.2,5,13,2025-01-30
368253,SÃO PAULO,355030854A,SP,Vila Maria,"-23,502","-46,591",2025-01-30 13:40:00,0.2,5,13,2025-01-30
368254,SÃO PAULO,355030854A,SP,Vila Maria,"-23,502","-46,591",2025-01-30 13:50:00,0.2,5,13,2025-01-30
368255,SÃO PAULO,355030854A,SP,Vila Maria,"-23,502","-46,591",2025-01-30 14:00:00,0.2,5,14,2025-01-30
368256,SÃO PAULO,355030854A,SP,Vila Maria,"-23,502","-46,591",2025-01-30 14:10:00,0.0,5,14,2025-01-30
368257,SÃO PAULO,355030854A,SP,Vila Maria,"-23,502","-46,591",2025-01-30 14:20:00,0.2,5,14,2025-01-30
368258,SÃO PAULO,355030854A,SP,Vila Maria,"-23,502","-46,591",2025-01-30 14:30:00,0.2,5,14,2025-01-30
368259,SÃO PAULO,355030854A,SP,Vila Maria,"-23,502","-46,591",2025-01-30 14:40:00,0.2,5,14,2025-01-30
368260,SÃO PAULO,355030854A,SP,Vila Maria,"-23,502","-46,591",2025-01-30 15:00:00,0.2,5,15,2025-01-30
368261,SÃO PAULO,355030854A,SP,Vila Maria,"-23,502","-46,591",2025-01-30 15:10:00,0.2,5,15,2025-01-30
368262,SÃO PAULO,355030854A,SP,Vila Maria,"-23,502","-46,591",2025-01-30 15:20:00,0.2,5,15,2025-01-30
368263,SÃO PAULO,355030854A,SP,Vila Maria,"-23,502","-46,591",2025-01-30 15:40:00,0.2,5,15,2025-01-30
368264,SÃO PAULO,355030854A,SP,Vila Maria,"-23,502","-46,591",2025-01-30 15:50:00,0.2,5,15,2025-01-30
368265,SÃO PAULO,355030854A,SP,Vila Maria,"-23,502","-46,591",2025-01-30 16:00:00,0.2,5,16,2025-01-30
368266,SÃO PAULO,355030854A,SP,Vila Maria,"-23,502","-46,591",2025-01-30 16:10:00,0.0,5,16,2025-01-30
368267,SÃO PAULO,355030854A,SP,Vila Maria,"-23,502","-46,591",2025-01-30 16:20:00,0.2,5,16,2025-01-30
368268,SÃO PAULO,355030854A,SP,Vila Maria,"-23,502","-46,591",2025-01-30 16:30:00,0.2,5,16,2025-01-30
368269,SÃO PAULO,355030854A,SP,Vila Maria,"-23,502","-46,591",2025-01-30 16:50:00,0.2,5,16,2025-01-30
368270,SÃO PAULO,355030854A,SP,Vila Maria,"-23,502","-46,591",2025-01-30 17:00:00,0.2,5,17,2025-01-30
368271,SÃO PAULO,355030854A,SP,Vila Maria,"-23,502","-46,591",2025-01-30 17:10:00,0.0,5,17,2025-01-30
368272,SÃO PAULO,355030854A,SP,Vila Maria,"-23,502","-46,591",2025-01-30 17:20:00,0.2,5,17,2025-01-30
368273,SÃO PAULO,355030854A,SP,Vila Maria,"-23,502","-46,591",2025-01-30 17:30:00,0.2,5,17,2025-01-30
368274,SÃO PAULO,355030854A,SP,Vila Maria,"-23,502","-46,591",2025-01-30 17:50:00,0.2,5,17,2025-01-30
368275,SÃO PAULO,355030854A,SP,Vila Maria,"-23,502","-46,591",2025-01-30 18:00:00,0.2,5,18,2025-01-30
368276,SÃO PAULO,355030854A,SP,Vila Maria,"-23,502","-46,591",2025-01-30 18:10:00,0.0,5,18,2025-01-30
368277,SÃO PAULO,355030854A,SP,Vila Maria,"-23,502","-46,591",2025-01-30 18:20:00,0.2,5,18,2025-01-30
368278,SÃO PAULO,355030854A,SP,Vila Maria,"-23,502","-46,591",2025-01-30 18:30:00,0.2,5,18,2025-01-30
368279,SÃO PAULO,355030854A,SP,Vila Maria,"-23,502","-46,591",2025-01-30 18:50:00,0.2,5,18,2025-01-30
368280,SÃO PAULO,355030854A,SP,Vila Maria,"-23,502","-46,591",2025-01-30 19:00:00,0.2,5,19,2025-01-30
368281,SÃO PAULO,355030854A,SP,Vila Maria,"-23,502","-46,591",2025-01-30 19:10:00,0.0,5,19,2025-01-30
368282,SÃO PAULO,355030854A,SP,Vila Maria,"-23,502","-46,591",2025-01-30 19:20:00,0.2,5,19,2025-01-30
368283,SÃO PAULO,355030854A,SP,Vila Maria,"-23,502","-46,591",2025-01-30 19:30:00,0.2,5,19,2025-01-30
368284,SÃO PAULO,355030854A,SP,Vila Maria,"-23,502","-46,591",2025-01-30 19:50:00,0.2,5,19,2025-01-30
368285,SÃO PAULO,355030854A,SP,Vila Maria,"-23,502","-46,591",2025-01-30 20:10:00,0.2,5,20,2025-01-30
368286,SÃO PAULO,355030854A,SP,Vila Maria,"-23,502","-46,591",2025-01-30 20:30:00,0.2,5,20,2025-01-30
368287,SÃO PAULO,355030854A,SP,Vila Maria,"-23,502","-46,591",2025-01-30 20:40:00,0.2,5,20,2025-01-30
368288,SÃO PAULO,355030854A,SP,Vila Maria,"-23,502","-46,591",2025-01-30 21:00:00,0.2,5,21,2025-01-30
368289,SÃO PAULO,355030854A,SP,Vila Maria,"-23,502","-46,591",2025-01-30 21:10:00,0.0,5,21,2025-01-30
368290,SÃO PAULO,355030854A,SP,Vila Maria,"-23,502","-46,591",2025-01-30 21:20:00,0.2,5,21,2025-01-30
368291,SÃO PAULO,355030854A,SP,Vila Maria,"-23,502","-46,591",2025-01-30 21:40:00,0.2,5,21,2025-01-30
368292,SÃO PAULO,355030854A,SP,Vila Maria,"-23,502","-46,591",2025-01-30 22:10:00,0.2,5,22,2025-01-30
368293,SÃO PAULO,355030854A,SP,Vila Maria,"-23,502","-46,591",2025-01-30 22:20:00,0.2,5,22,2025-01-30
368294,SÃO PAULO,355030854A,SP,Vila Maria,"-23,502","-46,591",2025-01-30 22:30:00,0.2,5,22,2025-01-30
368295,SÃO PAULO,355030854A,SP,Vila Maria,"-23,502","-46,591",2025-01-30 22:50:00,0.2,5,22,2025-01-30
368296,SÃO PAULO,355030854A,SP,Vila Maria,"-23,502","-46,591",2025-01-30 23:00:00,0.2,5,23,2025-01-30
368297,SÃO PAULO,355030854A,SP,Vila Maria,"-23,502","-46,591",2025-01-30 23:20:00,0.2,5,23,2025-01-30
368298,SÃO PAULO,355030854A,SP,Vila Maria,"-23,502","-46,591",2025-01-30 23:30:00,0.2,5,23,2025-01-30
368299,SÃO PAULO,355030854A,SP,Vila Maria,"-23,502","-46,591",2025-01-30 23:40:00,0.2,5,23,2025-01-30
368300,SÃO PAULO,355030854A,SP,Vila Maria,"-23,502","-46,591",2025-01-30 23:50:00,0.2,5,23,2025-01-30
368301,SÃO PAULO,355030854A,SP,Vila Maria,"-23,502","-46,591",2025-01-31 00:00:00,0.2,5,0,2025-01-31
368302,SÃO PAULO,355030854A,SP,Vila Maria,"-23,502","-46,591",2025-01-31 00:10:00,0.2,5,0,2025-01-31
368303,SÃO PAULO,355030854A,SP,Vila Maria,"-23,502","-46,591",2025-01-31 00:20:00,0.2,5,0,2025-01-31
368304,SÃO PAULO,355030854A,SP,Vila Maria,"-23,502","-46,591",2025-01-31 00:30:00,0.39,5,0,2025-01-31
368305,SÃO PAULO,355030854A,SP,Vila Maria,"-23,502","-46,591",2025-01-31 00:40:00,0.2,5,0,2025-01-31
368306,SÃO PAULO,355030854A,SP,Vila Maria,"-23,502","-46,591",2025-01-31 00:50:00,0.2,5,0,2025-01-31
368307,SÃO PAULO,355030854A,SP,Vila Maria,"-23,502","-46,591",2025-01-31 01:00:00,0.2,5,1,2025-01-31
368308,SÃO PAULO,355030854A,SP,Vila Maria,"-23,502","-46,591",2025-01-31 01:10:00,0.2,5,1,2025-01-31
368309,SÃO PAULO,355030854A,SP,Vila Maria,"-23,502","-46,591",2025-01-31 01:20:00,0.2,5,1,2025-01-31
368310,SÃO PAULO,355030854A,SP,Vila Maria,"-23,502","-46,591",2025-01-31 01:30:00,0.39,5,1,2025-01-31
368311,SÃO PAULO,355030854A,SP,Vila Maria,"-23,502","-46,591",2025-01-31 01:40:00,0.2,5,1,2025-01-31
368312,SÃO PAULO,355030854A,SP,Vila Maria,"-23,502","-46,591",2025-01-31 01:50:00,0.2,5,1,2025-01-31
368313,SÃO PAULO,355030854A,SP,Vila Maria,"-23,502","-46,591",2025-01-31 02:00:00,0.2,5,2,2025-01-31
368314,SÃO PAULO,355030854A,SP,Vila Maria,"-23,502","-46,591",2025-01-31 02:10:00,0.2,5,2,2025-01-31
368315,SÃO PAULO,355030854A,SP,Vila Maria,"-23,502","-46,591",2025-01-31 02:20:00,0.2,5,2,2025-01-31
368316,SÃO PAULO,355030854A,SP,Vila Maria,"-23,502","-46,591",2025-01-31 02:30:00,0.39,5,2,2025-01-31
368317,SÃO PAULO,355030854A,SP,Vila Maria,"-23,502","-46,591",2025-01-31 02:40:00,0.2,5,2,2025-01-31
368318,SÃO PAULO,355030854A,SP,Vila Maria,"-23,502","-46,591",2025-01-31 02:50:00,0.2,5,2,2025-01-31
368319,SÃO PAULO,355030854A,SP,Vila Maria,"-23,502","-46,591",2025-01-31 03:00:00,0.39,5,3,2025-01-31
368320,SÃO PAULO,355030854A,SP,Vila Maria,"-23,502","-46,591",2025-01-31 03:10:00,0.2,5,3,2025-01-31
368321,SÃO PAULO,355030854A,SP,Vila Maria,"-23,502","-46,591",2025-01-31 03:20:00,0.2,5,3,2025-01-31
368322,SÃO PAULO,355030854A,SP,Vila Maria,"-23,502","-46,591",2025-01-31 03:30:00,0.39,5,3,2025-01-31
368323,SÃO PAULO,355030854A,SP,Vila Maria,"-23,502","-46,591",2025-01-31 03:40:00,0.2,5,3,2025-01-31
368324,SÃO PAULO,355030854A,SP,Vila Maria,"-23,502","-46,591",2025-01-31 03:50:00,0.2,5,3,2025-01-31
368325,SÃO PAULO,355030854A,SP,Vila Maria,"-23,502","-46,591",2025-01-31 04:00:00,0.39,5,4,2025-01-31
368326,SÃO PAULO,355030854A,SP,Vila Maria,"-23,502","-46,591",2025-01-31 04:10:00,0.2,5,4,2025-01-31
368327,SÃO PAULO,355030854A,SP,Vila Maria,"-23,502","-46,591",2025-01-31 04:20:00,0.2,5,4,2025-01-31
368328,SÃO PAULO,355030854A,SP,Vila Maria,"-23,502","-46,591",2025-01-31 04:30:00,0.2,5,4,2025-01-31
368329,SÃO PAULO,355030854A,SP,Vila Maria,"-23,502","-46,591",2025-01-31 04:40:00,0.39,5,4,2025-01-31
368330,SÃO PAULO,355030854A,SP,Vila Maria,"-23,502","-46,591",2025-01-31 04:50:00,0.2,5,4,2025-01-31
368331,SÃO PAULO,355030854A,SP,Vila Maria,"-23,502","-46,591",2025-01-31 05:00:00,0.39,5,5,2025-01-31
368332,SÃO PAULO,355030854A,SP,Vila Maria,"-23,502","-46,591",2025-01-31 05:10:00,0.2,5,5,2025-01-31
368333,SÃO PAULO,355030854A,SP,Vila Maria,"-23,502","-46,591",2025-01-31 05:20:00,0.39,5,5,2025-01-31
368334,SÃO PAULO,355030854A,SP,Vila Maria,"-23,502","-46,591",2025-01-31 05:30:00,0.2,5,5,2025-01-31
368335,SÃO PAULO,355030854A,SP,Vila Maria,"-23,502","-46,591",2025-01-31 05:40:00,0.2,5,5,2025-01-31
368336,SÃO PAULO,355030854A,SP,Vila Maria,"-23,502","-46,591",2025-01-31 05:50:00,0.39,5,5,2025-01-31
368337,SÃO PAULO,355030854A,SP,Vila Maria,"-23,502","-46,591",2025-01-31 06:00:00,0.2,5,6,2025-01-31
368338,SÃO PAULO,355030854A,SP,Vila Maria,"-23,502","-46,591",2025-01-31 06:10:00,0.2,5,6,2025-01-31
368339,SÃO PAULO,355030854A,SP,Vila Maria,"-23,502","-46,591",2025-01-31 06:20:00,0.39,5,6,2025-01-31
368340,SÃO PAULO,355030854A,SP,Vila Maria,"-23,502","-46,591",2025-01-31 06:30:00,0.2,5,6,2025-01-31
368341,SÃO PAULO,355030854A,SP,Vila Maria,"-23,502","-46,591",2025-01-31 06:40:00,0.39,5,6,2025-01-31
368342,SÃO PAULO,355030854A,SP,Vila Maria,"-23,502","-46,591",2025-01-31 06:50:00,0.2,5,6,2025-01-31
368343,SÃO PAULO,355030854A,SP,Vila Maria,"-23,502","-46,591",2025-01-31 07:00:00,0.2,5,7,2025-01-31
368344,SÃO PAULO,355030854A,SP,Vila Maria,"-23,502","-46,591",2025-01-31 07:10:00,0.2,5,7,2025-01-31
368345,SÃO PAULO,355030854A,SP,Vila Maria,"-23,502","-46,591",2025-01-31 07:20:00,0.2,5,7,2025-01-31
368346,SÃO PAULO,355030854A,SP,Vila Maria,"-23,502","-46,591",2025-01-31 07:30:00,0.39,5,7,2025-01-31
368347,SÃO PAULO,355030854A,SP,Vila Maria,"-23,502","-46,591",2025-01-31 07:40:00,0.2,5,7,2025-01-31
368348,SÃO PAULO,355030854A,SP,Vila Maria,"-23,502","-46,591",2025-01-31 07:50:00,0.2,5,7,2025-01-31
368349,SÃO PAULO,355030854A,SP,Vila Maria,"-23,502","-46,591",2025-01-31 08:00:00,0.2,5,8,2025-01-31
368350,SÃO PAULO,355030854A,SP,Vila Maria,"-23,502","-46,591",2025-01-31 08:10:00,0.2,5,8,2025-01-31
368351,SÃO PAULO,355030854A,SP,Vila Maria,"-23,502","-46,591",2025-01-31 08:20:00,0.2,5,8,2025-01-31
368352,SÃO PAULO,355030854A,SP,Vila Maria,"-23,502","-46,591",2025-01-31 08:30:00,0.39,5,8,2025-01-31
368353,SÃO PAULO,355030854A,SP,Vila Maria,"-23,502","-46,591",2025-01-31 08:40:00,0.2,5,8,2025-01-31
368354,SÃO PAULO,355030854A,SP,Vila Maria,"-23,502","-46,591",2025-01-31 08:50:00,0.2,5,8,2025-01-31
368355,SÃO PAULO,355030854A,SP,Vila Maria,"-23,502","-46,591",2025-01-31 09:00:00,0.2,5,9,2025-01-31
368356,SÃO PAULO,355030854A,SP,Vila Maria,"-23,502","-46,591",2025-01-31 09:10:00,0.39,5,9,2025-01-31
368357,SÃO PAULO,355030854A,SP,Vila Maria,"-23,502","-46,591",2025-01-31 09:20:00,0.2,5,9,2025-01-31
368358,SÃO PAULO,355030854A,SP,Vila Maria,"-23,502","-46,591",2025-01-31 09:30:00,0.2,5,9,2025-01-31
368359,SÃO PAULO,355030854A,SP,Vila Maria,"-23,502","-46,591",2025-01-31 09:40:00,0.2,5,9,2025-01-31
368360,SÃO PAULO,355030854A,SP,Vila Maria,"-23,502","-46,591",2025-01-31 09:50:00,0.2,5,9,2025-01-31
368361,SÃO PAULO,355030854A,SP,Vila Maria,"-23,502","-46,591",2025-01-31 10:00:00,0.39,5,10,2025-01-31
368362,SÃO PAULO,355030854A,SP,Vila Maria,"-23,502","-46,591",2025-01-31 10:10:00,0.2,5,10,2025-01-31
368363,SÃO PAULO,355030854A,SP,Vila Maria,"-23,502","-46,591",2025-01-31 10:20:00,0.2,5,10,2025-01-31
368364,SÃO PAULO,355030854A,SP,Vila Maria,"-23,502","-46,591",2025-01-31 10:30:00,0.2,5,10,2025-01-31
368365,SÃO PAULO,355030854A,SP,Vila Maria,"-23,502","-46,591",2025-01-31 10:40:00,0.2,5,10,2025-01-31
368366,SÃO PAULO,355030854A,SP,Vila Maria,"-23,502","-46,591",2025-01-31 10:50:00,0.39,5,10,2025-01-31
368367,SÃO PAULO,355030854A,SP,Vila Maria,"-23,502","-46,591",2025-01-31 11:00:00,0.2,5,11,2025-01-31
368368,SÃO PAULO,355030854A,SP,Vila Maria,"-23,502","-46,591",2025-01-31 11:10:00,0.2,5,11,2025-01-31
368369,SÃO PAULO,355030854A,SP,Vila Maria,"-23,502","-46,591",2025-01-31 11:20:00,0.39,5,11,2025-01-31
368370,SÃO PAULO,355030854A,SP,Vila Maria,"-23,502","-46,591",2025-01-31 11:30:00,0.2,5,11,2025-01-31
368371,SÃO PAULO,355030854A,SP,Vila Maria,"-23,502","-46,591",2025-01-31 11:40:00,0.2,5,11,2025-01-31
368372,SÃO PAULO,355030854A,SP,Vila Maria,"-23,502","-46,591",2025-01-31 11:50:00,0.39,5,11,2025-01-31
368373,SÃO PAULO,355030854A,SP,Vila Maria,"-23,502","-46,591",2025-01-31 12:00:00,0.2,5,12,2025-01-31
368374,SÃO PAULO,355030854A,SP,Vila Maria,"-23,502","-46,591",2025-01-31 12:10:00,0.2,5,12,2025-01-31
368375,SÃO PAULO,355030854A,SP,Vila Maria,"-23,502","-46,591",2025-01-31 12:20:00,0.2,5,12,2025-01-31
368376,SÃO PAULO,355030854A,SP,Vila Maria,"-23,502","-46,591",2025-01-31 12:30:00,0.2,5,12,2025-01-31
368377,SÃO PAULO,355030854A,SP,Vila Maria,"-23,502","-46,591",2025-01-31 12:40:00,0.2,5,12,2025-01-31
368378,SÃO PAULO,355030854A,SP,Vila Maria,"-23,502","-46,591",2025-01-31 12:50:00,0.39,5,12,2025-01-31
368379,SÃO PAULO,355030854A,SP,Vila Maria,"-23,502","-46,591",2025-01-31 13:00:00,0.2,5,13,2025-01-31
368380,SÃO PAULO,355030854A,SP,Vila Maria,"-23,502","-46,591",2025-01-31 13:10:00,0.2,5,13,2025-01-31
368381,SÃO PAULO,355030854A,SP,Vila Maria,"-23,502","-46,591",2025-01-31 13:20:00,0.2,5,13,2025-01-31
368382,SÃO PAULO,355030854A,SP,Vila Maria,"-23,502","-46,591",2025-01-31 13:30:00,0.2,5,13,2025-01-31
368383,SÃO PAULO,355030854A,SP,Vila Maria,"-23,502","-46,591",2025-01-31 13:40:00,0.2,5,13,2025-01-31
368384,SÃO PAULO,355030854A,SP,Vila Maria,"-23,502","-46,591",2025-01-31 13:50:00,0.39,5,13,2025-01-31
368385,SÃO PAULO,355030854A,SP,Vila Maria,"-23,502","-46,591",2025-01-31 14:00:00,0.2,5,14,2025-01-31
368386,SÃO PAULO,355030854A,SP,Vila Maria,"-23,502","-46,591",2025-01-31 14:10:00,0.2,5,14,2025-01-31
368387,SÃO PAULO,355030854A,SP,Vila Maria,"-23,502","-46,591",2025-01-31 14:20:00,0.2,5,14,2025-01-31
368388,SÃO PAULO,355030854A,SP,Vila Maria,"-23,502","-46,591",2025-01-31 14:30:00,0.2,5,14,2025-01-31
368389,SÃO PAULO,355030854A,SP,Vila Maria,"-23,502","-46,591",2025-01-31 14:40:00,0.2,5,14,2025-01-31
368390,SÃO PAULO,355030854A,SP,Vila Maria,"-23,502","-46,591",2025-01-31 14:50:00,0.2,5,14,2025-01-31
368391,SÃO PAULO,355030854A,SP,Vila Maria,"-23,502","-46,591",2025-01-31 15:10:00,0.2,5,15,2025-01-31
368392,SÃO PAULO,355030854A,SP,Vila Maria,"-23,502","-46,591",2025-01-31 15:20:00,0.2,5,15,2025-01-31
368393,SÃO PAULO,355030854A,SP,Vila Maria,"-23,502","-46,591",2025-01-31 15:30:00,0.2,5,15,2025-01-31
368394,SÃO PAULO,355030854A,SP,Vila Maria,"-23,502","-46,591",2025-01-31 15:40:00,0.2,5,15,2025-01-31
368395,SÃO PAULO,355030854A,SP,Vila Maria,"-23,502","-46,591",2025-01-31 15:50:00,0.2,5,15,2025-01-31
368396,SÃO PAULO,355030854A,SP,Vila Maria,"-23,502","-46,591",2025-01-31 16:00:00,0.2,5,16,2025-01-31
368397,SÃO PAULO,355030854A,SP,Vila Maria,"-23,502","-46,591",2025-01-31 16:20:00,0.2,5,16,2025-01-31
368398,SÃO PAULO,355030854A,SP,Vila Maria,"-23,502","-46,591",2025-01-31 16:30:00,0.2,5,16,2025-01-31
368399,SÃO PAULO,355030854A,SP,Vila Maria,"-23,502","-46,591",2025-01-31 16:40:00,0.2,5,16,2025-01-31
368400,SÃO PAULO,355030854A,SP,Vila Maria,"-23,502","-46,591",2025-01-31 17:00:00,0.2,5,17,2025-01-31
368401,SÃO PAULO,355030854A,SP,Vila Maria,"-23,502","-46,591",2025-01-31 17:10:00,0.2,5,17,2025-01-31
368402,SÃO PAULO,355030854A,SP,Vila Maria,"-23,502","-46,591",2025-01-31 17:30:00,0.2,5,17,2025-01-31
368403,SÃO PAULO,355030854A,SP,Vila Maria,"-23,502","-46,591",2025-01-31 17:50:00,0.2,5,17,2025-01-31
368404,SÃO PAULO,355030854A,SP,Vila Maria,"-23,502","-46,591",2025-01-31 18:10:00,0.2,5,18,2025-01-31
368405,SÃO PAULO,355030854A,SP,Vila Maria,"-23,502","-46,591",2025-01-31 18:30:00,0.2,5,18,2025-01-31
368406,SÃO PAULO,355030854A,SP,Vila Maria,"-23,502","-46,591",2025-01-31 18:50:00,0.2,5,18,2025-01-31
368407,SÃO PAULO,355030854A,SP,Vila Maria,"-23,502","-46,591",2025-01-31 19:10:00,0.2,5,19,2025-01-31
368408,SÃO PAULO,355030854A,SP,Vila Maria,"-23,502","-46,591",2025-01-31 19:30:00,0.2,5,19,2025-01-31
368409,SÃO PAULO,355030854A,SP,Vila Maria,"-23,502","-46,591",2025-01-31 19:50:00,0.2,5,19,2025-01-31
368410,SÃO PAULO,355030854A,SP,Vila Maria,"-23,502","-46,591",2025-01-31 20:10:00,0.2,5,20,2025-01-31
368411,SÃO PAULO,355030854A,SP,Vila Maria,"-23,502","-46,591",2025-01-31 20:30:00,0.2,5,20,2025-01-31
368412,SÃO PAULO,355030854A,SP,Vila Maria,"-23,502","-46,591",2025-01-31 20:50:00,0.2,5,20,2025-01-31
368413,SÃO PAULO,355030854A,SP,Vila Maria,"-23,502","-46,591",2025-01-31 21:10:00,0.2,5,21,2025-01-31
368414,SÃO PAULO,355030854A,SP,Vila Maria,"-23,502","-46,591",2025-01-31 21:40:00,0.2,5,21,2025-01-31
368415,SÃO PAULO,355030854A,SP,Vila Maria,"-23,502","-46,591",2025-01-31 22:00:00,0.2,5,22,2025-01-31
368416,SÃO PAULO,355030854A,SP,Vila Maria,"-23,502","-46,591",2025-01-31 22:10:00,0.0,5,22,2025-01-31
368417,SÃO PAULO,355030854A,SP,Vila Maria,"-23,502","-46,591",2025-01-31 22:30:00,0.2,5,22,2025-01-31
368418,SÃO PAULO,355030854A,SP,Vila Maria,"-23,502","-46,591",2025-01-31 23:00:00,0.2,5,23,2025-01-31
368419,SÃO PAULO,355030854A,SP,Vila Maria,"-23,502","-46,591",2025-01-31 23:10:00,0.0,5,23,2025-01-31
384958,SÃO PAULO,355030879A,SP,Avenida Tucuruvi,"-23,481","-46,604",2025-01-01 00:50:00,0.0,1,0,2025-01-01
384959,SÃO PAULO,355030879A,SP,Avenida Tucuruvi,"-23,481","-46,604",2025-01-01 01:50:00,0.0,1,1,2025-01-01
384960,SÃO PAULO,355030879A,SP,Avenida Tucuruvi,"-23,481","-46,604",2025-01-01 02:50:00,0.0,1,2,2025-01-01
384961,SÃO PAULO,355030879A,SP,Avenida Tucuruvi,"-23,481","-46,604",2025-01-01 03:50:00,0.0,1,3,2025-01-01
384962,SÃO PAULO,355030879A,SP,Avenida Tucuruvi,"-23,481","-46,604",2025-01-01 04:50:00,0.0,1,4,2025-01-01
384963,SÃO PAULO,355030879A,SP,Avenida Tucuruvi,"-23,481","-46,604",2025-01-01 05:50:00,0.0,1,5,2025-01-01
384964,SÃO PAULO,355030879A,SP,Avenida Tucuruvi,"-23,481","-46,604",2025-01-01 06:50:00,0.0,1,6,2025-01-01
384965,SÃO PAULO,355030879A,SP,Avenida Tucuruvi,"-23,481","-46,604",2025-01-01 07:50:00,0.0,1,7,2025-01-01
384966,SÃO PAULO,355030879A,SP,Avenida Tucuruvi,"-23,481","-46,604",2025-01-01 08:50:00,0.0,1,8,2025-01-01
384967,SÃO PAULO,355030879A,SP,Avenida Tucuruvi,"-23,481","-46,604",2025-01-01 09:50:00,0.0,1,9,2025-01-01
384968,SÃO PAULO,355030879A,SP,Avenida Tucuruvi,"-23,481","-46,604",2025-01-01 10:50:00,0.0,1,10,2025-01-01
384969,SÃO PAULO,355030879A,SP,Avenida Tucuruvi,"-23,481","-46,604",2025-01-01 11:50:00,0.0,1,11,2025-01-01
384970,SÃO PAULO,355030879A,SP,Avenida Tucuruvi,"-23,481","-46,604",2025-01-01 12:50:00,0.0,1,12,2025-01-01
384971,SÃO PAULO,355030879A,SP,Avenida Tucuruvi,"-23,481","-46,604",2025-01-01 13:50:00,0.0,1,13,2025-01-01
384972,SÃO PAULO,355030879A,SP,Avenida Tucuruvi,"-23,481","-46,604",2025-01-01 14:50:00,0.0,1,14,2025-01-01
384973,SÃO PAULO,355030879A,SP,Avenida Tucuruvi,"-23,481","-46,604",2025-01-01 15:50:00,0.0,1,15,2025-01-01
384974,SÃO PAULO,355030879A,SP,Avenida Tucuruvi,"-23,481","-46,604",2025-01-01 16:50:00,0.0,1,16,2025-01-01
384975,SÃO PAULO,355030879A,SP,Avenida Tucuruvi,"-23,481","-46,604",2025-01-01 17:50:00,0.0,1,17,2025-01-01
384976,SÃO PAULO,355030879A,SP,Avenida Tucuruvi,"-23,481","-46,604",2025-01-01 18:00:00,0.2,1,18,2025-01-01
384977,SÃO PAULO,355030879A,SP,Avenida Tucuruvi,"-23,481","-46,604",2025-01-01 18:40:00,0.2,1,18,2025-01-01
384978,SÃO PAULO,355030879A,SP,Avenida Tucuruvi,"-23,481","-46,604",2025-01-01 19:00:00,0.0,1,19,2025-01-01
384979,SÃO PAULO,355030879A,SP,Avenida Tucuruvi,"-23,481","-46,604",2025-01-01 19:50:00,0.0,1,19,2025-01-01
384980,SÃO PAULO,355030879A,SP,Avenida Tucuruvi,"-23,481","-46,604",2025-01-01 20:50:00,0.0,1,20,2025-01-01
384981,SÃO PAULO,355030879A,SP,Avenida Tucuruvi,"-23,481","-46,604",2025-01-01 21:50:00,0.0,1,21,2025-01-01
384982,SÃO PAULO,355030879A,SP,Avenida Tucuruvi,"-23,481","-46,604",2025-01-01 22:50:00,0.0,1,22,2025-01-01
384983,SÃO PAULO,355030879A,SP,Avenida Tucuruvi,"-23,481","-46,604",2025-01-01 23:50:00,0.0,1,23,2025-01-01
384984,SÃO PAULO,355030879A,SP,Avenida Tucuruvi,"-23,481","-46,604",2025-01-02 00:50:00,0.0,1,0,2025-01-02
384985,SÃO PAULO,355030879A,SP,Avenida Tucuruvi,"-23,481","-46,604",2025-01-02 01:50:00,0.0,1,1,2025-01-02
384986,SÃO PAULO,355030879A,SP,Avenida Tucuruvi,"-23,481","-46,604",2025-01-02 02:50:00,0.0,1,2,2025-01-02
384987,SÃO PAULO,355030879A,SP,Avenida Tucuruvi,"-23,481","-46,604",2025-01-02 03:50:00,0.0,1,3,2025-01-02
384988,SÃO PAULO,355030879A,SP,Avenida Tucuruvi,"-23,481","-46,604",2025-01-02 04:50:00,0.0,1,4,2025-01-02
384989,SÃO PAULO,355030879A,SP,Avenida Tucuruvi,"-23,481","-46,604",2025-01-02 05:50:00,0.0,1,5,2025-01-02
384990,SÃO PAULO,355030879A,SP,Avenida Tucuruvi,"-23,481","-46,604",2025-01-02 06:50:00,0.0,1,6,2025-01-02
384991,SÃO PAULO,355030879A,SP,Avenida Tucuruvi,"-23,481","-46,604",2025-01-02 07:50:00,0.0,1,7,2025-01-02
384992,SÃO PAULO,355030879A,SP,Avenida Tucuruvi,"-23,481","-46,604",2025-01-02 08:50:00,0.0,1,8,2025-01-02
384993,SÃO PAULO,355030879A,SP,Avenida Tucuruvi,"-23,481","-46,604",2025-01-02 09:50:00,0.0,1,9,2025-01-02
384994,SÃO PAULO,355030879A,SP,Avenida Tucuruvi,"-23,481","-46,604",2025-01-02 10:50:00,0.0,1,10,2025-01-02
384995,SÃO PAULO,355030879A,SP,Avenida Tucuruvi,"-23,481","-46,604",2025-01-02 11:50:00,0.0,1,11,2025-01-02
384996,SÃO PAULO,355030879A,SP,Avenida Tucuruvi,"-23,481","-46,604",2025-01-02 12:50:00,0.0,1,12,2025-01-02
384997,SÃO PAULO,355030879A,SP,Avenida Tucuruvi,"-23,481","-46,604",2025-01-02 13:50:00,0.0,1,13,2025-01-02
384998,SÃO PAULO,355030879A,SP,Avenida Tucuruvi,"-23,481","-46,604",2025-01-02 14:50:00,0.0,1,14,2025-01-02
384999,SÃO PAULO,355030879A,SP,Avenida Tucuruvi,"-23,481","-46,604",2025-01-02 15:50:00,0.0,1,15,2025-01-02
385000,SÃO PAULO,355030879A,SP,Avenida Tucuruvi,"-23,481","-46,604",2025-01-02 16:50:00,0.0,1,16,2025-01-02
385001,SÃO PAULO,355030879A,SP,Avenida Tucuruvi,"-23,481","-46,604",2025-01-02 17:50:00,0.0,1,17,2025-01-02
385002,SÃO PAULO,355030879A,SP,Avenida Tucuruvi,"-23,481","-46,604",2025-01-02 18:50:00,0.0,1,18,2025-01-02
385003,SÃO PAULO,355030879A,SP,Avenida Tucuruvi,"-23,481","-46,604",2025-01-02 19:50:00,0.0,1,19,2025-01-02
385004,SÃO PAULO,355030879A,SP,Avenida Tucuruvi,"-23,481","-46,604",2025-01-02 20:50:00,0.0,1,20,2025-01-02
385005,SÃO PAULO,355030879A,SP,Avenida Tucuruvi,"-23,481","-46,604",2025-01-02 21:50:00,0.0,1,21,2025-01-02
385006,SÃO PAULO,355030879A,SP,Avenida Tucuruvi,"-23,481","-46,604",2025-01-02 22:20:00,0.2,1,22,2025-01-02
385007,SÃO PAULO,355030879A,SP,Avenida Tucuruvi,"-23,481","-46,604",2025-01-02 22:50:00,0.0,1,22,2025-01-02
385008,SÃO PAULO,355030879A,SP,Avenida Tucuruvi,"-23,481","-46,604",2025-01-02 23:30:00,0.42,1,23,2025-01-02
385009,SÃO PAULO,355030879A,SP,Avenida Tucuruvi,"-23,481","-46,604",2025-01-02 23:50:00,0.0,1,23,2025-01-02
385010,SÃO PAULO,355030879A,SP,Avenida Tucuruvi,"-23,481","-46,604",2025-01-03 00:00:00,0.2,1,0,2025-01-03
385011,SÃO PAULO,355030879A,SP,Avenida Tucuruvi,"-23,481","-46,604",2025-01-03 00:40:00,0.2,1,0,2025-01-03
385012,SÃO PAULO,355030879A,SP,Avenida Tucuruvi,"-23,481","-46,604",2025-01-03 00:50:00,0.2,1,0,2025-01-03
385013,SÃO PAULO,355030879A,SP,Avenida Tucuruvi,"-23,481","-46,604",2025-01-03 01:50:00,0.0,1,1,2025-01-03
385014,SÃO PAULO,355030879A,SP,Avenida Tucuruvi,"-23,481","-46,604",2025-01-03 02:20:00,0.2,1,2,2025-01-03
385015,SÃO PAULO,355030879A,SP,Avenida Tucuruvi,"-23,481","-46,604",2025-01-03 02:50:00,0.0,1,2,2025-01-03
385016,SÃO PAULO,355030879A,SP,Avenida Tucuruvi,"-23,481","-46,604",2025-01-03 03:50:00,0.0,1,3,2025-01-03
385017,SÃO PAULO,355030879A,SP,Avenida Tucuruvi,"-23,481","-46,604",2025-01-03 04:50:00,0.0,1,4,2025-01-03
385018,SÃO PAULO,355030879A,SP,Avenida Tucuruvi,"-23,481","-46,604",2025-01-03 05:50:00,0.0,1,5,2025-01-03
385019,SÃO PAULO,355030879A,SP,Avenida Tucuruvi,"-23,481","-46,604",2025-01-03 06:50:00,0.0,1,6,2025-01-03
385020,SÃO PAULO,355030879A,SP,Avenida Tucuruvi,"-23,481","-46,604",2025-01-03 07:50:00,0.0,1,7,2025-01-03
385021,SÃO PAULO,355030879A,SP,Avenida Tucuruvi,"-23,481","-46,604",2025-01-03 08:50:00,0.0,1,8,2025-01-03
385022,SÃO PAULO,355030879A,SP,Avenida Tucuruvi,"-23,481","-46,604",2025-01-03 09:50:00,0.0,1,9,2025-01-03
385023,SÃO PAULO,355030879A,SP,Avenida Tucuruvi,"-23,481","-46,604",2025-01-03 10:50:00,0.0,1,10,2025-01-03
385024,SÃO PAULO,355030879A,SP,Avenida Tucuruvi,"-23,481","-46,604",2025-01-03 11:50:00,0.0,1,11,2025-01-03
385025,SÃO PAULO,355030879A,SP,Avenida Tucuruvi,"-23,481","-46,604",2025-01-03 12:50:00,0.0,1,12,2025-01-03
385026,SÃO PAULO,355030879A,SP,Avenida Tucuruvi,"-23,481","-46,604",2025-01-03 13:50:00,0.0,1,13,2025-01-03
385027,SÃO PAULO,355030879A,SP,Avenida Tucuruvi,"-23,481","-46,604",2025-01-03 14:50:00,0.0,1,14,2025-01-03
385028,SÃO PAULO,355030879A,SP,Avenida Tucuruvi,"-23,481","-46,604",2025-01-03 15:50:00,0.0,1,15,2025-01-03
385029,SÃO PAULO,355030879A,SP,Avenida Tucuruvi,"-23,481","-46,604",2025-01-03 16:50:00,0.0,1,16,2025-01-03
385030,SÃO PAULO,355030879A,SP,Avenida Tucuruvi,"-23,481","-46,604",2025-01-03 17:50:00,0.0,1,17,2025-01-03
385031,SÃO PAULO,355030879A,SP,Avenida Tucuruvi,"-23,481","-46,604",2025-01-03 18:50:00,0.2,1,18,2025-01-03
385032,SÃO PAULO,355030879A,SP,Avenida Tucuruvi,"-23,481","-46,604",2025-01-03 19:00:00,2.16,1,19,2025-01-03
385033,SÃO PAULO,355030879A,SP,Avenida Tucuruvi,"-23,481","-46,604",2025-01-03 19:10:00,0.98,1,19,2025-01-03
385034,SÃO PAULO,355030879A,SP,Avenida Tucuruvi,"-23,481","-46,604",2025-01-03 19:50:00,0.0,1,19,2025-01-03
385035,SÃO PAULO,355030879A,SP,Avenida Tucuruvi,"-23,481","-46,604",2025-01-03 20:50:00,0.0,1,20,2025-01-03
385036,SÃO PAULO,355030879A,SP,Avenida Tucuruvi,"-23,481","-46,604",2025-01-03 21:50:00,0.0,1,21,2025-01-03
385037,SÃO PAULO,355030879A,SP,Avenida Tucuruvi,"-23,481","-46,604",2025-01-03 22:00:00,0.2,1,22,2025-01-03
385038,SÃO PAULO,355030879A,SP,Avenida Tucuruvi,"-23,481","-46,604",2025-01-03 22:50:00,0.0,1,22,2025-01-03
385039,SÃO PAULO,355030879A,SP,Avenida Tucuruvi,"-23,481","-46,604",2025-01-03 23:50:00,0.0,1,23,2025-01-03
385040,SÃO PAULO,355030879A,SP,Avenida Tucuruvi,"-23,481","-46,604",2025-01-04 00:50:00,0.0,1,0,2025-01-04
385041,SÃO PAULO,355030879A,SP,Avenida Tucuruvi,"-23,481","-46,604",2025-01-04 01:50:00,0.0,1,1,2025-01-04
385042,SÃO PAULO,355030879A,SP,Avenida Tucuruvi,"-23,481","-46,604",2025-01-04 02:50:00,0.0,1,2,2025-01-04
385043,SÃO PAULO,355030879A,SP,Avenida Tucuruvi,"-23,481","-46,604",2025-01-04 03:50:00,0.0,1,3,2025-01-04
385044,SÃO PAULO,355030879A,SP,Avenida Tucuruvi,"-23,481","-46,604",2025-01-04 04:50:00,0.0,1,4,2025-01-04
385045,SÃO PAULO,355030879A,SP,Avenida Tucuruvi,"-23,481","-46,604",2025-01-04 05:50:00,0.0,1,5,2025-01-04
385046,SÃO PAULO,355030879A,SP,Avenida Tucuruvi,"-23,481","-46,604",2025-01-04 06:50:00,0.0,1,6,2025-01-04
385047,SÃO PAULO,355030879A,SP,Avenida Tucuruvi,"-23,481","-46,604",2025-01-04 07:50:00,0.0,1,7,2025-01-04
385048,SÃO PAULO,355030879A,SP,Avenida Tucuruvi,"-23,481","-46,604",2025-01-04 08:50:00,0.0,1,8,2025-01-04
385049,SÃO PAULO,355030879A,SP,Avenida Tucuruvi,"-23,481","-46,604",2025-01-04 09:50:00,0.0,1,9,2025-01-04
385050,SÃO PAULO,355030879A,SP,Avenida Tucuruvi,"-23,481","-46,604",2025-01-04 10:50:00,0.0,1,10,2025-01-04
385051,SÃO PAULO,355030879A,SP,Avenida Tucuruvi,"-23,481","-46,604",2025-01-04 11:50:00,0.0,1,11,2025-01-04
385052,SÃO PAULO,355030879A,SP,Avenida Tucuruvi,"-23,481","-46,604",2025-01-04 12:50:00,0.0,1,12,2025-01-04
385053,SÃO PAULO,355030879A,SP,Avenida Tucuruvi,"-23,481","-46,604",2025-01-04 13:50:00,0.0,1,13,2025-01-04
385054,SÃO PAULO,355030879A,SP,Avenida Tucuruvi,"-23,481","-46,604",2025-01-04 14:50:00,0.0,1,14,2025-01-04
385055,SÃO PAULO,355030879A,SP,Avenida Tucuruvi,"-23,481","-46,604",2025-01-04 15:50:00,0.0,1,15,2025-01-04
385056,SÃO PAULO,355030879A,SP,Avenida Tucuruvi,"-23,481","-46,604",2025-01-04 16:50:00,0.0,1,16,2025-01-04
385057,SÃO PAULO,355030879A,SP,Avenida Tucuruvi,"-23,481","-46,604",2025-01-04 17:50:00,0.0,1,17,2025-01-04
385058,SÃO PAULO,355030879A,SP,Avenida Tucuruvi,"-23,481","-46,604",2025-01-04 18:50:00,0.0,1,18,2025-01-04
385059,SÃO PAULO,355030879A,SP,Avenida Tucuruvi,"-23,481","-46,604",2025-01-04 19:50:00,0.0,1,19,2025-01-04
385060,SÃO PAULO,355030879A,SP,Avenida Tucuruvi,"-23,481","-46,604",2025-01-04 20:50:00,0.0,1,20,2025-01-04
385061,SÃO PAULO,355030879A,SP,Avenida Tucuruvi,"-23,481","-46,604",2025-01-04 21:10:00,0.2,1,21,2025-01-04
385062,SÃO PAULO,355030879A,SP,Avenida Tucuruvi,"-23,481","-46,604",2025-01-04 21:50:00,0.0,1,21,2025-01-04
385063,SÃO PAULO,355030879A,SP,Avenida Tucuruvi,"-23,481","-46,604",2025-01-04 22:50:00,0.0,1,22,2025-01-04
385064,SÃO PAULO,355030879A,SP,Avenida Tucuruvi,"-23,481","-46,604",2025-01-04 23:50:00,0.0,1,23,2025-01-04
385065,SÃO PAULO,355030879A,SP,Avenida Tucuruvi,"-23,481","-46,604",2025-01-05 00:50:00,0.0,1,0,2025-01-05
385066,SÃO PAULO,355030879A,SP,Avenida Tucuruvi,"-23,481","-46,604",2025-01-05 01:50:00,0.0,1,1,2025-01-05
385067,SÃO PAULO,355030879A,SP,Avenida Tucuruvi,"-23,481","-46,604",2025-01-05 02:50:00,0.0,1,2,2025-01-05
385068,SÃO PAULO,355030879A,SP,Avenida Tucuruvi,"-23,481","-46,604",2025-01-05 03:50:00,0.0,1,3,2025-01-05
385069,SÃO PAULO,355030879A,SP,Avenida Tucuruvi,"-23,481","-46,604",2025-01-05 04:10:00,0.41,1,4,2025-01-05
385070,SÃO PAULO,355030879A,SP,Avenida Tucuruvi,"-23,481","-46,604",2025-01-05 04:20:00,0.79,1,4,2025-01-05
385071,SÃO PAULO,355030879A,SP,Avenida Tucuruvi,"-23,481","-46,604",2025-01-05 04:50:00,0.0,1,4,2025-01-05
385072,SÃO PAULO,355030879A,SP,Avenida Tucuruvi,"-23,481","-46,604",2025-01-05 05:50:00,0.0,1,5,2025-01-05
385073,SÃO PAULO,355030879A,SP,Avenida Tucuruvi,"-23,481","-46,604",2025-01-05 06:50:00,0.0,1,6,2025-01-05
385074,SÃO PAULO,355030879A,SP,Avenida Tucuruvi,"-23,481","-46,604",2025-01-05 07:50:00,0.0,1,7,2025-01-05
385075,SÃO PAULO,355030879A,SP,Avenida Tucuruvi,"-23,481","-46,604",2025-01-05 08:50:00,0.0,1,8,2025-01-05
385076,SÃO PAULO,355030879A,SP,Avenida Tucuruvi,"-23,481","-46,604",2025-01-05 09:50:00,0.0,1,9,2025-01-05
385077,SÃO PAULO,355030879A,SP,Avenida Tucuruvi,"-23,481","-46,604",2025-01-05 10:50:00,0.0,1,10,2025-01-05
385078,SÃO PAULO,355030879A,SP,Avenida Tucuruvi,"-23,481","-46,604",2025-01-05 11:50:00,0.0,1,11,2025-01-05
385079,SÃO PAULO,355030879A,SP,Avenida Tucuruvi,"-23,481","-46,604",2025-01-05 12:50:00,0.0,1,12,2025-01-05
385080,SÃO PAULO,355030879A,SP,Avenida Tucuruvi,"-23,481","-46,604",2025-01-05 13:50:00,0.0,1,13,2025-01-05
385081,SÃO PAULO,355030879A,SP,Avenida Tucuruvi,"-23,481","-46,604",2025-01-05 14:50:00,0.0,1,14,2025-01-05
385082,SÃO PAULO,355030879A,SP,Avenida Tucuruvi,"-23,481","-46,604",2025-01-05 15:50:00,0.0,1,15,2025-01-05
385083,SÃO PAULO,355030879A,SP,Avenida Tucuruvi,"-23,481","-46,604",2025-01-05 16:50:00,0.0,1,16,2025-01-05
385084,SÃO PAULO,355030879A,SP,Avenida Tucuruvi,"-23,481","-46,604",2025-01-05 17:50:00,0.0,1,17,2025-01-05
385085,SÃO PAULO,355030879A,SP,Avenida Tucuruvi,"-23,481","-46,604",2025-01-05 18:50:00,0.0,1,18,2025-01-05
385086,SÃO PAULO,355030879A,SP,Avenida Tucuruvi,"-23,481","-46,604",2025-01-05 19:50:00,0.0,1,19,2025-01-05
385087,SÃO PAULO,355030879A,SP,Avenida Tucuruvi,"-23,481","-46,604",2025-01-05 20:50:00,0.0,1,20,2025-01-05
385088,SÃO PAULO,355030879A,SP,Avenida Tucuruvi,"-23,481","-46,604",2025-01-05 21:50:00,0.0,1,21,2025-01-05
385089,SÃO PAULO,355030879A,SP,Avenida Tucuruvi,"-23,481","-46,604",2025-01-05 22:50:00,0.0,1,22,2025-01-05
385090,SÃO PAULO,355030879A,SP,Avenida Tucuruvi,"-23,481","-46,604",2025-01-05 23:50:00,0.0,1,23,2025-01-05
385091,SÃO PAULO,355030879A,SP,Avenida Tucuruvi,"-23,481","-46,604",2025-01-06 00:50:00,0.0,2,0,2025-01-06
385092,SÃO PAULO,355030879A,SP,Avenida Tucuruvi,"-23,481","-46,604",2025-01-06 01:50:00,0.0,2,1,2025-01-06
385093,SÃO PAULO,355030879A,SP,Avenida Tucuruvi,"-23,481","-46,604",2025-01-06 02:50:00,0.0,2,2,2025-01-06
385094,SÃO PAULO,355030879A,SP,Avenida Tucuruvi,"-23,481","-46,604",2025-01-06 03:50:00,0.0,2,3,2025-01-06
385095,SÃO PAULO,355030879A,SP,Avenida Tucuruvi,"-23,481","-46,604",2025-01-06 04:50:00,0.0,2,4,2025-01-06
385096,SÃO PAULO,355030879A,SP,Avenida Tucuruvi,"-23,481","-46,604",2025-01-06 05:50:00,0.0,2,5,2025-01-06
385097,SÃO PAULO,355030879A,SP,Avenida Tucuruvi,"-23,481","-46,604",2025-01-06 06:50:00,0.0,2,6,2025-01-06
385098,SÃO PAULO,355030879A,SP,Avenida Tucuruvi,"-23,481","-46,604",2025-01-06 07:50:00,0.0,2,7,2025-01-06
385099,SÃO PAULO,355030879A,SP,Avenida Tucuruvi,"-23,481","-46,604",2025-01-06 08:50:00,0.0,2,8,2025-01-06
385100,SÃO PAULO,355030879A,SP,Avenida Tucuruvi,"-23,481","-46,604",2025-01-06 09:50:00,0.0,2,9,2025-01-06
385101,SÃO PAULO,355030879A,SP,Avenida Tucuruvi,"-23,481","-46,604",2025-01-06 10:50:00,0.0,2,10,2025-01-06
385102,SÃO PAULO,355030879A,SP,Avenida Tucuruvi,"-23,481","-46,604",2025-01-06 11:50:00,0.0,2,11,2025-01-06
385103,SÃO PAULO,355030879A,SP,Avenida Tucuruvi,"-23,481","-46,604",2025-01-06 12:50:00,0.0,2,12,2025-01-06
385104,SÃO PAULO,355030879A,SP,Avenida Tucuruvi,"-23,481","-46,604",2025-01-06 13:50:00,0.0,2,13,2025-01-06
385105,SÃO PAULO,355030879A,SP,Avenida Tucuruvi,"-23,481","-46,604",2025-01-06 14:50:00,0.0,2,14,2025-01-06
385106,SÃO PAULO,355030879A,SP,Avenida Tucuruvi,"-23,481","-46,604",2025-01-06 15:50:00,0.0,2,15,2025-01-06
385107,SÃO PAULO,355030879A,SP,Avenida Tucuruvi,"-23,481","-46,604",2025-01-06 16:50:00,0.0,2,16,2025-01-06
385108,SÃO PAULO,355030879A,SP,Avenida Tucuruvi,"-23,481","-46,604",2025-01-06 17:50:00,0.0,2,17,2025-01-06
385109,SÃO PAULO,355030879A,SP,Avenida Tucuruvi,"-23,481","-46,604",2025-01-06 18:50:00,0.0,2,18,2025-01-06
385110,SÃO PAULO,355030879A,SP,Avenida Tucuruvi,"-23,481","-46,604",2025-01-06 19:50:00,0.0,2,19,2025-01-06
385111,SÃO PAULO,355030879A,SP,Avenida Tucuruvi,"-23,481","-46,604",2025-01-06 20:50:00,0.0,2,20,2025-01-06
385112,SÃO PAULO,355030879A,SP,Avenida Tucuruvi,"-23,481","-46,604",2025-01-06 21:50:00,0.0,2,21,2025-01-06
385113,SÃO PAULO,355030879A,SP,Avenida Tucuruvi,"-23,481","-46,604",2025-01-06 22:50:00,0.0,2,22,2025-01-06
385114,SÃO PAULO,355030879A,SP,Avenida Tucuruvi,"-23,481","-46,604",2025-01-06 23:50:00,0.0,2,23,2025-01-06
385115,SÃO PAULO,355030879A,SP,Avenida Tucuruvi,"-23,481","-46,604",2025-01-07 00:50:00,0.0,2,0,2025-01-07
385116,SÃO PAULO,355030879A,SP,Avenida Tucuruvi,"-23,481","-46,604",2025-01-07 01:50:00,0.0,2,1,2025-01-07
385117,SÃO PAULO,355030879A,SP,Avenida Tucuruvi,"-23,481","-46,604",2025-01-07 02:50:00,0.0,2,2,2025-01-07
385118,SÃO PAULO,355030879A,SP,Avenida Tucuruvi,"-23,481","-46,604",2025-01-07 03:50:00,0.0,2,3,2025-01-07
385119,SÃO PAULO,355030879A,SP,Avenida Tucuruvi,"-23,481","-46,604",2025-01-07 04:50:00,0.0,2,4,2025-01-07
385120,SÃO PAULO,355030879A,SP,Avenida Tucuruvi,"-23,481","-46,604",2025-01-07 05:50:00,0.0,2,5,2025-01-07
385121,SÃO PAULO,355030879A,SP,Avenida Tucuruvi,"-23,481","-46,604",2025-01-07 06:50:00,0.0,2,6,2025-01-07
385122,SÃO PAULO,355030879A,SP,Avenida Tucuruvi,"-23,481","-46,604",2025-01-07 07:50:00,0.0,2,7,2025-01-07
385123,SÃO PAULO,355030879A,SP,Avenida Tucuruvi,"-23,481","-46,604",2025-01-07 08:50:00,0.0,2,8,2025-01-07
385124,SÃO PAULO,355030879A,SP,Avenida Tucuruvi,"-23,481","-46,604",2025-01-07 09:50:00,0.0,2,9,2025-01-07
385125,SÃO PAULO,355030879A,SP,Avenida Tucuruvi,"-23,481","-46,604",2025-01-07 10:50:00,0.0,2,10,2025-01-07
385126,SÃO PAULO,355030879A,SP,Avenida Tucuruvi,"-23,481","-46,604",2025-01-07 11:50:00,0.0,2,11,2025-01-07
385127,SÃO PAULO,355030879A,SP,Avenida Tucuruvi,"-23,481","-46,604",2025-01-07 12:50:00,0.0,2,12,2025-01-07
385128,SÃO PAULO,355030879A,SP,Avenida Tucuruvi,"-23,481","-46,604",2025-01-07 13:50:00,0.0,2,13,2025-01-07
385129,SÃO PAULO,355030879A,SP,Avenida Tucuruvi,"-23,481","-46,604",2025-01-07 14:50:00,0.0,2,14,2025-01-07
385130,SÃO PAULO,355030879A,SP,Avenida Tucuruvi,"-23,481","-46,604",2025-01-07 15:50:00,0.0,2,15,2025-01-07
385131,SÃO PAULO,355030879A,SP,Avenida Tucuruvi,"-23,481","-46,604",2025-01-07 16:50:00,0.0,2,16,2025-01-07
385132,SÃO PAULO,355030879A,SP,Avenida Tucuruvi,"-23,481","-46,604",2025-01-07 17:00:00,0.39,2,17,2025-01-07
385133,SÃO PAULO,355030879A,SP,Avenida Tucuruvi,"-23,481","-46,604",2025-01-07 17:40:00,0.79,2,17,2025-01-07
385134,SÃO PAULO,355030879A,SP,Avenida Tucuruvi,"-23,481","-46,604",2025-01-07 18:20:00,2.36,2,18,2025-01-07
385135,SÃO PAULO,355030879A,SP,Avenida Tucuruvi,"-23,481","-46,604",2025-01-07 18:30:00,0.39,2,18,2025-01-07
385136,SÃO PAULO,355030879A,SP,Avenida Tucuruvi,"-23,481","-46,604",2025-01-07 18:40:00,0.2,2,18,2025-01-07
385137,SÃO PAULO,355030879A,SP,Avenida Tucuruvi,"-23,481","-46,604",2025-01-07 18:50:00,0.0,2,18,2025-01-07
385138,SÃO PAULO,355030879A,SP,Avenida Tucuruvi,"-23,481","-46,604",2025-01-07 19:20:00,0.2,2,19,2025-01-07
385139,SÃO PAULO,355030879A,SP,Avenida Tucuruvi,"-23,481","-46,604",2025-01-07 19:50:00,0.0,2,19,2025-01-07
385140,SÃO PAULO,355030879A,SP,Avenida Tucuruvi,"-23,481","-46,604",2025-01-07 20:50:00,0.0,2,20,2025-01-07
385141,SÃO PAULO,355030879A,SP,Avenida Tucuruvi,"-23,481","-46,604",2025-01-07 21:50:00,0.0,2,21,2025-01-07
385142,SÃO PAULO,355030879A,SP,Avenida Tucuruvi,"-23,481","-46,604",2025-01-07 22:50:00,0.0,2,22,2025-01-07
385143,SÃO PAULO,355030879A,SP,Avenida Tucuruvi,"-23,481","-46,604",2025-01-07 23:50:00,0.0,2,23,2025-01-07
385144,SÃO PAULO,355030879A,SP,Avenida Tucuruvi,"-23,481","-46,604",2025-01-08 00:50:00,0.0,2,0,2025-01-08
385145,SÃO PAULO,355030879A,SP,Avenida Tucuruvi,"-23,481","-46,604",2025-01-08 01:50:00,0.0,2,1,2025-01-08
385146,SÃO PAULO,355030879A,SP,Avenida Tucuruvi,"-23,481","-46,604",2025-01-08 02:50:00,0.0,2,2,2025-01-08
385147,SÃO PAULO,355030879A,SP,Avenida Tucuruvi,"-23,481","-46,604",2025-01-08 03:50:00,0.0,2,3,2025-01-08
385148,SÃO PAULO,355030879A,SP,Avenida Tucuruvi,"-23,481","-46,604",2025-01-08 04:50:00,0.0,2,4,2025-01-08
385149,SÃO PAULO,355030879A,SP,Avenida Tucuruvi,"-23,481","-46,604",2025-01-08 05:50:00,0.0,2,5,2025-01-08
385150,SÃO PAULO,355030879A,SP,Avenida Tucuruvi,"-23,481","-46,604",2025-01-08 06:50:00,0.0,2,6,2025-01-08
385151,SÃO PAULO,355030879A,SP,Avenida Tucuruvi,"-23,481","-46,604",2025-01-08 07:40:00,0.39,2,7,2025-01-08
385152,SÃO PAULO,355030879A,SP,Avenida Tucuruvi,"-23,481","-46,604",2025-01-08 07:50:00,0.0,2,7,2025-01-08
385153,SÃO PAULO,355030879A,SP,Avenida Tucuruvi,"-23,481","-46,604",2025-01-08 08:50:00,0.0,2,8,2025-01-08
385154,SÃO PAULO,355030879A,SP,Avenida Tucuruvi,"-23,481","-46,604",2025-01-08 09:50:00,0.0,2,9,2025-01-08
385155,SÃO PAULO,355030879A,SP,Avenida Tucuruvi,"-23,481","-46,604",2025-01-08 10:50:00,0.0,2,10,2025-01-08
385156,SÃO PAULO,355030879A,SP,Avenida Tucuruvi,"-23,481","-46,604",2025-01-08 11:50:00,0.0,2,11,2025-01-08
385157,SÃO PAULO,355030879A,SP,Avenida Tucuruvi,"-23,481","-46,604",2025-01-08 12:50:00,0.0,2,12,2025-01-08
385158,SÃO PAULO,355030879A,SP,Avenida Tucuruvi,"-23,481","-46,604",2025-01-08 13:50:00,0.0,2,13,2025-01-08
385159,SÃO PAULO,355030879A,SP,Avenida Tucuruvi,"-23,481","-46,604",2025-01-08 14:50:00,0.0,2,14,2025-01-08
385160,SÃO PAULO,355030879A,SP,Avenida Tucuruvi,"-23,481","-46,604",2025-01-08 15:50:00,0.0,2,15,2025-01-08
385161,SÃO PAULO,355030879A,SP,Avenida Tucuruvi,"-23,481","-46,604",2025-01-08 16:50:00,0.0,2,16,2025-01-08
385162,SÃO PAULO,355030879A,SP,Avenida Tucuruvi,"-23,481","-46,604",2025-01-08 17:50:00,0.0,2,17,2025-01-08
385163,SÃO PAULO,355030879A,SP,Avenida Tucuruvi,"-23,481","-46,604",2025-01-08 18:10:00,2.36,2,18,2025-01-08
385164,SÃO PAULO,355030879A,SP,Avenida Tucuruvi,"-23,481","-46,604",2025-01-08 18:30:00,0.2,2,18,2025-01-08
385165,SÃO PAULO,355030879A,SP,Avenida Tucuruvi,"-23,481","-46,604",2025-01-08 18:50:00,0.0,2,18,2025-01-08
385166,SÃO PAULO,355030879A,SP,Avenida Tucuruvi,"-23,481","-46,604",2025-01-08 19:50:00,0.0,2,19,2025-01-08
385167,SÃO PAULO,355030879A,SP,Avenida Tucuruvi,"-23,481","-46,604",2025-01-08 20:50:00,0.0,2,20,2025-01-08
385168,SÃO PAULO,355030879A,SP,Avenida Tucuruvi,"-23,481","-46,604",2025-01-08 21:50:00,0.0,2,21,2025-01-08
385169,SÃO PAULO,355030879A,SP,Avenida Tucuruvi,"-23,481","-46,604",2025-01-08 22:50:00,0.0,2,22,2025-01-08
385170,SÃO PAULO,355030879A,SP,Avenida Tucuruvi,"-23,481","-46,604",2025-01-08 23:50:00,0.0,2,23,2025-01-08
385171,SÃO PAULO,355030879A,SP,Avenida Tucuruvi,"-23,481","-46,604",2025-01-09 00:50:00,0.0,2,0,2025-01-09
385172,SÃO PAULO,355030879A,SP,Avenida Tucuruvi,"-23,481","-46,604",2025-01-09 01:50:00,0.0,2,1,2025-01-09
385173,SÃO PAULO,355030879A,SP,Avenida Tucuruvi,"-23,481","-46,604",2025-01-09 02:50:00,0.0,2,2,2025-01-09
385174,SÃO PAULO,355030879A,SP,Avenida Tucuruvi,"-23,481","-46,604",2025-01-09 03:50:00,0.0,2,3,2025-01-09
385175,SÃO PAULO,355030879A,SP,Avenida Tucuruvi,"-23,481","-46,604",2025-01-09 04:50:00,0.0,2,4,2025-01-09
385176,SÃO PAULO,355030879A,SP,Avenida Tucuruvi,"-23,481","-46,604",2025-01-09 05:50:00,0.0,2,5,2025-01-09
385177,SÃO PAULO,355030879A,SP,Avenida Tucuruvi,"-23,481","-46,604",2025-01-09 06:50:00,0.0,2,6,2025-01-09
385178,SÃO PAULO,355030879A,SP,Avenida Tucuruvi,"-23,481","-46,604",2025-01-09 07:50:00,0.0,2,7,2025-01-09
385179,SÃO PAULO,355030879A,SP,Avenida Tucuruvi,"-23,481","-46,604",2025-01-09 08:50:00,0.0,2,8,2025-01-09
385180,SÃO PAULO,355030879A,SP,Avenida Tucuruvi,"-23,481","-46,604",2025-01-09 09:50:00,0.0,2,9,2025-01-09
385181,SÃO PAULO,355030879A,SP,Avenida Tucuruvi,"-23,481","-46,604",2025-01-09 10:50:00,0.0,2,10,2025-01-09
385182,SÃO PAULO,355030879A,SP,Avenida Tucuruvi,"-23,481","-46,604",2025-01-09 11:50:00,0.0,2,11,2025-01-09
385183,SÃO PAULO,355030879A,SP,Avenida Tucuruvi,"-23,481","-46,604",2025-01-09 12:50:00,0.0,2,12,2025-01-09
385184,SÃO PAULO,355030879A,SP,Avenida Tucuruvi,"-23,481","-46,604",2025-01-09 13:50:00,0.0,2,13,2025-01-09
385185,SÃO PAULO,355030879A,SP,Avenida Tucuruvi,"-23,481","-46,604",2025-01-09 14:50:00,0.0,2,14,2025-01-09
385186,SÃO PAULO,355030879A,SP,Avenida Tucuruvi,"-23,481","-46,604",2025-01-09 15:50:00,0.0,2,15,2025-01-09
385187,SÃO PAULO,355030879A,SP,Avenida Tucuruvi,"-23,481","-46,604",2025-01-09 16:50:00,0.0,2,16,2025-01-09
385188,SÃO PAULO,355030879A,SP,Avenida Tucuruvi,"-23,481","-46,604",2025-01-09 17:50:00,0.0,2,17,2025-01-09
385189,SÃO PAULO,355030879A,SP,Avenida Tucuruvi,"-23,481","-46,604",2025-01-09 18:50:00,0.0,2,18,2025-01-09
385190,SÃO PAULO,355030879A,SP,Avenida Tucuruvi,"-23,481","-46,604",2025-01-09 19:50:00,0.0,2,19,2025-01-09
385191,SÃO PAULO,355030879A,SP,Avenida Tucuruvi,"-23,481","-46,604",2025-01-09 20:50:00,0.0,2,20,2025-01-09
385192,SÃO PAULO,355030879A,SP,Avenida Tucuruvi,"-23,481","-46,604",2025-01-09 21:50:00,0.0,2,21,2025-01-09
385193,SÃO PAULO,355030879A,SP,Avenida Tucuruvi,"-23,481","-46,604",2025-01-09 22:50:00,0.0,2,22,2025-01-09
385194,SÃO PAULO,355030879A,SP,Avenida Tucuruvi,"-23,481","-46,604",2025-01-09 23:50:00,0.0,2,23,2025-01-09
385195,SÃO PAULO,355030879A,SP,Avenida Tucuruvi,"-23,481","-46,604",2025-01-10 00:50:00,0.0,2,0,2025-01-10
385196,SÃO PAULO,355030879A,SP,Avenida Tucuruvi,"-23,481","-46,604",2025-01-10 01:50:00,0.0,2,1,2025-01-10
385197,SÃO PAULO,355030879A,SP,Avenida Tucuruvi,"-23,481","-46,604",2025-01-10 02:50:00,0.0,2,2,2025-01-10
385198,SÃO PAULO,355030879A,SP,Avenida Tucuruvi,"-23,481","-46,604",2025-01-10 03:50:00,0.0,2,3,2025-01-10
385199,SÃO PAULO,355030879A,SP,Avenida Tucuruvi,"-23,481","-46,604",2025-01-10 04:50:00,0.0,2,4,2025-01-10
385200,SÃO PAULO,355030879A,SP,Avenida Tucuruvi,"-23,481","-46,604",2025-01-10 05:50:00,0.0,2,5,2025-01-10
385201,SÃO PAULO,355030879A,SP,Avenida Tucuruvi,"-23,481","-46,604",2025-01-10 06:50:00,0.0,2,6,2025-01-10
385202,SÃO PAULO,355030879A,SP,Avenida Tucuruvi,"-23,481","-46,604",2025-01-10 07:50:00,0.0,2,7,2025-01-10
385203,SÃO PAULO,355030879A,SP,Avenida Tucuruvi,"-23,481","-46,604",2025-01-10 08:50:00,0.0,2,8,2025-01-10
385204,SÃO PAULO,355030879A,SP,Avenida Tucuruvi,"-23,481","-46,604",2025-01-10 09:50:00,0.0,2,9,2025-01-10
385205,SÃO PAULO,355030879A,SP,Avenida Tucuruvi,"-23,481","-46,604",2025-01-10 10:50:00,0.0,2,10,2025-01-10
385206,SÃO PAULO,355030879A,SP,Avenida Tucuruvi,"-23,481","-46,604",2025-01-10 11:50:00,0.0,2,11,2025-01-10
385207,SÃO PAULO,355030879A,SP,Avenida Tucuruvi,"-23,481","-46,604",2025-01-10 12:50:00,0.0,2,12,2025-01-10
385208,SÃO PAULO,355030879A,SP,Avenida Tucuruvi,"-23,481","-46,604",2025-01-10 13:50:00,0.0,2,13,2025-01-10
385209,SÃO PAULO,355030879A,SP,Avenida Tucuruvi,"-23,481","-46,604",2025-01-10 14:50:00,0.0,2,14,2025-01-10
385210,SÃO PAULO,355030879A,SP,Avenida Tucuruvi,"-23,481","-46,604",2025-01-10 15:50:00,0.0,2,15,2025-01-10
385211,SÃO PAULO,355030879A,SP,Avenida Tucuruvi,"-23,481","-46,604",2025-01-10 16:50:00,0.0,2,16,2025-01-10
385212,SÃO PAULO,355030879A,SP,Avenida Tucuruvi,"-23,481","-46,604",2025-01-10 17:50:00,0.0,2,17,2025-01-10
385213,SÃO PAULO,355030879A,SP,Avenida Tucuruvi,"-23,481","-46,604",2025-01-10 18:50:00,0.0,2,18,2025-01-10
385214,SÃO PAULO,355030879A,SP,Avenida Tucuruvi,"-23,481","-46,604",2025-01-10 19:50:00,0.0,2,19,2025-01-10
385215,SÃO PAULO,355030879A,SP,Avenida Tucuruvi,"-23,481","-46,604",2025-01-10 20:50:00,0.0,2,20,2025-01-10
385216,SÃO PAULO,355030879A,SP,Avenida Tucuruvi,"-23,481","-46,604",2025-01-10 21:50:00,0.0,2,21,2025-01-10
385217,SÃO PAULO,355030879A,SP,Avenida Tucuruvi,"-23,481","-46,604",2025-01-10 22:50:00,0.0,2,22,2025-01-10
385218,SÃO PAULO,355030879A,SP,Avenida Tucuruvi,"-23,481","-46,604",2025-01-10 23:50:00,0.0,2,23,2025-01-10
385219,SÃO PAULO,355030879A,SP,Avenida Tucuruvi,"-23,481","-46,604",2025-01-11 00:50:00,0.0,2,0,2025-01-11
385220,SÃO PAULO,355030879A,SP,Avenida Tucuruvi,"-23,481","-46,604",2025-01-11 01:50:00,0.0,2,1,2025-01-11
385221,SÃO PAULO,355030879A,SP,Avenida Tucuruvi,"-23,481","-46,604",2025-01-11 02:50:00,0.0,2,2,2025-01-11
385222,SÃO PAULO,355030879A,SP,Avenida Tucuruvi,"-23,481","-46,604",2025-01-11 03:50:00,0.0,2,3,2025-01-11
385223,SÃO PAULO,355030879A,SP,Avenida Tucuruvi,"-23,481","-46,604",2025-01-11 04:50:00,0.0,2,4,2025-01-11
385224,SÃO PAULO,355030879A,SP,Avenida Tucuruvi,"-23,481","-46,604",2025-01-11 05:50:00,0.0,2,5,2025-01-11
385225,SÃO PAULO,355030879A,SP,Avenida Tucuruvi,"-23,481","-46,604",2025-01-11 06:50:00,0.0,2,6,2025-01-11
385226,SÃO PAULO,355030879A,SP,Avenida Tucuruvi,"-23,481","-46,604",2025-01-11 07:50:00,0.0,2,7,2025-01-11
385227,SÃO PAULO,355030879A,SP,Avenida Tucuruvi,"-23,481","-46,604",2025-01-11 08:50:00,0.0,2,8,2025-01-11
385228,SÃO PAULO,355030879A,SP,Avenida Tucuruvi,"-23,481","-46,604",2025-01-11 09:50:00,0.0,2,9,2025-01-11
385229,SÃO PAULO,355030879A,SP,Avenida Tucuruvi,"-23,481","-46,604",2025-01-11 10:50:00,0.0,2,10,2025-01-11
385230,SÃO PAULO,355030879A,SP,Avenida Tucuruvi,"-23,481","-46,604",2025-01-11 11:50:00,0.0,2,11,2025-01-11
385231,SÃO PAULO,355030879A,SP,Avenida Tucuruvi,"-23,481","-46,604",2025-01-11 12:50:00,0.0,2,12,2025-01-11
385232,SÃO PAULO,355030879A,SP,Avenida Tucuruvi,"-23,481","-46,604",2025-01-11 13:50:00,0.0,2,13,2025-01-11
385233,SÃO PAULO,355030879A,SP,Avenida Tucuruvi,"-23,481","-46,604",2025-01-11 14:50:00,0.0,2,14,2025-01-11
385234,SÃO PAULO,355030879A,SP,Avenida Tucuruvi,"-23,481","-46,604",2025-01-11 15:50:00,0.0,2,15,2025-01-11
385235,SÃO PAULO,355030879A,SP,Avenida Tucuruvi,"-23,481","-46,604",2025-01-11 16:50:00,0.0,2,16,2025-01-11
385236,SÃO PAULO,355030879A,SP,Avenida Tucuruvi,"-23,481","-46,604",2025-01-11 17:50:00,0.0,2,17,2025-01-11
385237,SÃO PAULO,355030879A,SP,Avenida Tucuruvi,"-23,481","-46,604",2025-01-11 18:50:00,0.0,2,18,2025-01-11
385238,SÃO PAULO,355030879A,SP,Avenida Tucuruvi,"-23,481","-46,604",2025-01-11 19:50:00,0.0,2,19,2025-01-11
385239,SÃO PAULO,355030879A,SP,Avenida Tucuruvi,"-23,481","-46,604",2025-01-11 20:50:00,0.0,2,20,2025-01-11
385240,SÃO PAULO,355030879A,SP,Avenida Tucuruvi,"-23,481","-46,604",2025-01-11 21:50:00,0.0,2,21,2025-01-11
385241,SÃO PAULO,355030879A,SP,Avenida Tucuruvi,"-23,481","-46,604",2025-01-11 22:50:00,0.0,2,22,2025-01-11
385242,SÃO PAULO,355030879A,SP,Avenida Tucuruvi,"-23,481","-46,604",2025-01-11 23:50:00,0.0,2,23,2025-01-11
385243,SÃO PAULO,355030879A,SP,Avenida Tucuruvi,"-23,481","-46,604",2025-01-12 00:50:00,0.0,2,0,2025-01-12
385244,SÃO PAULO,355030879A,SP,Avenida Tucuruvi,"-23,481","-46,604",2025-01-12 01:50:00,0.0,2,1,2025-01-12
385245,SÃO PAULO,355030879A,SP,Avenida Tucuruvi,"-23,481","-46,604",2025-01-12 02:50:00,0.0,2,2,2025-01-12
385246,SÃO PAULO,355030879A,SP,Avenida Tucuruvi,"-23,481","-46,604",2025-01-12 03:50:00,0.0,2,3,2025-01-12
385247,SÃO PAULO,355030879A,SP,Avenida Tucuruvi,"-23,481","-46,604",2025-01-12 04:50:00,0.0,2,4,2025-01-12
385248,SÃO PAULO,355030879A,SP,Avenida Tucuruvi,"-23,481","-46,604",2025-01-12 05:50:00,0.0,2,5,2025-01-12
385249,SÃO PAULO,355030879A,SP,Avenida Tucuruvi,"-23,481","-46,604",2025-01-12 06:50:00,0.0,2,6,2025-01-12
385250,SÃO PAULO,355030879A,SP,Avenida Tucuruvi,"-23,481","-46,604",2025-01-12 07:50:00,0.0,2,7,2025-01-12
385251,SÃO PAULO,355030879A,SP,Avenida Tucuruvi,"-23,481","-46,604",2025-01-12 08:50:00,0.0,2,8,2025-01-12
385252,SÃO PAULO,355030879A,SP,Avenida Tucuruvi,"-23,481","-46,604",2025-01-12 09:50:00,0.0,2,9,2025-01-12
385253,SÃO PAULO,355030879A,SP,Avenida Tucuruvi,"-23,481","-46,604",2025-01-12 10:50:00,0.0,2,10,2025-01-12
385254,SÃO PAULO,355030879A,SP,Avenida Tucuruvi,"-23,481","-46,604",2025-01-12 11:50:00,0.0,2,11,2025-01-12
385255,SÃO PAULO,355030879A,SP,Avenida Tucuruvi,"-23,481","-46,604",2025-01-12 12:50:00,0.0,2,12,2025-01-12
385256,SÃO PAULO,355030879A,SP,Avenida Tucuruvi,"-23,481","-46,604",2025-01-12 13:50:00,0.0,2,13,2025-01-12
385257,SÃO PAULO,355030879A,SP,Avenida Tucuruvi,"-23,481","-46,604",2025-01-12 14:50:00,0.0,2,14,2025-01-12
385258,SÃO PAULO,355030879A,SP,Avenida Tucuruvi,"-23,481","-46,604",2025-01-12 15:50:00,0.0,2,15,2025-01-12
385259,SÃO PAULO,355030879A,SP,Avenida Tucuruvi,"-23,481","-46,604",2025-01-12 16:50:00,0.0,2,16,2025-01-12
385260,SÃO PAULO,355030879A,SP,Avenida Tucuruvi,"-23,481","-46,604",2025-01-12 17:50:00,0.0,2,17,2025-01-12
385261,SÃO PAULO,355030879A,SP,Avenida Tucuruvi,"-23,481","-46,604",2025-01-12 18:50:00,0.0,2,18,2025-01-12
385262,SÃO PAULO,355030879A,SP,Avenida Tucuruvi,"-23,481","-46,604",2025-01-12 19:50:00,0.0,2,19,2025-01-12
385263,SÃO PAULO,355030879A,SP,Avenida Tucuruvi,"-23,481","-46,604",2025-01-12 20:50:00,0.0,2,20,2025-01-12
385264,SÃO PAULO,355030879A,SP,Avenida Tucuruvi,"-23,481","-46,604",2025-01-12 21:50:00,0.0,2,21,2025-01-12
385265,SÃO PAULO,355030879A,SP,Avenida Tucuruvi,"-23,481","-46,604",2025-01-12 22:50:00,0.0,2,22,2025-01-12
385266,SÃO PAULO,355030879A,SP,Avenida Tucuruvi,"-23,481","-46,604",2025-01-12 23:50:00,0.0,2,23,2025-01-12
385267,SÃO PAULO,355030879A,SP,Avenida Tucuruvi,"-23,481","-46,604",2025-01-13 00:50:00,0.0,3,0,2025-01-13
385268,SÃO PAULO,355030879A,SP,Avenida Tucuruvi,"-23,481","-46,604",2025-01-13 01:50:00,0.0,3,1,2025-01-13
385269,SÃO PAULO,355030879A,SP,Avenida Tucuruvi,"-23,481","-46,604",2025-01-13 02:50:00,0.0,3,2,2025-01-13
385270,SÃO PAULO,355030879A,SP,Avenida Tucuruvi,"-23,481","-46,604",2025-01-13 03:50:00,0.0,3,3,2025-01-13
385271,SÃO PAULO,355030879A,SP,Avenida Tucuruvi,"-23,481","-46,604",2025-01-13 04:50:00,0.0,3,4,2025-01-13
385272,SÃO PAULO,355030879A,SP,Avenida Tucuruvi,"-23,481","-46,604",2025-01-13 05:50:00,0.0,3,5,2025-01-13
385273,SÃO PAULO,355030879A,SP,Avenida Tucuruvi,"-23,481","-46,604",2025-01-13 06:50:00,0.0,3,6,2025-01-13
385274,SÃO PAULO,355030879A,SP,Avenida Tucuruvi,"-23,481","-46,604",2025-01-13 07:50:00,0.0,3,7,2025-01-13
385275,SÃO PAULO,355030879A,SP,Avenida Tucuruvi,"-23,481","-46,604",2025-01-13 08:50:00,0.0,3,8,2025-01-13
385276,SÃO PAULO,355030879A,SP,Avenida Tucuruvi,"-23,481","-46,604",2025-01-13 09:50:00,0.0,3,9,2025-01-13
385277,SÃO PAULO,355030879A,SP,Avenida Tucuruvi,"-23,481","-46,604",2025-01-13 10:50:00,0.0,3,10,2025-01-13
385278,SÃO PAULO,355030879A,SP,Avenida Tucuruvi,"-23,481","-46,604",2025-01-13 11:50:00,0.0,3,11,2025-01-13
385279,SÃO PAULO,355030879A,SP,Avenida Tucuruvi,"-23,481","-46,604",2025-01-13 12:50:00,0.0,3,12,2025-01-13
385280,SÃO PAULO,355030879A,SP,Avenida Tucuruvi,"-23,481","-46,604",2025-01-13 13:50:00,0.0,3,13,2025-01-13
385281,SÃO PAULO,355030879A,SP,Avenida Tucuruvi,"-23,481","-46,604",2025-01-13 14:50:00,0.0,3,14,2025-01-13
385282,SÃO PAULO,355030879A,SP,Avenida Tucuruvi,"-23,481","-46,604",2025-01-13 15:50:00,0.0,3,15,2025-01-13
385283,SÃO PAULO,355030879A,SP,Avenida Tucuruvi,"-23,481","-46,604",2025-01-13 16:50:00,0.0,3,16,2025-01-13
385284,SÃO PAULO,355030879A,SP,Avenida Tucuruvi,"-23,481","-46,604",2025-01-13 17:50:00,0.0,3,17,2025-01-13
385285,SÃO PAULO,355030879A,SP,Avenida Tucuruvi,"-23,481","-46,604",2025-01-13 18:50:00,0.0,3,18,2025-01-13
385286,SÃO PAULO,355030879A,SP,Avenida Tucuruvi,"-23,481","-46,604",2025-01-13 19:50:00,0.0,3,19,2025-01-13
385287,SÃO PAULO,355030879A,SP,Avenida Tucuruvi,"-23,481","-46,604",2025-01-13 20:50:00,0.0,3,20,2025-01-13
385288,SÃO PAULO,355030879A,SP,Avenida Tucuruvi,"-23,481","-46,604",2025-01-13 21:50:00,0.0,3,21,2025-01-13
385289,SÃO PAULO,355030879A,SP,Avenida Tucuruvi,"-23,481","-46,604",2025-01-13 22:50:00,0.0,3,22,2025-01-13
385290,SÃO PAULO,355030879A,SP,Avenida Tucuruvi,"-23,481","-46,604",2025-01-13 23:50:00,0.0,3,23,2025-01-13
385291,SÃO PAULO,355030879A,SP,Avenida Tucuruvi,"-23,481","-46,604",2025-01-14 00:50:00,0.0,3,0,2025-01-14
385292,SÃO PAULO,355030879A,SP,Avenida Tucuruvi,"-23,481","-46,604",2025-01-14 01:50:00,0.0,3,1,2025-01-14
385293,SÃO PAULO,355030879A,SP,Avenida Tucuruvi,"-23,481","-46,604",2025-01-14 02:50:00,0.0,3,2,2025-01-14
385294,SÃO PAULO,355030879A,SP,Avenida Tucuruvi,"-23,481","-46,604",2025-01-14 03:50:00,0.0,3,3,2025-01-14
385295,SÃO PAULO,355030879A,SP,Avenida Tucuruvi,"-23,481","-46,604",2025-01-14 04:50:00,0.0,3,4,2025-01-14
385296,SÃO PAULO,355030879A,SP,Avenida Tucuruvi,"-23,481","-46,604",2025-01-14 05:50:00,0.0,3,5,2025-01-14
385297,SÃO PAULO,355030879A,SP,Avenida Tucuruvi,"-23,481","-46,604",2025-01-14 06:50:00,0.0,3,6,2025-01-14
385298,SÃO PAULO,355030879A,SP,Avenida Tucuruvi,"-23,481","-46,604",2025-01-14 07:50:00,0.0,3,7,2025-01-14
385299,SÃO PAULO,355030879A,SP,Avenida Tucuruvi,"-23,481","-46,604",2025-01-14 08:50:00,0.0,3,8,2025-01-14
385300,SÃO PAULO,355030879A,SP,Avenida Tucuruvi,"-23,481","-46,604",2025-01-14 09:50:00,0.0,3,9,2025-01-14
385301,SÃO PAULO,355030879A,SP,Avenida Tucuruvi,"-23,481","-46,604",2025-01-14 10:50:00,0.0,3,10,2025-01-14
385302,SÃO PAULO,355030879A,SP,Avenida Tucuruvi,"-23,481","-46,604",2025-01-14 11:50:00,0.0,3,11,2025-01-14
385303,SÃO PAULO,355030879A,SP,Avenida Tucuruvi,"-23,481","-46,604",2025-01-14 12:50:00,0.0,3,12,2025-01-14
385304,SÃO PAULO,355030879A,SP,Avenida Tucuruvi,"-23,481","-46,604",2025-01-14 13:50:00,0.0,3,13,2025-01-14
385305,SÃO PAULO,355030879A,SP,Avenida Tucuruvi,"-23,481","-46,604",2025-01-14 14:50:00,0.0,3,14,2025-01-14
385306,SÃO PAULO,355030879A,SP,Avenida Tucuruvi,"-23,481","-46,604",2025-01-14 15:50:00,0.0,3,15,2025-01-14
385307,SÃO PAULO,355030879A,SP,Avenida Tucuruvi,"-23,481","-46,604",2025-01-14 16:50:00,0.0,3,16,2025-01-14
385308,SÃO PAULO,355030879A,SP,Avenida Tucuruvi,"-23,481","-46,604",2025-01-14 17:50:00,0.0,3,17,2025-01-14
385309,SÃO PAULO,355030879A,SP,Avenida Tucuruvi,"-23,481","-46,604",2025-01-14 18:50:00,0.0,3,18,2025-01-14
385310,SÃO PAULO,355030879A,SP,Avenida Tucuruvi,"-23,481","-46,604",2025-01-14 19:50:00,0.0,3,19,2025-01-14
385311,SÃO PAULO,355030879A,SP,Avenida Tucuruvi,"-23,481","-46,604",2025-01-14 20:50:00,0.0,3,20,2025-01-14
385312,SÃO PAULO,355030879A,SP,Avenida Tucuruvi,"-23,481","-46,604",2025-01-14 21:50:00,0.0,3,21,2025-01-14
385313,SÃO PAULO,355030879A,SP,Avenida Tucuruvi,"-23,481","-46,604",2025-01-14 22:50:00,0.0,3,22,2025-01-14
385314,SÃO PAULO,355030879A,SP,Avenida Tucuruvi,"-23,481","-46,604",2025-01-14 23:50:00,0.0,3,23,2025-01-14
385315,SÃO PAULO,355030879A,SP,Avenida Tucuruvi,"-23,481","-46,604",2025-01-15 00:50:00,0.0,3,0,2025-01-15
385316,SÃO PAULO,355030879A,SP,Avenida Tucuruvi,"-23,481","-46,604",2025-01-15 01:50:00,0.0,3,1,2025-01-15
385317,SÃO PAULO,355030879A,SP,Avenida Tucuruvi,"-23,481","-46,604",2025-01-15 02:50:00,0.0,3,2,2025-01-15
385318,SÃO PAULO,355030879A,SP,Avenida Tucuruvi,"-23,481","-46,604",2025-01-15 03:50:00,0.0,3,3,2025-01-15
385319,SÃO PAULO,355030879A,SP,Avenida Tucuruvi,"-23,481","-46,604",2025-01-15 04:50:00,0.0,3,4,2025-01-15
385320,SÃO PAULO,355030879A,SP,Avenida Tucuruvi,"-23,481","-46,604",2025-01-15 05:50:00,0.0,3,5,2025-01-15
385321,SÃO PAULO,355030879A,SP,Avenida Tucuruvi,"-23,481","-46,604",2025-01-15 06:50:00,0.0,3,6,2025-01-15
385322,SÃO PAULO,355030879A,SP,Avenida Tucuruvi,"-23,481","-46,604",2025-01-15 07:50:00,0.0,3,7,2025-01-15
385323,SÃO PAULO,355030879A,SP,Avenida Tucuruvi,"-23,481","-46,604",2025-01-15 08:50:00,0.0,3,8,2025-01-15
385324,SÃO PAULO,355030879A,SP,Avenida Tucuruvi,"-23,481","-46,604",2025-01-15 09:50:00,0.0,3,9,2025-01-15
385325,SÃO PAULO,355030879A,SP,Avenida Tucuruvi,"-23,481","-46,604",2025-01-15 10:50:00,0.0,3,10,2025-01-15
385326,SÃO PAULO,355030879A,SP,Avenida Tucuruvi,"-23,481","-46,604",2025-01-15 11:50:00,0.0,3,11,2025-01-15
385327,SÃO PAULO,355030879A,SP,Avenida Tucuruvi,"-23,481","-46,604",2025-01-15 12:50:00,0.0,3,12,2025-01-15
385328,SÃO PAULO,355030879A,SP,Avenida Tucuruvi,"-23,481","-46,604",2025-01-15 13:50:00,0.0,3,13,2025-01-15
385329,SÃO PAULO,355030879A,SP,Avenida Tucuruvi,"-23,481","-46,604",2025-01-15 14:50:00,0.0,3,14,2025-01-15
385330,SÃO PAULO,355030879A,SP,Avenida Tucuruvi,"-23,481","-46,604",2025-01-15 15:50:00,0.0,3,15,2025-01-15
385331,SÃO PAULO,355030879A,SP,Avenida Tucuruvi,"-23,481","-46,604",2025-01-15 16:50:00,0.0,3,16,2025-01-15
385332,SÃO PAULO,355030879A,SP,Avenida Tucuruvi,"-23,481","-46,604",2025-01-15 17:50:00,0.0,3,17,2025-01-15
385333,SÃO PAULO,355030879A,SP,Avenida Tucuruvi,"-23,481","-46,604",2025-01-15 18:50:00,0.0,3,18,2025-01-15
385334,SÃO PAULO,355030879A,SP,Avenida Tucuruvi,"-23,481","-46,604",2025-01-15 19:50:00,0.0,3,19,2025-01-15
385335,SÃO PAULO,355030879A,SP,Avenida Tucuruvi,"-23,481","-46,604",2025-01-15 20:50:00,0.0,3,20,2025-01-15
385336,SÃO PAULO,355030879A,SP,Avenida Tucuruvi,"-23,481","-46,604",2025-01-15 21:50:00,0.0,3,21,2025-01-15
385337,SÃO PAULO,355030879A,SP,Avenida Tucuruvi,"-23,481","-46,604",2025-01-15 22:50:00,0.0,3,22,2025-01-15
385338,SÃO PAULO,355030879A,SP,Avenida Tucuruvi,"-23,481","-46,604",2025-01-15 23:50:00,0.0,3,23,2025-01-15
385339,SÃO PAULO,355030879A,SP,Avenida Tucuruvi,"-23,481","-46,604",2025-01-16 00:50:00,0.0,3,0,2025-01-16
385340,SÃO PAULO,355030879A,SP,Avenida Tucuruvi,"-23,481","-46,604",2025-01-16 01:50:00,0.0,3,1,2025-01-16
385341,SÃO PAULO,355030879A,SP,Avenida Tucuruvi,"-23,481","-46,604",2025-01-16 02:50:00,0.0,3,2,2025-01-16
385342,SÃO PAULO,355030879A,SP,Avenida Tucuruvi,"-23,481","-46,604",2025-01-16 03:50:00,0.0,3,3,2025-01-16
385343,SÃO PAULO,355030879A,SP,Avenida Tucuruvi,"-23,481","-46,604",2025-01-16 04:50:00,0.0,3,4,2025-01-16
385344,SÃO PAULO,355030879A,SP,Avenida Tucuruvi,"-23,481","-46,604",2025-01-16 05:50:00,0.0,3,5,2025-01-16
385345,SÃO PAULO,355030879A,SP,Avenida Tucuruvi,"-23,481","-46,604",2025-01-16 06:50:00,0.0,3,6,2025-01-16
385346,SÃO PAULO,355030879A,SP,Avenida Tucuruvi,"-23,481","-46,604",2025-01-16 07:50:00,0.0,3,7,2025-01-16
385347,SÃO PAULO,355030879A,SP,Avenida Tucuruvi,"-23,481","-46,604",2025-01-16 08:50:00,0.0,3,8,2025-01-16
385348,SÃO PAULO,355030879A,SP,Avenida Tucuruvi,"-23,481","-46,604",2025-01-16 09:50:00,0.0,3,9,2025-01-16
385349,SÃO PAULO,355030879A,SP,Avenida Tucuruvi,"-23,481","-46,604",2025-01-16 10:50:00,0.0,3,10,2025-01-16
385350,SÃO PAULO,355030879A,SP,Avenida Tucuruvi,"-23,481","-46,604",2025-01-16 11:50:00,0.0,3,11,2025-01-16
385351,SÃO PAULO,355030879A,SP,Avenida Tucuruvi,"-23,481","-46,604",2025-01-16 12:50:00,0.0,3,12,2025-01-16
385352,SÃO PAULO,355030879A,SP,Avenida Tucuruvi,"-23,481","-46,604",2025-01-16 13:50:00,0.0,3,13,2025-01-16
385353,SÃO PAULO,355030879A,SP,Avenida Tucuruvi,"-23,481","-46,604",2025-01-16 14:50:00,0.0,3,14,2025-01-16
385354,SÃO PAULO,355030879A,SP,Avenida Tucuruvi,"-23,481","-46,604",2025-01-16 15:50:00,0.0,3,15,2025-01-16
385355,SÃO PAULO,355030879A,SP,Avenida Tucuruvi,"-23,481","-46,604",2025-01-16 16:50:00,0.0,3,16,2025-01-16
385356,SÃO PAULO,355030879A,SP,Avenida Tucuruvi,"-23,481","-46,604",2025-01-16 17:50:00,0.0,3,17,2025-01-16
385357,SÃO PAULO,355030879A,SP,Avenida Tucuruvi,"-23,481","-46,604",2025-01-16 18:50:00,0.0,3,18,2025-01-16
385358,SÃO PAULO,355030879A,SP,Avenida Tucuruvi,"-23,481","-46,604",2025-01-16 19:50:00,0.0,3,19,2025-01-16
385359,SÃO PAULO,355030879A,SP,Avenida Tucuruvi,"-23,481","-46,604",2025-01-16 20:30:00,1.57,3,20,2025-01-16
385360,SÃO PAULO,355030879A,SP,Avenida Tucuruvi,"-23,481","-46,604",2025-01-16 20:40:00,0.2,3,20,2025-01-16
385361,SÃO PAULO,355030879A,SP,Avenida Tucuruvi,"-23,481","-46,604",2025-01-16 20:50:00,0.2,3,20,2025-01-16
385362,SÃO PAULO,355030879A,SP,Avenida Tucuruvi,"-23,481","-46,604",2025-01-16 21:50:00,0.2,3,21,2025-01-16
385363,SÃO PAULO,355030879A,SP,Avenida Tucuruvi,"-23,481","-46,604",2025-01-16 22:00:00,0.0,3,22,2025-01-16
385364,SÃO PAULO,355030879A,SP,Avenida Tucuruvi,"-23,481","-46,604",2025-01-16 22:30:00,0.2,3,22,2025-01-16
385365,SÃO PAULO,355030879A,SP,Avenida Tucuruvi,"-23,481","-46,604",2025-01-16 22:50:00,0.0,3,22,2025-01-16
385366,SÃO PAULO,355030879A,SP,Avenida Tucuruvi,"-23,481","-46,604",2025-01-16 23:20:00,0.39,3,23,2025-01-16
385367,SÃO PAULO,355030879A,SP,Avenida Tucuruvi,"-23,481","-46,604",2025-01-16 23:50:00,0.0,3,23,2025-01-16
385368,SÃO PAULO,355030879A,SP,Avenida Tucuruvi,"-23,481","-46,604",2025-01-17 00:00:00,0.79,3,0,2025-01-17
385369,SÃO PAULO,355030879A,SP,Avenida Tucuruvi,"-23,481","-46,604",2025-01-17 00:10:00,4.14,3,0,2025-01-17
385370,SÃO PAULO,355030879A,SP,Avenida Tucuruvi,"-23,481","-46,604",2025-01-17 00:20:00,1.96,3,0,2025-01-17
385371,SÃO PAULO,355030879A,SP,Avenida Tucuruvi,"-23,481","-46,604",2025-01-17 00:30:00,0.39,3,0,2025-01-17
385372,SÃO PAULO,355030879A,SP,Avenida Tucuruvi,"-23,481","-46,604",2025-01-17 00:40:00,0.2,3,0,2025-01-17
385373,SÃO PAULO,355030879A,SP,Avenida Tucuruvi,"-23,481","-46,604",2025-01-17 00:50:00,0.2,3,0,2025-01-17
385374,SÃO PAULO,355030879A,SP,Avenida Tucuruvi,"-23,481","-46,604",2025-01-17 01:30:00,0.39,3,1,2025-01-17
385375,SÃO PAULO,355030879A,SP,Avenida Tucuruvi,"-23,481","-46,604",2025-01-17 01:40:00,0.98,3,1,2025-01-17
385376,SÃO PAULO,355030879A,SP,Avenida Tucuruvi,"-23,481","-46,604",2025-01-17 01:50:00,0.39,3,1,2025-01-17
385377,SÃO PAULO,355030879A,SP,Avenida Tucuruvi,"-23,481","-46,604",2025-01-17 02:00:00,0.39,3,2,2025-01-17
385378,SÃO PAULO,355030879A,SP,Avenida Tucuruvi,"-23,481","-46,604",2025-01-17 02:10:00,0.39,3,2,2025-01-17
385379,SÃO PAULO,355030879A,SP,Avenida Tucuruvi,"-23,481","-46,604",2025-01-17 02:20:00,0.39,3,2,2025-01-17
385380,SÃO PAULO,355030879A,SP,Avenida Tucuruvi,"-23,481","-46,604",2025-01-17 02:30:00,0.39,3,2,2025-01-17
385381,SÃO PAULO,355030879A,SP,Avenida Tucuruvi,"-23,481","-46,604",2025-01-17 02:40:00,0.2,3,2,2025-01-17
385382,SÃO PAULO,355030879A,SP,Avenida Tucuruvi,"-23,481","-46,604",2025-01-17 02:50:00,0.2,3,2,2025-01-17
385383,SÃO PAULO,355030879A,SP,Avenida Tucuruvi,"-23,481","-46,604",2025-01-17 03:10:00,0.2,3,3,2025-01-17
385384,SÃO PAULO,355030879A,SP,Avenida Tucuruvi,"-23,481","-46,604",2025-01-17 03:30:00,0.2,3,3,2025-01-17
385385,SÃO PAULO,355030879A,SP,Avenida Tucuruvi,"-23,481","-46,604",2025-01-17 03:50:00,0.0,3,3,2025-01-17
385386,SÃO PAULO,355030879A,SP,Avenida Tucuruvi,"-23,481","-46,604",2025-01-17 04:50:00,0.0,3,4,2025-01-17
385387,SÃO PAULO,355030879A,SP,Avenida Tucuruvi,"-23,481","-46,604",2025-01-17 05:50:00,0.0,3,5,2025-01-17
385388,SÃO PAULO,355030879A,SP,Avenida Tucuruvi,"-23,481","-46,604",2025-01-17 06:30:00,0.2,3,6,2025-01-17
385389,SÃO PAULO,355030879A,SP,Avenida Tucuruvi,"-23,481","-46,604",2025-01-17 06:50:00,0.0,3,6,2025-01-17
385390,SÃO PAULO,355030879A,SP,Avenida Tucuruvi,"-23,481","-46,604",2025-01-17 07:50:00,0.0,3,7,2025-01-17
385391,SÃO PAULO,355030879A,SP,Avenida Tucuruvi,"-23,481","-46,604",2025-01-17 08:50:00,0.0,3,8,2025-01-17
385392,SÃO PAULO,355030879A,SP,Avenida Tucuruvi,"-23,481","-46,604",2025-01-17 09:50:00,0.0,3,9,2025-01-17
385393,SÃO PAULO,355030879A,SP,Avenida Tucuruvi,"-23,481","-46,604",2025-01-17 10:50:00,0.0,3,10,2025-01-17
385394,SÃO PAULO,355030879A,SP,Avenida Tucuruvi,"-23,481","-46,604",2025-01-17 11:50:00,0.0,3,11,2025-01-17
385395,SÃO PAULO,355030879A,SP,Avenida Tucuruvi,"-23,481","-46,604",2025-01-17 12:50:00,0.0,3,12,2025-01-17
385396,SÃO PAULO,355030879A,SP,Avenida Tucuruvi,"-23,481","-46,604",2025-01-17 13:50:00,0.0,3,13,2025-01-17
385397,SÃO PAULO,355030879A,SP,Avenida Tucuruvi,"-23,481","-46,604",2025-01-17 14:50:00,0.0,3,14,2025-01-17
385398,SÃO PAULO,355030879A,SP,Avenida Tucuruvi,"-23,481","-46,604",2025-01-17 15:50:00,0.0,3,15,2025-01-17
385399,SÃO PAULO,355030879A,SP,Avenida Tucuruvi,"-23,481","-46,604",2025-01-17 16:50:00,0.0,3,16,2025-01-17
385400,SÃO PAULO,355030879A,SP,Avenida Tucuruvi,"-23,481","-46,604",2025-01-17 17:50:00,0.0,3,17,2025-01-17
385401,SÃO PAULO,355030879A,SP,Avenida Tucuruvi,"-23,481","-46,604",2025-01-17 18:50:00,0.0,3,18,2025-01-17
385402,SÃO PAULO,355030879A,SP,Avenida Tucuruvi,"-23,481","-46,604",2025-01-17 19:50:00,0.0,3,19,2025-01-17
385403,SÃO PAULO,355030879A,SP,Avenida Tucuruvi,"-23,481","-46,604",2025-01-17 20:50:00,0.0,3,20,2025-01-17
385404,SÃO PAULO,355030879A,SP,Avenida Tucuruvi,"-23,481","-46,604",2025-01-17 21:50:00,0.0,3,21,2025-01-17
385405,SÃO PAULO,355030879A,SP,Avenida Tucuruvi,"-23,481","-46,604",2025-01-17 22:50:00,0.0,3,22,2025-01-17
385406,SÃO PAULO,355030879A,SP,Avenida Tucuruvi,"-23,481","-46,604",2025-01-17 23:50:00,0.0,3,23,2025-01-17
385407,SÃO PAULO,355030879A,SP,Avenida Tucuruvi,"-23,481","-46,604",2025-01-18 00:50:00,0.0,3,0,2025-01-18
385408,SÃO PAULO,355030879A,SP,Avenida Tucuruvi,"-23,481","-46,604",2025-01-18 01:50:00,0.0,3,1,2025-01-18
385409,SÃO PAULO,355030879A,SP,Avenida Tucuruvi,"-23,481","-46,604",2025-01-18 02:50:00,0.2,3,2,2025-01-18
385410,SÃO PAULO,355030879A,SP,Avenida Tucuruvi,"-23,481","-46,604",2025-01-18 03:00:00,0.2,3,3,2025-01-18
385411,SÃO PAULO,355030879A,SP,Avenida Tucuruvi,"-23,481","-46,604",2025-01-18 03:50:00,0.0,3,3,2025-01-18
385412,SÃO PAULO,355030879A,SP,Avenida Tucuruvi,"-23,481","-46,604",2025-01-18 04:50:00,0.0,3,4,2025-01-18
385413,SÃO PAULO,355030879A,SP,Avenida Tucuruvi,"-23,481","-46,604",2025-01-18 05:50:00,0.0,3,5,2025-01-18
385414,SÃO PAULO,355030879A,SP,Avenida Tucuruvi,"-23,481","-46,604",2025-01-18 06:50:00,0.0,3,6,2025-01-18
385415,SÃO PAULO,355030879A,SP,Avenida Tucuruvi,"-23,481","-46,604",2025-01-18 07:50:00,0.0,3,7,2025-01-18
385416,SÃO PAULO,355030879A,SP,Avenida Tucuruvi,"-23,481","-46,604",2025-01-18 08:50:00,0.0,3,8,2025-01-18
385417,SÃO PAULO,355030879A,SP,Avenida Tucuruvi,"-23,481","-46,604",2025-01-18 09:50:00,0.0,3,9,2025-01-18
385418,SÃO PAULO,355030879A,SP,Avenida Tucuruvi,"-23,481","-46,604",2025-01-18 10:50:00,0.0,3,10,2025-01-18
385419,SÃO PAULO,355030879A,SP,Avenida Tucuruvi,"-23,481","-46,604",2025-01-18 11:50:00,0.0,3,11,2025-01-18
385420,SÃO PAULO,355030879A,SP,Avenida Tucuruvi,"-23,481","-46,604",2025-01-18 12:50:00,0.0,3,12,2025-01-18
385421,SÃO PAULO,355030879A,SP,Avenida Tucuruvi,"-23,481","-46,604",2025-01-18 13:50:00,0.0,3,13,2025-01-18
385422,SÃO PAULO,355030879A,SP,Avenida Tucuruvi,"-23,481","-46,604",2025-01-18 14:50:00,0.0,3,14,2025-01-18
385423,SÃO PAULO,355030879A,SP,Avenida Tucuruvi,"-23,481","-46,604",2025-01-18 15:50:00,0.0,3,15,2025-01-18
385424,SÃO PAULO,355030879A,SP,Avenida Tucuruvi,"-23,481","-46,604",2025-01-18 16:50:00,0.0,3,16,2025-01-18
385425,SÃO PAULO,355030879A,SP,Avenida Tucuruvi,"-23,481","-46,604",2025-01-18 17:50:00,0.0,3,17,2025-01-18
385426,SÃO PAULO,355030879A,SP,Avenida Tucuruvi,"-23,481","-46,604",2025-01-18 18:50:00,0.0,3,18,2025-01-18
385427,SÃO PAULO,355030879A,SP,Avenida Tucuruvi,"-23,481","-46,604",2025-01-18 19:50:00,0.0,3,19,2025-01-18
385428,SÃO PAULO,355030879A,SP,Avenida Tucuruvi,"-23,481","-46,604",2025-01-18 20:50:00,0.0,3,20,2025-01-18
385429,SÃO PAULO,355030879A,SP,Avenida Tucuruvi,"-23,481","-46,604",2025-01-18 21:50:00,0.0,3,21,2025-01-18
385430,SÃO PAULO,355030879A,SP,Avenida Tucuruvi,"-23,481","-46,604",2025-01-18 22:50:00,0.0,3,22,2025-01-18
385431,SÃO PAULO,355030879A,SP,Avenida Tucuruvi,"-23,481","-46,604",2025-01-18 23:50:00,0.0,3,23,2025-01-18
385432,SÃO PAULO,355030879A,SP,Avenida Tucuruvi,"-23,481","-46,604",2025-01-19 00:50:00,0.0,3,0,2025-01-19
385433,SÃO PAULO,355030879A,SP,Avenida Tucuruvi,"-23,481","-46,604",2025-01-19 01:50:00,0.0,3,1,2025-01-19
385434,SÃO PAULO,355030879A,SP,Avenida Tucuruvi,"-23,481","-46,604",2025-01-19 02:50:00,0.0,3,2,2025-01-19
385435,SÃO PAULO,355030879A,SP,Avenida Tucuruvi,"-23,481","-46,604",2025-01-19 03:50:00,0.0,3,3,2025-01-19
385436,SÃO PAULO,355030879A,SP,Avenida Tucuruvi,"-23,481","-46,604",2025-01-19 04:50:00,0.0,3,4,2025-01-19
385437,SÃO PAULO,355030879A,SP,Avenida Tucuruvi,"-23,481","-46,604",2025-01-19 05:50:00,0.0,3,5,2025-01-19
385438,SÃO PAULO,355030879A,SP,Avenida Tucuruvi,"-23,481","-46,604",2025-01-19 06:50:00,0.0,3,6,2025-01-19
385439,SÃO PAULO,355030879A,SP,Avenida Tucuruvi,"-23,481","-46,604",2025-01-19 07:50:00,0.0,3,7,2025-01-19
385440,SÃO PAULO,355030879A,SP,Avenida Tucuruvi,"-23,481","-46,604",2025-01-19 08:50:00,0.0,3,8,2025-01-19
385441,SÃO PAULO,355030879A,SP,Avenida Tucuruvi,"-23,481","-46,604",2025-01-19 09:50:00,0.0,3,9,2025-01-19
385442,SÃO PAULO,355030879A,SP,Avenida Tucuruvi,"-23,481","-46,604",2025-01-19 10:50:00,0.0,3,10,2025-01-19
385443,SÃO PAULO,355030879A,SP,Avenida Tucuruvi,"-23,481","-46,604",2025-01-19 11:50:00,0.0,3,11,2025-01-19
385444,SÃO PAULO,355030879A,SP,Avenida Tucuruvi,"-23,481","-46,604",2025-01-19 12:50:00,0.0,3,12,2025-01-19
385445,SÃO PAULO,355030879A,SP,Avenida Tucuruvi,"-23,481","-46,604",2025-01-19 13:50:00,0.0,3,13,2025-01-19
385446,SÃO PAULO,355030879A,SP,Avenida Tucuruvi,"-23,481","-46,604",2025-01-19 14:50:00,0.0,3,14,2025-01-19
385447,SÃO PAULO,355030879A,SP,Avenida Tucuruvi,"-23,481","-46,604",2025-01-19 15:50:00,0.0,3,15,2025-01-19
385448,SÃO PAULO,355030879A,SP,Avenida Tucuruvi,"-23,481","-46,604",2025-01-19 16:50:00,0.0,3,16,2025-01-19
385449,SÃO PAULO,355030879A,SP,Avenida Tucuruvi,"-23,481","-46,604",2025-01-19 17:50:00,0.0,3,17,2025-01-19
385450,SÃO PAULO,355030879A,SP,Avenida Tucuruvi,"-23,481","-46,604",2025-01-19 18:50:00,0.0,3,18,2025-01-19
385451,SÃO PAULO,355030879A,SP,Avenida Tucuruvi,"-23,481","-46,604",2025-01-19 19:50:00,0.0,3,19,2025-01-19
385452,SÃO PAULO,355030879A,SP,Avenida Tucuruvi,"-23,481","-46,604",2025-01-19 20:50:00,0.0,3,20,2025-01-19
385453,SÃO PAULO,355030879A,SP,Avenida Tucuruvi,"-23,481","-46,604",2025-01-19 21:50:00,0.0,3,21,2025-01-19
385454,SÃO PAULO,355030879A,SP,Avenida Tucuruvi,"-23,481","-46,604",2025-01-19 22:50:00,0.0,3,22,2025-01-19
385455,SÃO PAULO,355030879A,SP,Avenida Tucuruvi,"-23,481","-46,604",2025-01-19 23:50:00,0.0,3,23,2025-01-19
385456,SÃO PAULO,355030879A,SP,Avenida Tucuruvi,"-23,481","-46,604",2025-01-20 00:50:00,0.0,4,0,2025-01-20
385457,SÃO PAULO,355030879A,SP,Avenida Tucuruvi,"-23,481","-46,604",2025-01-20 01:50:00,0.0,4,1,2025-01-20
385458,SÃO PAULO,355030879A,SP,Avenida Tucuruvi,"-23,481","-46,604",2025-01-20 02:50:00,0.0,4,2,2025-01-20
385459,SÃO PAULO,355030879A,SP,Avenida Tucuruvi,"-23,481","-46,604",2025-01-20 03:50:00,0.0,4,3,2025-01-20
385460,SÃO PAULO,355030879A,SP,Avenida Tucuruvi,"-23,481","-46,604",2025-01-20 04:50:00,0.0,4,4,2025-01-20
385461,SÃO PAULO,355030879A,SP,Avenida Tucuruvi,"-23,481","-46,604",2025-01-20 05:50:00,0.0,4,5,2025-01-20
385462,SÃO PAULO,355030879A,SP,Avenida Tucuruvi,"-23,481","-46,604",2025-01-20 06:50:00,0.0,4,6,2025-01-20
385463,SÃO PAULO,355030879A,SP,Avenida Tucuruvi,"-23,481","-46,604",2025-01-20 07:50:00,0.0,4,7,2025-01-20
385464,SÃO PAULO,355030879A,SP,Avenida Tucuruvi,"-23,481","-46,604",2025-01-20 08:50:00,0.0,4,8,2025-01-20
385465,SÃO PAULO,355030879A,SP,Avenida Tucuruvi,"-23,481","-46,604",2025-01-20 09:50:00,0.0,4,9,2025-01-20
385466,SÃO PAULO,355030879A,SP,Avenida Tucuruvi,"-23,481","-46,604",2025-01-20 10:50:00,0.0,4,10,2025-01-20
385467,SÃO PAULO,355030879A,SP,Avenida Tucuruvi,"-23,481","-46,604",2025-01-20 11:50:00,0.0,4,11,2025-01-20
385468,SÃO PAULO,355030879A,SP,Avenida Tucuruvi,"-23,481","-46,604",2025-01-20 12:50:00,0.0,4,12,2025-01-20
385469,SÃO PAULO,355030879A,SP,Avenida Tucuruvi,"-23,481","-46,604",2025-01-20 13:50:00,0.0,4,13,2025-01-20
385470,SÃO PAULO,355030879A,SP,Avenida Tucuruvi,"-23,481","-46,604",2025-01-20 14:50:00,0.0,4,14,2025-01-20
385471,SÃO PAULO,355030879A,SP,Avenida Tucuruvi,"-23,481","-46,604",2025-01-20 15:50:00,0.0,4,15,2025-01-20
385472,SÃO PAULO,355030879A,SP,Avenida Tucuruvi,"-23,481","-46,604",2025-01-20 16:50:00,0.0,4,16,2025-01-20
385473,SÃO PAULO,355030879A,SP,Avenida Tucuruvi,"-23,481","-46,604",2025-01-20 17:50:00,0.0,4,17,2025-01-20
385474,SÃO PAULO,355030879A,SP,Avenida Tucuruvi,"-23,481","-46,604",2025-01-20 18:50:00,0.0,4,18,2025-01-20
385475,SÃO PAULO,355030879A,SP,Avenida Tucuruvi,"-23,481","-46,604",2025-01-20 19:50:00,0.0,4,19,2025-01-20
385476,SÃO PAULO,355030879A,SP,Avenida Tucuruvi,"-23,481","-46,604",2025-01-20 20:50:00,0.0,4,20,2025-01-20
385477,SÃO PAULO,355030879A,SP,Avenida Tucuruvi,"-23,481","-46,604",2025-01-20 21:50:00,0.0,4,21,2025-01-20
385478,SÃO PAULO,355030879A,SP,Avenida Tucuruvi,"-23,481","-46,604",2025-01-20 22:50:00,0.0,4,22,2025-01-20
385479,SÃO PAULO,355030879A,SP,Avenida Tucuruvi,"-23,481","-46,604",2025-01-20 23:50:00,0.0,4,23,2025-01-20
385480,SÃO PAULO,355030879A,SP,Avenida Tucuruvi,"-23,481","-46,604",2025-01-21 00:50:00,0.0,4,0,2025-01-21
385481,SÃO PAULO,355030879A,SP,Avenida Tucuruvi,"-23,481","-46,604",2025-01-21 01:50:00,0.0,4,1,2025-01-21
385482,SÃO PAULO,355030879A,SP,Avenida Tucuruvi,"-23,481","-46,604",2025-01-21 02:50:00,0.0,4,2,2025-01-21
385483,SÃO PAULO,355030879A,SP,Avenida Tucuruvi,"-23,481","-46,604",2025-01-21 03:50:00,0.0,4,3,2025-01-21
385484,SÃO PAULO,355030879A,SP,Avenida Tucuruvi,"-23,481","-46,604",2025-01-21 05:20:00,0.0,4,5,2025-01-21
385485,SÃO PAULO,355030879A,SP,Avenida Tucuruvi,"-23,481","-46,604",2025-01-21 05:50:00,0.0,4,5,2025-01-21
385486,SÃO PAULO,355030879A,SP,Avenida Tucuruvi,"-23,481","-46,604",2025-01-21 06:50:00,0.0,4,6,2025-01-21
385487,SÃO PAULO,355030879A,SP,Avenida Tucuruvi,"-23,481","-46,604",2025-01-21 07:50:00,0.0,4,7,2025-01-21
385488,SÃO PAULO,355030879A,SP,Avenida Tucuruvi,"-23,481","-46,604",2025-01-21 08:50:00,0.0,4,8,2025-01-21
385489,SÃO PAULO,355030879A,SP,Avenida Tucuruvi,"-23,481","-46,604",2025-01-21 09:50:00,0.0,4,9,2025-01-21
385490,SÃO PAULO,355030879A,SP,Avenida Tucuruvi,"-23,481","-46,604",2025-01-21 10:50:00,0.0,4,10,2025-01-21
385491,SÃO PAULO,355030879A,SP,Avenida Tucuruvi,"-23,481","-46,604",2025-01-21 11:50:00,0.0,4,11,2025-01-21
385492,SÃO PAULO,355030879A,SP,Avenida Tucuruvi,"-23,481","-46,604",2025-01-21 12:50:00,0.0,4,12,2025-01-21
385493,SÃO PAULO,355030879A,SP,Avenida Tucuruvi,"-23,481","-46,604",2025-01-21 13:50:00,0.0,4,13,2025-01-21
385494,SÃO PAULO,355030879A,SP,Avenida Tucuruvi,"-23,481","-46,604",2025-01-21 14:50:00,0.0,4,14,2025-01-21
385495,SÃO PAULO,355030879A,SP,Avenida Tucuruvi,"-23,481","-46,604",2025-01-21 15:50:00,0.0,4,15,2025-01-21
385496,SÃO PAULO,355030879A,SP,Avenida Tucuruvi,"-23,481","-46,604",2025-01-21 16:50:00,0.0,4,16,2025-01-21
385497,SÃO PAULO,355030879A,SP,Avenida Tucuruvi,"-23,481","-46,604",2025-01-21 17:50:00,0.0,4,17,2025-01-21
385498,SÃO PAULO,355030879A,SP,Avenida Tucuruvi,"-23,481","-46,604",2025-01-21 18:50:00,0.0,4,18,2025-01-21
385499,SÃO PAULO,355030879A,SP,Avenida Tucuruvi,"-23,481","-46,604",2025-01-21 19:50:00,0.0,4,19,2025-01-21
385500,SÃO PAULO,355030879A,SP,Avenida Tucuruvi,"-23,481","-46,604",2025-01-21 20:50:00,0.0,4,20,2025-01-21
385501,SÃO PAULO,355030879A,SP,Avenida Tucuruvi,"-23,481","-46,604",2025-01-21 21:50:00,0.0,4,21,2025-01-21
385502,SÃO PAULO,355030879A,SP,Avenida Tucuruvi,"-23,481","-46,604",2025-01-21 22:50:00,0.0,4,22,2025-01-21
385503,SÃO PAULO,355030879A,SP,Avenida Tucuruvi,"-23,481","-46,604",2025-01-21 23:50:00,0.0,4,23,2025-01-21
385504,SÃO PAULO,355030879A,SP,Avenida Tucuruvi,"-23,481","-46,604",2025-01-22 00:50:00,0.0,4,0,2025-01-22
385505,SÃO PAULO,355030879A,SP,Avenida Tucuruvi,"-23,481","-46,604",2025-01-22 01:50:00,0.0,4,1,2025-01-22
385506,SÃO PAULO,355030879A,SP,Avenida Tucuruvi,"-23,481","-46,604",2025-01-22 02:50:00,0.0,4,2,2025-01-22
385507,SÃO PAULO,355030879A,SP,Avenida Tucuruvi,"-23,481","-46,604",2025-01-22 03:50:00,0.0,4,3,2025-01-22
385508,SÃO PAULO,355030879A,SP,Avenida Tucuruvi,"-23,481","-46,604",2025-01-22 04:50:00,0.0,4,4,2025-01-22
385509,SÃO PAULO,355030879A,SP,Avenida Tucuruvi,"-23,481","-46,604",2025-01-22 05:50:00,0.0,4,5,2025-01-22
385510,SÃO PAULO,355030879A,SP,Avenida Tucuruvi,"-23,481","-46,604",2025-01-22 06:50:00,0.0,4,6,2025-01-22
385511,SÃO PAULO,355030879A,SP,Avenida Tucuruvi,"-23,481","-46,604",2025-01-22 07:50:00,0.0,4,7,2025-01-22
385512,SÃO PAULO,355030879A,SP,Avenida Tucuruvi,"-23,481","-46,604",2025-01-22 08:50:00,0.0,4,8,2025-01-22
385513,SÃO PAULO,355030879A,SP,Avenida Tucuruvi,"-23,481","-46,604",2025-01-22 09:50:00,0.0,4,9,2025-01-22
385514,SÃO PAULO,355030879A,SP,Avenida Tucuruvi,"-23,481","-46,604",2025-01-22 10:50:00,0.0,4,10,2025-01-22
385515,SÃO PAULO,355030879A,SP,Avenida Tucuruvi,"-23,481","-46,604",2025-01-22 11:50:00,0.0,4,11,2025-01-22
385516,SÃO PAULO,355030879A,SP,Avenida Tucuruvi,"-23,481","-46,604",2025-01-22 12:50:00,0.0,4,12,2025-01-22
385517,SÃO PAULO,355030879A,SP,Avenida Tucuruvi,"-23,481","-46,604",2025-01-22 13:50:00,0.0,4,13,2025-01-22
385518,SÃO PAULO,355030879A,SP,Avenida Tucuruvi,"-23,481","-46,604",2025-01-22 14:50:00,0.0,4,14,2025-01-22
385519,SÃO PAULO,355030879A,SP,Avenida Tucuruvi,"-23,481","-46,604",2025-01-22 15:50:00,0.0,4,15,2025-01-22
385520,SÃO PAULO,355030879A,SP,Avenida Tucuruvi,"-23,481","-46,604",2025-01-22 16:50:00,0.0,4,16,2025-01-22
385521,SÃO PAULO,355030879A,SP,Avenida Tucuruvi,"-23,481","-46,604",2025-01-22 17:50:00,0.0,4,17,2025-01-22
385522,SÃO PAULO,355030879A,SP,Avenida Tucuruvi,"-23,481","-46,604",2025-01-22 18:50:00,0.0,4,18,2025-01-22
385523,SÃO PAULO,355030879A,SP,Avenida Tucuruvi,"-23,481","-46,604",2025-01-22 19:50:00,0.0,4,19,2025-01-22
385524,SÃO PAULO,355030879A,SP,Avenida Tucuruvi,"-23,481","-46,604",2025-01-22 20:50:00,0.0,4,20,2025-01-22
385525,SÃO PAULO,355030879A,SP,Avenida Tucuruvi,"-23,481","-46,604",2025-01-22 21:10:00,0.2,4,21,2025-01-22
385526,SÃO PAULO,355030879A,SP,Avenida Tucuruvi,"-23,481","-46,604",2025-01-22 21:20:00,3.74,4,21,2025-01-22
385527,SÃO PAULO,355030879A,SP,Avenida Tucuruvi,"-23,481","-46,604",2025-01-22 21:30:00,3.15,4,21,2025-01-22
385528,SÃO PAULO,355030879A,SP,Avenida Tucuruvi,"-23,481","-46,604",2025-01-22 21:40:00,0.39,4,21,2025-01-22
385529,SÃO PAULO,355030879A,SP,Avenida Tucuruvi,"-23,481","-46,604",2025-01-22 21:50:00,0.0,4,21,2025-01-22
385530,SÃO PAULO,355030879A,SP,Avenida Tucuruvi,"-23,481","-46,604",2025-01-22 22:50:00,0.0,4,22,2025-01-22
385531,SÃO PAULO,355030879A,SP,Avenida Tucuruvi,"-23,481","-46,604",2025-01-22 23:50:00,0.0,4,23,2025-01-22
385532,SÃO PAULO,355030879A,SP,Avenida Tucuruvi,"-23,481","-46,604",2025-01-23 00:50:00,0.0,4,0,2025-01-23
385533,SÃO PAULO,355030879A,SP,Avenida Tucuruvi,"-23,481","-46,604",2025-01-23 01:50:00,0.0,4,1,2025-01-23
385534,SÃO PAULO,355030879A,SP,Avenida Tucuruvi,"-23,481","-46,604",2025-01-23 02:50:00,0.0,4,2,2025-01-23
385535,SÃO PAULO,355030879A,SP,Avenida Tucuruvi,"-23,481","-46,604",2025-01-23 03:50:00,0.0,4,3,2025-01-23
385536,SÃO PAULO,355030879A,SP,Avenida Tucuruvi,"-23,481","-46,604",2025-01-23 04:50:00,0.0,4,4,2025-01-23
385537,SÃO PAULO,355030879A,SP,Avenida Tucuruvi,"-23,481","-46,604",2025-01-23 05:50:00,0.0,4,5,2025-01-23
385538,SÃO PAULO,355030879A,SP,Avenida Tucuruvi,"-23,481","-46,604",2025-01-23 06:50:00,0.0,4,6,2025-01-23
385539,SÃO PAULO,355030879A,SP,Avenida Tucuruvi,"-23,481","-46,604",2025-01-23 07:50:00,0.0,4,7,2025-01-23
385540,SÃO PAULO,355030879A,SP,Avenida Tucuruvi,"-23,481","-46,604",2025-01-23 08:50:00,0.0,4,8,2025-01-23
385541,SÃO PAULO,355030879A,SP,Avenida Tucuruvi,"-23,481","-46,604",2025-01-23 09:50:00,0.0,4,9,2025-01-23
385542,SÃO PAULO,355030879A,SP,Avenida Tucuruvi,"-23,481","-46,604",2025-01-23 10:50:00,0.0,4,10,2025-01-23
385543,SÃO PAULO,355030879A,SP,Avenida Tucuruvi,"-23,481","-46,604",2025-01-23 11:50:00,0.0,4,11,2025-01-23
385544,SÃO PAULO,355030879A,SP,Avenida Tucuruvi,"-23,481","-46,604",2025-01-23 12:50:00,0.0,4,12,2025-01-23
385545,SÃO PAULO,355030879A,SP,Avenida Tucuruvi,"-23,481","-46,604",2025-01-23 13:50:00,0.0,4,13,2025-01-23
385546,SÃO PAULO,355030879A,SP,Avenida Tucuruvi,"-23,481","-46,604",2025-01-23 14:50:00,0.0,4,14,2025-01-23
385547,SÃO PAULO,355030879A,SP,Avenida Tucuruvi,"-23,481","-46,604",2025-01-23 15:50:00,0.0,4,15,2025-01-23
385548,SÃO PAULO,355030879A,SP,Avenida Tucuruvi,"-23,481","-46,604",2025-01-23 16:50:00,0.0,4,16,2025-01-23
385549,SÃO PAULO,355030879A,SP,Avenida Tucuruvi,"-23,481","-46,604",2025-01-23 17:50:00,0.0,4,17,2025-01-23
385550,SÃO PAULO,355030879A,SP,Avenida Tucuruvi,"-23,481","-46,604",2025-01-23 18:50:00,0.0,4,18,2025-01-23
385551,SÃO PAULO,355030879A,SP,Avenida Tucuruvi,"-23,481","-46,604",2025-01-23 19:50:00,0.0,4,19,2025-01-23
385552,SÃO PAULO,355030879A,SP,Avenida Tucuruvi,"-23,481","-46,604",2025-01-23 20:50:00,0.0,4,20,2025-01-23
385553,SÃO PAULO,355030879A,SP,Avenida Tucuruvi,"-23,481","-46,604",2025-01-23 21:50:00,0.0,4,21,2025-01-23
385554,SÃO PAULO,355030879A,SP,Avenida Tucuruvi,"-23,481","-46,604",2025-01-23 22:50:00,0.0,4,22,2025-01-23
385555,SÃO PAULO,355030879A,SP,Avenida Tucuruvi,"-23,481","-46,604",2025-01-23 23:50:00,0.0,4,23,2025-01-23
385556,SÃO PAULO,355030879A,SP,Avenida Tucuruvi,"-23,481","-46,604",2025-01-24 00:50:00,0.0,4,0,2025-01-24
385557,SÃO PAULO,355030879A,SP,Avenida Tucuruvi,"-23,481","-46,604",2025-01-24 01:50:00,0.0,4,1,2025-01-24
385558,SÃO PAULO,355030879A,SP,Avenida Tucuruvi,"-23,481","-46,604",2025-01-24 02:50:00,0.0,4,2,2025-01-24
385559,SÃO PAULO,355030879A,SP,Avenida Tucuruvi,"-23,481","-46,604",2025-01-24 03:50:00,0.0,4,3,2025-01-24
385560,SÃO PAULO,355030879A,SP,Avenida Tucuruvi,"-23,481","-46,604",2025-01-24 04:50:00,0.0,4,4,2025-01-24
385561,SÃO PAULO,355030879A,SP,Avenida Tucuruvi,"-23,481","-46,604",2025-01-24 05:50:00,0.0,4,5,2025-01-24
385562,SÃO PAULO,355030879A,SP,Avenida Tucuruvi,"-23,481","-46,604",2025-01-24 06:50:00,0.0,4,6,2025-01-24
385563,SÃO PAULO,355030879A,SP,Avenida Tucuruvi,"-23,481","-46,604",2025-01-24 07:50:00,0.0,4,7,2025-01-24
385564,SÃO PAULO,355030879A,SP,Avenida Tucuruvi,"-23,481","-46,604",2025-01-24 08:50:00,0.0,4,8,2025-01-24
385565,SÃO PAULO,355030879A,SP,Avenida Tucuruvi,"-23,481","-46,604",2025-01-24 09:50:00,0.0,4,9,2025-01-24
385566,SÃO PAULO,355030879A,SP,Avenida Tucuruvi,"-23,481","-46,604",2025-01-24 10:50:00,0.0,4,10,2025-01-24
385567,SÃO PAULO,355030879A,SP,Avenida Tucuruvi,"-23,481","-46,604",2025-01-24 11:50:00,0.0,4,11,2025-01-24
385568,SÃO PAULO,355030879A,SP,Avenida Tucuruvi,"-23,481","-46,604",2025-01-24 12:50:00,0.0,4,12,2025-01-24
385569,SÃO PAULO,355030879A,SP,Avenida Tucuruvi,"-23,481","-46,604",2025-01-24 13:50:00,0.0,4,13,2025-01-24
385570,SÃO PAULO,355030879A,SP,Avenida Tucuruvi,"-23,481","-46,604",2025-01-24 14:50:00,0.0,4,14,2025-01-24
385571,SÃO PAULO,355030879A,SP,Avenida Tucuruvi,"-23,481","-46,604",2025-01-24 16:50:00,0.0,4,16,2025-01-24
385572,SÃO PAULO,355030879A,SP,Avenida Tucuruvi,"-23,481","-46,604",2025-01-24 17:50:00,0.0,4,17,2025-01-24
385573,SÃO PAULO,355030879A,SP,Avenida Tucuruvi,"-23,481","-46,604",2025-01-24 18:30:00,3.15,4,18,2025-01-24
385574,SÃO PAULO,355030879A,SP,Avenida Tucuruvi,"-23,481","-46,604",2025-01-24 18:40:00,6.3,4,18,2025-01-24
385575,SÃO PAULO,355030879A,SP,Avenida Tucuruvi,"-23,481","-46,604",2025-01-24 18:50:00,7.09,4,18,2025-01-24
385576,SÃO PAULO,355030879A,SP,Avenida Tucuruvi,"-23,481","-46,604",2025-01-24 19:00:00,5.71,4,19,2025-01-24
385577,SÃO PAULO,355030879A,SP,Avenida Tucuruvi,"-23,481","-46,604",2025-01-24 19:10:00,6.7,4,19,2025-01-24
385578,SÃO PAULO,355030879A,SP,Avenida Tucuruvi,"-23,481","-46,604",2025-01-24 19:20:00,4.92,4,19,2025-01-24
385579,SÃO PAULO,355030879A,SP,Avenida Tucuruvi,"-23,481","-46,604",2025-01-24 19:30:00,3.15,4,19,2025-01-24
385580,SÃO PAULO,355030879A,SP,Avenida Tucuruvi,"-23,481","-46,604",2025-01-24 19:40:00,1.57,4,19,2025-01-24
385581,SÃO PAULO,355030879A,SP,Avenida Tucuruvi,"-23,481","-46,604",2025-01-24 19:50:00,0.39,4,19,2025-01-24
385582,SÃO PAULO,355030879A,SP,Avenida Tucuruvi,"-23,481","-46,604",2025-01-24 20:00:00,0.39,4,20,2025-01-24
385583,SÃO PAULO,355030879A,SP,Avenida Tucuruvi,"-23,481","-46,604",2025-01-24 20:10:00,0.2,4,20,2025-01-24
385584,SÃO PAULO,355030879A,SP,Avenida Tucuruvi,"-23,481","-46,604",2025-01-24 20:30:00,0.2,4,20,2025-01-24
385585,SÃO PAULO,355030879A,SP,Avenida Tucuruvi,"-23,481","-46,604",2025-01-24 20:40:00,0.2,4,20,2025-01-24
385586,SÃO PAULO,355030879A,SP,Avenida Tucuruvi,"-23,481","-46,604",2025-01-24 20:50:00,0.39,4,20,2025-01-24
385587,SÃO PAULO,355030879A,SP,Avenida Tucuruvi,"-23,481","-46,604",2025-01-24 21:00:00,0.39,4,21,2025-01-24
385588,SÃO PAULO,355030879A,SP,Avenida Tucuruvi,"-23,481","-46,604",2025-01-24 21:10:00,0.39,4,21,2025-01-24
385589,SÃO PAULO,355030879A,SP,Avenida Tucuruvi,"-23,481","-46,604",2025-01-24 21:20:00,0.2,4,21,2025-01-24
385590,SÃO PAULO,355030879A,SP,Avenida Tucuruvi,"-23,481","-46,604",2025-01-24 21:40:00,0.2,4,21,2025-01-24
385591,SÃO PAULO,355030879A,SP,Avenida Tucuruvi,"-23,481","-46,604",2025-01-24 22:00:00,0.2,4,22,2025-01-24
385592,SÃO PAULO,355030879A,SP,Avenida Tucuruvi,"-23,481","-46,604",2025-01-24 22:10:00,0.2,4,22,2025-01-24
385593,SÃO PAULO,355030879A,SP,Avenida Tucuruvi,"-23,481","-46,604",2025-01-24 22:50:00,0.0,4,22,2025-01-24
385594,SÃO PAULO,355030879A,SP,Avenida Tucuruvi,"-23,481","-46,604",2025-01-24 23:50:00,0.0,4,23,2025-01-24
385595,SÃO PAULO,355030879A,SP,Avenida Tucuruvi,"-23,481","-46,604",2025-01-25 00:50:00,0.0,4,0,2025-01-25
385596,SÃO PAULO,355030879A,SP,Avenida Tucuruvi,"-23,481","-46,604",2025-01-25 01:50:00,0.0,4,1,2025-01-25
385597,SÃO PAULO,355030879A,SP,Avenida Tucuruvi,"-23,481","-46,604",2025-01-25 02:50:00,0.0,4,2,2025-01-25
385598,SÃO PAULO,355030879A,SP,Avenida Tucuruvi,"-23,481","-46,604",2025-01-25 03:50:00,0.0,4,3,2025-01-25
385599,SÃO PAULO,355030879A,SP,Avenida Tucuruvi,"-23,481","-46,604",2025-01-25 04:50:00,0.0,4,4,2025-01-25
385600,SÃO PAULO,355030879A,SP,Avenida Tucuruvi,"-23,481","-46,604",2025-01-25 05:50:00,0.0,4,5,2025-01-25
385601,SÃO PAULO,355030879A,SP,Avenida Tucuruvi,"-23,481","-46,604",2025-01-25 06:50:00,0.0,4,6,2025-01-25
385602,SÃO PAULO,355030879A,SP,Avenida Tucuruvi,"-23,481","-46,604",2025-01-25 07:50:00,0.0,4,7,2025-01-25
385603,SÃO PAULO,355030879A,SP,Avenida Tucuruvi,"-23,481","-46,604",2025-01-25 08:50:00,0.0,4,8,2025-01-25
385604,SÃO PAULO,355030879A,SP,Avenida Tucuruvi,"-23,481","-46,604",2025-01-25 09:50:00,0.0,4,9,2025-01-25
385605,SÃO PAULO,355030879A,SP,Avenida Tucuruvi,"-23,481","-46,604",2025-01-25 10:50:00,0.0,4,10,2025-01-25
385606,SÃO PAULO,355030879A,SP,Avenida Tucuruvi,"-23,481","-46,604",2025-01-25 11:50:00,0.0,4,11,2025-01-25
385607,SÃO PAULO,355030879A,SP,Avenida Tucuruvi,"-23,481","-46,604",2025-01-25 12:50:00,0.0,4,12,2025-01-25
385608,SÃO PAULO,355030879A,SP,Avenida Tucuruvi,"-23,481","-46,604",2025-01-25 13:50:00,0.0,4,13,2025-01-25
385609,SÃO PAULO,355030879A,SP,Avenida Tucuruvi,"-23,481","-46,604",2025-01-25 14:50:00,0.0,4,14,2025-01-25
385610,SÃO PAULO,355030879A,SP,Avenida Tucuruvi,"-23,481","-46,604",2025-01-25 15:50:00,0.0,4,15,2025-01-25
385611,SÃO PAULO,355030879A,SP,Avenida Tucuruvi,"-23,481","-46,604",2025-01-25 16:50:00,0.0,4,16,2025-01-25
385612,SÃO PAULO,355030879A,SP,Avenida Tucuruvi,"-23,481","-46,604",2025-01-25 17:50:00,0.0,4,17,2025-01-25
385613,SÃO PAULO,355030879A,SP,Avenida Tucuruvi,"-23,481","-46,604",2025-01-25 18:50:00,0.0,4,18,2025-01-25
385614,SÃO PAULO,355030879A,SP,Avenida Tucuruvi,"-23,481","-46,604",2025-01-25 19:50:00,0.0,4,19,2025-01-25
385615,SÃO PAULO,355030879A,SP,Avenida Tucuruvi,"-23,481","-46,604",2025-01-25 20:50:00,0.0,4,20,2025-01-25
385616,SÃO PAULO,355030879A,SP,Avenida Tucuruvi,"-23,481","-46,604",2025-01-25 21:50:00,0.0,4,21,2025-01-25
385617,SÃO PAULO,355030879A,SP,Avenida Tucuruvi,"-23,481","-46,604",2025-01-25 22:50:00,0.0,4,22,2025-01-25
385618,SÃO PAULO,355030879A,SP,Avenida Tucuruvi,"-23,481","-46,604",2025-01-25 23:50:00,0.0,4,23,2025-01-25
385619,SÃO PAULO,355030879A,SP,Avenida Tucuruvi,"-23,481","-46,604",2025-01-26 00:50:00,0.0,4,0,2025-01-26
385620,SÃO PAULO,355030879A,SP,Avenida Tucuruvi,"-23,481","-46,604",2025-01-26 01:50:00,0.0,4,1,2025-01-26
385621,SÃO PAULO,355030879A,SP,Avenida Tucuruvi,"-23,481","-46,604",2025-01-26 02:50:00,0.0,4,2,2025-01-26
385622,SÃO PAULO,355030879A,SP,Avenida Tucuruvi,"-23,481","-46,604",2025-01-26 03:50:00,0.0,4,3,2025-01-26
385623,SÃO PAULO,355030879A,SP,Avenida Tucuruvi,"-23,481","-46,604",2025-01-26 04:50:00,0.0,4,4,2025-01-26
385624,SÃO PAULO,355030879A,SP,Avenida Tucuruvi,"-23,481","-46,604",2025-01-26 05:10:00,0.2,4,5,2025-01-26
385625,SÃO PAULO,355030879A,SP,Avenida Tucuruvi,"-23,481","-46,604",2025-01-26 05:30:00,0.2,4,5,2025-01-26
385626,SÃO PAULO,355030879A,SP,Avenida Tucuruvi,"-23,481","-46,604",2025-01-26 05:50:00,0.0,4,5,2025-01-26
385627,SÃO PAULO,355030879A,SP,Avenida Tucuruvi,"-23,481","-46,604",2025-01-26 06:20:00,0.2,4,6,2025-01-26
385628,SÃO PAULO,355030879A,SP,Avenida Tucuruvi,"-23,481","-46,604",2025-01-26 06:50:00,0.0,4,6,2025-01-26
385629,SÃO PAULO,355030879A,SP,Avenida Tucuruvi,"-23,481","-46,604",2025-01-26 07:50:00,0.2,4,7,2025-01-26
385630,SÃO PAULO,355030879A,SP,Avenida Tucuruvi,"-23,481","-46,604",2025-01-26 08:50:00,0.0,4,8,2025-01-26
385631,SÃO PAULO,355030879A,SP,Avenida Tucuruvi,"-23,481","-46,604",2025-01-26 09:50:00,0.0,4,9,2025-01-26
385632,SÃO PAULO,355030879A,SP,Avenida Tucuruvi,"-23,481","-46,604",2025-01-26 10:50:00,0.0,4,10,2025-01-26
385633,SÃO PAULO,355030879A,SP,Avenida Tucuruvi,"-23,481","-46,604",2025-01-26 11:50:00,0.0,4,11,2025-01-26
385634,SÃO PAULO,355030879A,SP,Avenida Tucuruvi,"-23,481","-46,604",2025-01-26 12:50:00,0.0,4,12,2025-01-26
385635,SÃO PAULO,355030879A,SP,Avenida Tucuruvi,"-23,481","-46,604",2025-01-26 14:50:00,0.0,4,14,2025-01-26
385636,SÃO PAULO,355030879A,SP,Avenida Tucuruvi,"-23,481","-46,604",2025-01-26 15:50:00,0.0,4,15,2025-01-26
385637,SÃO PAULO,355030879A,SP,Avenida Tucuruvi,"-23,481","-46,604",2025-01-26 16:50:00,0.0,4,16,2025-01-26
385638,SÃO PAULO,355030879A,SP,Avenida Tucuruvi,"-23,481","-46,604",2025-01-26 17:50:00,0.2,4,17,2025-01-26
385639,SÃO PAULO,355030879A,SP,Avenida Tucuruvi,"-23,481","-46,604",2025-01-26 18:10:00,1.18,4,18,2025-01-26
385640,SÃO PAULO,355030879A,SP,Avenida Tucuruvi,"-23,481","-46,604",2025-01-26 18:20:00,4.72,4,18,2025-01-26
385641,SÃO PAULO,355030879A,SP,Avenida Tucuruvi,"-23,481","-46,604",2025-01-26 18:30:00,1.18,4,18,2025-01-26
385642,SÃO PAULO,355030879A,SP,Avenida Tucuruvi,"-23,481","-46,604",2025-01-26 18:40:00,0.39,4,18,2025-01-26
385643,SÃO PAULO,355030879A,SP,Avenida Tucuruvi,"-23,481","-46,604",2025-01-26 18:50:00,0.2,4,18,2025-01-26
385644,SÃO PAULO,355030879A,SP,Avenida Tucuruvi,"-23,481","-46,604",2025-01-26 19:30:00,5.99,4,19,2025-01-26
385645,SÃO PAULO,355030879A,SP,Avenida Tucuruvi,"-23,481","-46,604",2025-01-26 19:40:00,6.49,4,19,2025-01-26
385646,SÃO PAULO,355030879A,SP,Avenida Tucuruvi,"-23,481","-46,604",2025-01-26 19:50:00,0.39,4,19,2025-01-26
385647,SÃO PAULO,355030879A,SP,Avenida Tucuruvi,"-23,481","-46,604",2025-01-26 20:00:00,0.2,4,20,2025-01-26
385648,SÃO PAULO,355030879A,SP,Avenida Tucuruvi,"-23,481","-46,604",2025-01-26 20:10:00,0.39,4,20,2025-01-26
385649,SÃO PAULO,355030879A,SP,Avenida Tucuruvi,"-23,481","-46,604",2025-01-26 20:20:00,0.59,4,20,2025-01-26
385650,SÃO PAULO,355030879A,SP,Avenida Tucuruvi,"-23,481","-46,604",2025-01-26 20:30:00,0.39,4,20,2025-01-26
385651,SÃO PAULO,355030879A,SP,Avenida Tucuruvi,"-23,481","-46,604",2025-01-26 20:40:00,0.2,4,20,2025-01-26
385652,SÃO PAULO,355030879A,SP,Avenida Tucuruvi,"-23,481","-46,604",2025-01-26 20:50:00,0.0,4,20,2025-01-26
385653,SÃO PAULO,355030879A,SP,Avenida Tucuruvi,"-23,481","-46,604",2025-01-26 21:00:00,0.59,4,21,2025-01-26
385654,SÃO PAULO,355030879A,SP,Avenida Tucuruvi,"-23,481","-46,604",2025-01-26 21:10:00,0.59,4,21,2025-01-26
385655,SÃO PAULO,355030879A,SP,Avenida Tucuruvi,"-23,481","-46,604",2025-01-26 21:20:00,0.39,4,21,2025-01-26
385656,SÃO PAULO,355030879A,SP,Avenida Tucuruvi,"-23,481","-46,604",2025-01-26 21:30:00,0.2,4,21,2025-01-26
385657,SÃO PAULO,355030879A,SP,Avenida Tucuruvi,"-23,481","-46,604",2025-01-26 21:40:00,0.2,4,21,2025-01-26
385658,SÃO PAULO,355030879A,SP,Avenida Tucuruvi,"-23,481","-46,604",2025-01-26 21:50:00,0.0,4,21,2025-01-26
385659,SÃO PAULO,355030879A,SP,Avenida Tucuruvi,"-23,481","-46,604",2025-01-26 22:50:00,0.0,4,22,2025-01-26
385660,SÃO PAULO,355030879A,SP,Avenida Tucuruvi,"-23,481","-46,604",2025-01-26 23:40:00,0.2,4,23,2025-01-26
385661,SÃO PAULO,355030879A,SP,Avenida Tucuruvi,"-23,481","-46,604",2025-01-27 00:00:00,0.0,5,0,2025-01-27
385662,SÃO PAULO,355030879A,SP,Avenida Tucuruvi,"-23,481","-46,604",2025-01-27 00:50:00,0.0,5,0,2025-01-27
385663,SÃO PAULO,355030879A,SP,Avenida Tucuruvi,"-23,481","-46,604",2025-01-27 01:50:00,0.0,5,1,2025-01-27
385664,SÃO PAULO,355030879A,SP,Avenida Tucuruvi,"-23,481","-46,604",2025-01-27 02:50:00,0.0,5,2,2025-01-27
385665,SÃO PAULO,355030879A,SP,Avenida Tucuruvi,"-23,481","-46,604",2025-01-27 03:50:00,0.0,5,3,2025-01-27
385666,SÃO PAULO,355030879A,SP,Avenida Tucuruvi,"-23,481","-46,604",2025-01-27 04:50:00,0.0,5,4,2025-01-27
385667,SÃO PAULO,355030879A,SP,Avenida Tucuruvi,"-23,481","-46,604",2025-01-27 05:50:00,0.0,5,5,2025-01-27
385668,SÃO PAULO,355030879A,SP,Avenida Tucuruvi,"-23,481","-46,604",2025-01-27 06:50:00,0.0,5,6,2025-01-27
385669,SÃO PAULO,355030879A,SP,Avenida Tucuruvi,"-23,481","-46,604",2025-01-27 07:50:00,0.0,5,7,2025-01-27
385670,SÃO PAULO,355030879A,SP,Avenida Tucuruvi,"-23,481","-46,604",2025-01-27 08:50:00,0.0,5,8,2025-01-27
385671,SÃO PAULO,355030879A,SP,Avenida Tucuruvi,"-23,481","-46,604",2025-01-27 09:50:00,0.0,5,9,2025-01-27
385672,SÃO PAULO,355030879A,SP,Avenida Tucuruvi,"-23,481","-46,604",2025-01-27 10:50:00,0.0,5,10,2025-01-27
385673,SÃO PAULO,355030879A,SP,Avenida Tucuruvi,"-23,481","-46,604",2025-01-27 11:50:00,0.0,5,11,2025-01-27
385674,SÃO PAULO,355030879A,SP,Avenida Tucuruvi,"-23,481","-46,604",2025-01-27 12:50:00,0.0,5,12,2025-01-27
385675,SÃO PAULO,355030879A,SP,Avenida Tucuruvi,"-23,481","-46,604",2025-01-27 13:50:00,0.0,5,13,2025-01-27
385676,SÃO PAULO,355030879A,SP,Avenida Tucuruvi,"-23,481","-46,604",2025-01-27 14:30:00,0.79,5,14,2025-01-27
385677,SÃO PAULO,355030879A,SP,Avenida Tucuruvi,"-23,481","-46,604",2025-01-27 14:50:00,0.2,5,14,2025-01-27
385678,SÃO PAULO,355030879A,SP,Avenida Tucuruvi,"-23,481","-46,604",2025-01-27 15:50:00,0.0,5,15,2025-01-27
385679,SÃO PAULO,355030879A,SP,Avenida Tucuruvi,"-23,481","-46,604",2025-01-27 16:50:00,0.0,5,16,2025-01-27
385680,SÃO PAULO,355030879A,SP,Avenida Tucuruvi,"-23,481","-46,604",2025-01-27 17:50:00,0.0,5,17,2025-01-27
385681,SÃO PAULO,355030879A,SP,Avenida Tucuruvi,"-23,481","-46,604",2025-01-27 18:50:00,0.0,5,18,2025-01-27
385682,SÃO PAULO,355030879A,SP,Avenida Tucuruvi,"-23,481","-46,604",2025-01-27 19:50:00,0.0,5,19,2025-01-27
385683,SÃO PAULO,355030879A,SP,Avenida Tucuruvi,"-23,481","-46,604",2025-01-27 20:00:00,2.36,5,20,2025-01-27
385684,SÃO PAULO,355030879A,SP,Avenida Tucuruvi,"-23,481","-46,604",2025-01-27 20:10:00,1.37,5,20,2025-01-27
385685,SÃO PAULO,355030879A,SP,Avenida Tucuruvi,"-23,481","-46,604",2025-01-27 20:20:00,0.2,5,20,2025-01-27
385686,SÃO PAULO,355030879A,SP,Avenida Tucuruvi,"-23,481","-46,604",2025-01-27 20:30:00,0.2,5,20,2025-01-27
385687,SÃO PAULO,355030879A,SP,Avenida Tucuruvi,"-23,481","-46,604",2025-01-27 20:40:00,0.2,5,20,2025-01-27
385688,SÃO PAULO,355030879A,SP,Avenida Tucuruvi,"-23,481","-46,604",2025-01-27 20:50:00,0.0,5,20,2025-01-27
385689,SÃO PAULO,355030879A,SP,Avenida Tucuruvi,"-23,481","-46,604",2025-01-27 21:50:00,0.0,5,21,2025-01-27
385690,SÃO PAULO,355030879A,SP,Avenida Tucuruvi,"-23,481","-46,604",2025-01-27 22:50:00,0.0,5,22,2025-01-27
385691,SÃO PAULO,355030879A,SP,Avenida Tucuruvi,"-23,481","-46,604",2025-01-27 23:50:00,0.0,5,23,2025-01-27
385692,SÃO PAULO,355030879A,SP,Avenida Tucuruvi,"-23,481","-46,604",2025-01-28 00:50:00,0.0,5,0,2025-01-28
385693,SÃO PAULO,355030879A,SP,Avenida Tucuruvi,"-23,481","-46,604",2025-01-28 01:50:00,0.0,5,1,2025-01-28
385694,SÃO PAULO,355030879A,SP,Avenida Tucuruvi,"-23,481","-46,604",2025-01-28 02:50:00,0.0,5,2,2025-01-28
385695,SÃO PAULO,355030879A,SP,Avenida Tucuruvi,"-23,481","-46,604",2025-01-28 03:50:00,0.0,5,3,2025-01-28
385696,SÃO PAULO,355030879A,SP,Avenida Tucuruvi,"-23,481","-46,604",2025-01-28 04:50:00,0.0,5,4,2025-01-28
385697,SÃO PAULO,355030879A,SP,Avenida Tucuruvi,"-23,481","-46,604",2025-01-28 05:50:00,0.0,5,5,2025-01-28
385698,SÃO PAULO,355030879A,SP,Avenida Tucuruvi,"-23,481","-46,604",2025-01-28 06:50:00,0.0,5,6,2025-01-28
385699,SÃO PAULO,355030879A,SP,Avenida Tucuruvi,"-23,481","-46,604",2025-01-28 07:50:00,0.0,5,7,2025-01-28
385700,SÃO PAULO,355030879A,SP,Avenida Tucuruvi,"-23,481","-46,604",2025-01-28 08:50:00,0.0,5,8,2025-01-28
385701,SÃO PAULO,355030879A,SP,Avenida Tucuruvi,"-23,481","-46,604",2025-01-28 09:50:00,0.0,5,9,2025-01-28
385702,SÃO PAULO,355030879A,SP,Avenida Tucuruvi,"-23,481","-46,604",2025-01-28 10:50:00,0.0,5,10,2025-01-28
385703,SÃO PAULO,355030879A,SP,Avenida Tucuruvi,"-23,481","-46,604",2025-01-28 11:50:00,0.0,5,11,2025-01-28
385704,SÃO PAULO,355030879A,SP,Avenida Tucuruvi,"-23,481","-46,604",2025-01-28 12:50:00,0.0,5,12,2025-01-28
385705,SÃO PAULO,355030879A,SP,Avenida Tucuruvi,"-23,481","-46,604",2025-01-28 13:50:00,0.0,5,13,2025-01-28
385706,SÃO PAULO,355030879A,SP,Avenida Tucuruvi,"-23,481","-46,604",2025-01-28 14:50:00,0.0,5,14,2025-01-28
385707,SÃO PAULO,355030879A,SP,Avenida Tucuruvi,"-23,481","-46,604",2025-01-28 15:50:00,0.0,5,15,2025-01-28
385708,SÃO PAULO,355030879A,SP,Avenida Tucuruvi,"-23,481","-46,604",2025-01-28 16:10:00,1.97,5,16,2025-01-28
385709,SÃO PAULO,355030879A,SP,Avenida Tucuruvi,"-23,481","-46,604",2025-01-28 16:20:00,0.39,5,16,2025-01-28
385710,SÃO PAULO,355030879A,SP,Avenida Tucuruvi,"-23,481","-46,604",2025-01-28 16:30:00,0.2,5,16,2025-01-28
385711,SÃO PAULO,355030879A,SP,Avenida Tucuruvi,"-23,481","-46,604",2025-01-28 16:50:00,0.0,5,16,2025-01-28
385712,SÃO PAULO,355030879A,SP,Avenida Tucuruvi,"-23,481","-46,604",2025-01-28 17:50:00,0.0,5,17,2025-01-28
385713,SÃO PAULO,355030879A,SP,Avenida Tucuruvi,"-23,481","-46,604",2025-01-28 18:00:00,0.59,5,18,2025-01-28
385714,SÃO PAULO,355030879A,SP,Avenida Tucuruvi,"-23,481","-46,604",2025-01-28 18:10:00,1.97,5,18,2025-01-28
385715,SÃO PAULO,355030879A,SP,Avenida Tucuruvi,"-23,481","-46,604",2025-01-28 19:50:00,0.0,5,19,2025-01-28
385716,SÃO PAULO,355030879A,SP,Avenida Tucuruvi,"-23,481","-46,604",2025-01-28 20:50:00,0.0,5,20,2025-01-28
385717,SÃO PAULO,355030879A,SP,Avenida Tucuruvi,"-23,481","-46,604",2025-01-28 21:20:00,0.39,5,21,2025-01-28
385718,SÃO PAULO,355030879A,SP,Avenida Tucuruvi,"-23,481","-46,604",2025-01-28 21:30:00,0.2,5,21,2025-01-28
385719,SÃO PAULO,355030879A,SP,Avenida Tucuruvi,"-23,481","-46,604",2025-01-28 21:40:00,0.59,5,21,2025-01-28
385720,SÃO PAULO,355030879A,SP,Avenida Tucuruvi,"-23,481","-46,604",2025-01-28 21:50:00,0.39,5,21,2025-01-28
385721,SÃO PAULO,355030879A,SP,Avenida Tucuruvi,"-23,481","-46,604",2025-01-28 22:00:00,0.59,5,22,2025-01-28
385722,SÃO PAULO,355030879A,SP,Avenida Tucuruvi,"-23,481","-46,604",2025-01-28 22:10:00,0.39,5,22,2025-01-28
385723,SÃO PAULO,355030879A,SP,Avenida Tucuruvi,"-23,481","-46,604",2025-01-28 22:20:00,0.2,5,22,2025-01-28
385724,SÃO PAULO,355030879A,SP,Avenida Tucuruvi,"-23,481","-46,604",2025-01-28 22:30:00,0.39,5,22,2025-01-28
385725,SÃO PAULO,355030879A,SP,Avenida Tucuruvi,"-23,481","-46,604",2025-01-28 22:50:00,0.2,5,22,2025-01-28
385726,SÃO PAULO,355030879A,SP,Avenida Tucuruvi,"-23,481","-46,604",2025-01-28 23:00:00,0.2,5,23,2025-01-28
385727,SÃO PAULO,355030879A,SP,Avenida Tucuruvi,"-23,481","-46,604",2025-01-28 23:50:00,0.0,5,23,2025-01-28
385728,SÃO PAULO,355030879A,SP,Avenida Tucuruvi,"-23,481","-46,604",2025-01-29 00:30:00,0.2,5,0,2025-01-29
385729,SÃO PAULO,355030879A,SP,Avenida Tucuruvi,"-23,481","-46,604",2025-01-29 00:50:00,0.0,5,0,2025-01-29
385730,SÃO PAULO,355030879A,SP,Avenida Tucuruvi,"-23,481","-46,604",2025-01-29 01:50:00,0.0,5,1,2025-01-29
385731,SÃO PAULO,355030879A,SP,Avenida Tucuruvi,"-23,481","-46,604",2025-01-29 02:10:00,0.2,5,2,2025-01-29
385732,SÃO PAULO,355030879A,SP,Avenida Tucuruvi,"-23,481","-46,604",2025-01-29 02:50:00,0.0,5,2,2025-01-29
385733,SÃO PAULO,355030879A,SP,Avenida Tucuruvi,"-23,481","-46,604",2025-01-29 03:10:00,0.2,5,3,2025-01-29
385734,SÃO PAULO,355030879A,SP,Avenida Tucuruvi,"-23,481","-46,604",2025-01-29 03:50:00,0.0,5,3,2025-01-29
385735,SÃO PAULO,355030879A,SP,Avenida Tucuruvi,"-23,481","-46,604",2025-01-29 04:50:00,0.2,5,4,2025-01-29
385736,SÃO PAULO,355030879A,SP,Avenida Tucuruvi,"-23,481","-46,604",2025-01-29 05:10:00,0.2,5,5,2025-01-29
385737,SÃO PAULO,355030879A,SP,Avenida Tucuruvi,"-23,481","-46,604",2025-01-29 05:40:00,0.2,5,5,2025-01-29
385738,SÃO PAULO,355030879A,SP,Avenida Tucuruvi,"-23,481","-46,604",2025-01-29 05:50:00,0.0,5,5,2025-01-29
385739,SÃO PAULO,355030879A,SP,Avenida Tucuruvi,"-23,481","-46,604",2025-01-29 06:50:00,0.0,5,6,2025-01-29
385740,SÃO PAULO,355030879A,SP,Avenida Tucuruvi,"-23,481","-46,604",2025-01-29 07:30:00,0.2,5,7,2025-01-29
385741,SÃO PAULO,355030879A,SP,Avenida Tucuruvi,"-23,481","-46,604",2025-01-29 07:50:00,0.0,5,7,2025-01-29
385742,SÃO PAULO,355030879A,SP,Avenida Tucuruvi,"-23,481","-46,604",2025-01-29 08:50:00,0.0,5,8,2025-01-29
385743,SÃO PAULO,355030879A,SP,Avenida Tucuruvi,"-23,481","-46,604",2025-01-29 09:50:00,0.0,5,9,2025-01-29
385744,SÃO PAULO,355030879A,SP,Avenida Tucuruvi,"-23,481","-46,604",2025-01-29 10:50:00,0.0,5,10,2025-01-29
385745,SÃO PAULO,355030879A,SP,Avenida Tucuruvi,"-23,481","-46,604",2025-01-29 11:50:00,0.0,5,11,2025-01-29
385746,SÃO PAULO,355030879A,SP,Avenida Tucuruvi,"-23,481","-46,604",2025-01-29 12:50:00,0.0,5,12,2025-01-29
385747,SÃO PAULO,355030879A,SP,Avenida Tucuruvi,"-23,481","-46,604",2025-01-29 13:50:00,0.0,5,13,2025-01-29
385748,SÃO PAULO,355030879A,SP,Avenida Tucuruvi,"-23,481","-46,604",2025-01-29 14:00:00,0.2,5,14,2025-01-29
385749,SÃO PAULO,355030879A,SP,Avenida Tucuruvi,"-23,481","-46,604",2025-01-29 14:50:00,0.0,5,14,2025-01-29
385750,SÃO PAULO,355030879A,SP,Avenida Tucuruvi,"-23,481","-46,604",2025-01-29 15:00:00,0.2,5,15,2025-01-29
385751,SÃO PAULO,355030879A,SP,Avenida Tucuruvi,"-23,481","-46,604",2025-01-29 15:50:00,0.59,5,15,2025-01-29
385752,SÃO PAULO,355030879A,SP,Avenida Tucuruvi,"-23,481","-46,604",2025-01-29 16:00:00,2.16,5,16,2025-01-29
385753,SÃO PAULO,355030879A,SP,Avenida Tucuruvi,"-23,481","-46,604",2025-01-29 16:10:00,1.18,5,16,2025-01-29
385754,SÃO PAULO,355030879A,SP,Avenida Tucuruvi,"-23,481","-46,604",2025-01-29 16:20:00,0.59,5,16,2025-01-29
385755,SÃO PAULO,355030879A,SP,Avenida Tucuruvi,"-23,481","-46,604",2025-01-29 16:30:00,0.39,5,16,2025-01-29
385756,SÃO PAULO,355030879A,SP,Avenida Tucuruvi,"-23,481","-46,604",2025-01-29 16:40:00,0.2,5,16,2025-01-29
385757,SÃO PAULO,355030879A,SP,Avenida Tucuruvi,"-23,481","-46,604",2025-01-29 16:50:00,0.2,5,16,2025-01-29
385758,SÃO PAULO,355030879A,SP,Avenida Tucuruvi,"-23,481","-46,604",2025-01-29 17:00:00,0.2,5,17,2025-01-29
385759,SÃO PAULO,355030879A,SP,Avenida Tucuruvi,"-23,481","-46,604",2025-01-29 17:50:00,0.0,5,17,2025-01-29
385760,SÃO PAULO,355030879A,SP,Avenida Tucuruvi,"-23,481","-46,604",2025-01-29 18:30:00,0.59,5,18,2025-01-29
385761,SÃO PAULO,355030879A,SP,Avenida Tucuruvi,"-23,481","-46,604",2025-01-29 18:40:00,0.39,5,18,2025-01-29
385762,SÃO PAULO,355030879A,SP,Avenida Tucuruvi,"-23,481","-46,604",2025-01-29 18:50:00,0.0,5,18,2025-01-29
385763,SÃO PAULO,355030879A,SP,Avenida Tucuruvi,"-23,481","-46,604",2025-01-29 19:10:00,0.2,5,19,2025-01-29
385764,SÃO PAULO,355030879A,SP,Avenida Tucuruvi,"-23,481","-46,604",2025-01-29 19:50:00,0.0,5,19,2025-01-29
385765,SÃO PAULO,355030879A,SP,Avenida Tucuruvi,"-23,481","-46,604",2025-01-29 20:50:00,0.0,5,20,2025-01-29
385766,SÃO PAULO,355030879A,SP,Avenida Tucuruvi,"-23,481","-46,604",2025-01-29 21:50:00,0.0,5,21,2025-01-29
385767,SÃO PAULO,355030879A,SP,Avenida Tucuruvi,"-23,481","-46,604",2025-01-29 22:50:00,0.0,5,22,2025-01-29
385768,SÃO PAULO,355030879A,SP,Avenida Tucuruvi,"-23,481","-46,604",2025-01-29 23:50:00,0.0,5,23,2025-01-29
385769,SÃO PAULO,355030879A,SP,Avenida Tucuruvi,"-23,481","-46,604",2025-01-30 00:50:00,0.0,5,0,2025-01-30
385770,SÃO PAULO,355030879A,SP,Avenida Tucuruvi,"-23,481","-46,604",2025-01-30 01:50:00,0.0,5,1,2025-01-30
385771,SÃO PAULO,355030879A,SP,Avenida Tucuruvi,"-23,481","-46,604",2025-01-30 02:50:00,0.0,5,2,2025-01-30
385772,SÃO PAULO,355030879A,SP,Avenida Tucuruvi,"-23,481","-46,604",2025-01-30 03:50:00,0.0,5,3,2025-01-30
385773,SÃO PAULO,355030879A,SP,Avenida Tucuruvi,"-23,481","-46,604",2025-01-30 04:50:00,0.0,5,4,2025-01-30
385774,SÃO PAULO,355030879A,SP,Avenida Tucuruvi,"-23,481","-46,604",2025-01-30 05:50:00,0.0,5,5,2025-01-30
385775,SÃO PAULO,355030879A,SP,Avenida Tucuruvi,"-23,481","-46,604",2025-01-30 06:50:00,0.0,5,6,2025-01-30
385776,SÃO PAULO,355030879A,SP,Avenida Tucuruvi,"-23,481","-46,604",2025-01-30 07:50:00,0.0,5,7,2025-01-30
385777,SÃO PAULO,355030879A,SP,Avenida Tucuruvi,"-23,481","-46,604",2025-01-30 08:50:00,0.0,5,8,2025-01-30
385778,SÃO PAULO,355030879A,SP,Avenida Tucuruvi,"-23,481","-46,604",2025-01-30 09:50:00,0.0,5,9,2025-01-30
385779,SÃO PAULO,355030879A,SP,Avenida Tucuruvi,"-23,481","-46,604",2025-01-30 10:50:00,0.0,5,10,2025-01-30
385780,SÃO PAULO,355030879A,SP,Avenida Tucuruvi,"-23,481","-46,604",2025-01-30 11:50:00,0.0,5,11,2025-01-30
385781,SÃO PAULO,355030879A,SP,Avenida Tucuruvi,"-23,481","-46,604",2025-01-30 12:10:00,0.2,5,12,2025-01-30
385782,SÃO PAULO,355030879A,SP,Avenida Tucuruvi,"-23,481","-46,604",2025-01-30 12:50:00,0.0,5,12,2025-01-30
385783,SÃO PAULO,355030879A,SP,Avenida Tucuruvi,"-23,481","-46,604",2025-01-30 13:50:00,0.0,5,13,2025-01-30
385784,SÃO PAULO,355030879A,SP,Avenida Tucuruvi,"-23,481","-46,604",2025-01-30 14:30:00,0.2,5,14,2025-01-30
385785,SÃO PAULO,355030879A,SP,Avenida Tucuruvi,"-23,481","-46,604",2025-01-30 14:50:00,0.0,5,14,2025-01-30
385786,SÃO PAULO,355030879A,SP,Avenida Tucuruvi,"-23,481","-46,604",2025-01-30 15:40:00,0.39,5,15,2025-01-30
385787,SÃO PAULO,355030879A,SP,Avenida Tucuruvi,"-23,481","-46,604",2025-01-30 15:50:00,0.0,5,15,2025-01-30
385788,SÃO PAULO,355030879A,SP,Avenida Tucuruvi,"-23,481","-46,604",2025-01-30 16:50:00,0.0,5,16,2025-01-30
385789,SÃO PAULO,355030879A,SP,Avenida Tucuruvi,"-23,481","-46,604",2025-01-30 17:00:00,0.2,5,17,2025-01-30
385790,SÃO PAULO,355030879A,SP,Avenida Tucuruvi,"-23,481","-46,604",2025-01-30 17:10:00,0.79,5,17,2025-01-30
385791,SÃO PAULO,355030879A,SP,Avenida Tucuruvi,"-23,481","-46,604",2025-01-30 17:30:00,0.59,5,17,2025-01-30
385792,SÃO PAULO,355030879A,SP,Avenida Tucuruvi,"-23,481","-46,604",2025-01-30 17:40:00,0.79,5,17,2025-01-30
385793,SÃO PAULO,355030879A,SP,Avenida Tucuruvi,"-23,481","-46,604",2025-01-30 17:50:00,0.0,5,17,2025-01-30
385794,SÃO PAULO,355030879A,SP,Avenida Tucuruvi,"-23,481","-46,604",2025-01-30 18:00:00,0.2,5,18,2025-01-30
385795,SÃO PAULO,355030879A,SP,Avenida Tucuruvi,"-23,481","-46,604",2025-01-30 18:50:00,0.0,5,18,2025-01-30
385796,SÃO PAULO,355030879A,SP,Avenida Tucuruvi,"-23,481","-46,604",2025-01-30 19:30:00,0.79,5,19,2025-01-30
385797,SÃO PAULO,355030879A,SP,Avenida Tucuruvi,"-23,481","-46,604",2025-01-30 19:40:00,0.39,5,19,2025-01-30
385798,SÃO PAULO,355030879A,SP,Avenida Tucuruvi,"-23,481","-46,604",2025-01-30 19:50:00,1.77,5,19,2025-01-30
385799,SÃO PAULO,355030879A,SP,Avenida Tucuruvi,"-23,481","-46,604",2025-01-30 20:00:00,2.56,5,20,2025-01-30
385800,SÃO PAULO,355030879A,SP,Avenida Tucuruvi,"-23,481","-46,604",2025-01-30 20:10:00,0.2,5,20,2025-01-30
385801,SÃO PAULO,355030879A,SP,Avenida Tucuruvi,"-23,481","-46,604",2025-01-30 20:30:00,0.2,5,20,2025-01-30
385802,SÃO PAULO,355030879A,SP,Avenida Tucuruvi,"-23,481","-46,604",2025-01-30 20:40:00,0.2,5,20,2025-01-30
385803,SÃO PAULO,355030879A,SP,Avenida Tucuruvi,"-23,481","-46,604",2025-01-30 20:50:00,0.0,5,20,2025-01-30
385804,SÃO PAULO,355030879A,SP,Avenida Tucuruvi,"-23,481","-46,604",2025-01-30 21:00:00,0.2,5,21,2025-01-30
385805,SÃO PAULO,355030879A,SP,Avenida Tucuruvi,"-23,481","-46,604",2025-01-30 21:10:00,0.2,5,21,2025-01-30
385806,SÃO PAULO,355030879A,SP,Avenida Tucuruvi,"-23,481","-46,604",2025-01-30 21:20:00,1.18,5,21,2025-01-30
385807,SÃO PAULO,355030879A,SP,Avenida Tucuruvi,"-23,481","-46,604",2025-01-30 21:30:00,0.59,5,21,2025-01-30
385808,SÃO PAULO,355030879A,SP,Avenida Tucuruvi,"-23,481","-46,604",2025-01-30 22:20:00,0.2,5,22,2025-01-30
385809,SÃO PAULO,355030879A,SP,Avenida Tucuruvi,"-23,481","-46,604",2025-01-30 22:50:00,0.2,5,22,2025-01-30
385810,SÃO PAULO,355030879A,SP,Avenida Tucuruvi,"-23,481","-46,604",2025-01-30 23:00:00,0.2,5,23,2025-01-30
385811,SÃO PAULO,355030879A,SP,Avenida Tucuruvi,"-23,481","-46,604",2025-01-30 23:50:00,0.0,5,23,2025-01-30
385812,SÃO PAULO,355030879A,SP,Avenida Tucuruvi,"-23,481","-46,604",2025-01-31 00:50:00,0.0,5,0,2025-01-31
385813,SÃO PAULO,355030879A,SP,Avenida Tucuruvi,"-23,481","-46,604",2025-01-31 01:10:00,0.2,5,1,2025-01-31
385814,SÃO PAULO,355030879A,SP,Avenida Tucuruvi,"-23,481","-46,604",2025-01-31 01:50:00,0.0,5,1,2025-01-31
385815,SÃO PAULO,355030879A,SP,Avenida Tucuruvi,"-23,481","-46,604",2025-01-31 02:50:00,0.0,5,2,2025-01-31
385816,SÃO PAULO,355030879A,SP,Avenida Tucuruvi,"-23,481","-46,604",2025-01-31 03:50:00,0.0,5,3,2025-01-31
385817,SÃO PAULO,355030879A,SP,Avenida Tucuruvi,"-23,481","-46,604",2025-01-31 04:30:00,0.98,5,4,2025-01-31
385818,SÃO PAULO,355030879A,SP,Avenida Tucuruvi,"-23,481","-46,604",2025-01-31 04:40:00,1.57,5,4,2025-01-31
385819,SÃO PAULO,355030879A,SP,Avenida Tucuruvi,"-23,481","-46,604",2025-01-31 04:50:00,0.0,5,4,2025-01-31
385820,SÃO PAULO,355030879A,SP,Avenida Tucuruvi,"-23,481","-46,604",2025-01-31 05:00:00,0.2,5,5,2025-01-31
385821,SÃO PAULO,355030879A,SP,Avenida Tucuruvi,"-23,481","-46,604",2025-01-31 05:50:00,0.0,5,5,2025-01-31
385822,SÃO PAULO,355030879A,SP,Avenida Tucuruvi,"-23,481","-46,604",2025-01-31 06:50:00,0.0,5,6,2025-01-31
385823,SÃO PAULO,355030879A,SP,Avenida Tucuruvi,"-23,481","-46,604",2025-01-31 07:50:00,0.0,5,7,2025-01-31
385824,SÃO PAULO,355030879A,SP,Avenida Tucuruvi,"-23,481","-46,604",2025-01-31 08:50:00,0.0,5,8,2025-01-31
385825,SÃO PAULO,355030879A,SP,Avenida Tucuruvi,"-23,481","-46,604",2025-01-31 09:50:00,0.2,5,9,2025-01-31
385826,SÃO PAULO,355030879A,SP,Avenida Tucuruvi,"-23,481","-46,604",2025-01-31 10:50:00,0.0,5,10,2025-01-31
385827,SÃO PAULO,355030879A,SP,Avenida Tucuruvi,"-23,481","-46,604",2025-01-31 11:50:00,0.0,5,11,2025-01-31
385828,SÃO PAULO,355030879A,SP,Avenida Tucuruvi,"-23,481","-46,604",2025-01-31 12:50:00,0.0,5,12,2025-01-31
385829,SÃO PAULO,355030879A,SP,Avenida Tucuruvi,"-23,481","-46,604",2025-01-31 13:50:00,0.0,5,13,2025-01-31
385830,SÃO PAULO,355030879A,SP,Avenida Tucuruvi,"-23,481","-46,604",2025-01-31 14:50:00,0.0,5,14,2025-01-31
385831,SÃO PAULO,355030879A,SP,Avenida Tucuruvi,"-23,481","-46,604",2025-01-31 15:50:00,0.0,5,15,2025-01-31
385832,SÃO PAULO,355030879A,SP,Avenida Tucuruvi,"-23,481","-46,604",2025-01-31 16:50:00,0.0,5,16,2025-01-31
385833,SÃO PAULO,355030879A,SP,Avenida Tucuruvi,"-23,481","-46,604",2025-01-31 17:50:00,0.0,5,17,2025-01-31
385834,SÃO PAULO,355030879A,SP,Avenida Tucuruvi,"-23,481","-46,604",2025-01-31 18:50:00,0.0,5,18,2025-01-31
385835,SÃO PAULO,355030879A,SP,Avenida Tucuruvi,"-23,481","-46,604",2025-01-31 19:50:00,0.0,5,19,2025-01-31
385836,SÃO PAULO,355030879A,SP,Avenida Tucuruvi,"-23,481","-46,604",2025-01-31 20:50:00,0.0,5,20,2025-01-31
385837,SÃO PAULO,355030879A,SP,Avenida Tucuruvi,"-23,481","-46,604",2025-01-31 21:50:00,0.0,5,21,2025-01-31
385838,SÃO PAULO,355030879A,SP,Avenida Tucuruvi,"-23,481","-46,604",2025-01-31 22:50:00,0.0,5,22,2025-01-31
385839,SÃO PAULO,355030879A,SP,Avenida Tucuruvi,"-23,481","-46,604",2025-01-31 23:50:00,0.0,5,23,2025-01-31
